# --------------------------------------------------------
# Host:                         127.0.0.1
# Database:                     mml
# Server version:               5.1.48-community
# Server OS:                    Win32
# HeidiSQL version:             5.0.0.3272
# Date/time:                    2011-07-25 09:06:58
# --------------------------------------------------------

/*!40101 SET @OLD_CHARACTER_SET_CLIENT=@@CHARACTER_SET_CLIENT */;
/*!40101 SET NAMES utf8 */;
/*!40014 SET @OLD_FOREIGN_KEY_CHECKS=@@FOREIGN_KEY_CHECKS, FOREIGN_KEY_CHECKS=0 */;
/*!40101 SET @OLD_SQL_MODE=@@SQL_MODE, SQL_MODE='NO_AUTO_VALUE_ON_ZERO' */;
# Dumping data for table mml.categories: 10 rows
/*!40000 ALTER TABLE `categories` DISABLE KEYS */;
INSERT INTO `categories` (`id`, `parent_id`, `name`, `sel_rank`) VALUES (1, 0, 'Compounded', 1), (2, 0, 'Dispensed', 10), (3, 1, 'Vitamin', 2), (4, 1, 'Micronutrient', 3), (5, 1, 'Antioxidant', 4), (6, 1, 'Amino Acid', 5), (7, 1, 'Weight Loss', 6), (8, 1, 'Digestive Support', 7), (9, 1, 'Immune', 8), (10, 1, 'Herbal Extract', 9);
/*!40000 ALTER TABLE `categories` ENABLE KEYS */;

# Dumping data for table mml.customers: 151 rows
/*!40000 ALTER TABLE `customers` DISABLE KEYS */;
INSERT INTO `customers` (`id`, `hospital_id`, `account_name`, `billing_address`) VALUES (1, NULL, 'Customer Acc. 1', NULL), (12, 3, 'นพ.สมชาย จันทร์สว่าง  @ ﻿รพ.กรุงเทพ ', NULL), (13, 4, 'ดร.ทวีศักดิ์ มหชวโรจน์  @ รพ.กรุงเทพคริสเตียน ', NULL), (14, 5, 'พล.ร.ต.นพ.สุรเชษฐ สู่พานิช  @ รพ.กรุงธน ', NULL), (15, 6, 'นพ.ไศล สุขพันธ์โพธาราม  @ รพ.กรุงธน2 ', NULL), (16, 7, 'นพ.สุวัฒน์ วิทยาคม  @ รพ.กรุณาพิทักษ์ ', NULL), (17, 8, 'คุณพูลชัย ชเนศร์  @ รพ.กล้วยน้ำไท ', NULL), (18, 9, 'นพ.ฐิติ พัฒนกำจร  @ รพ.เกษมราษฎร์สุขาภิบาล3 ', NULL), (19, 10, 'นพ.สุวิทย์ โฆษิตสุรังคกุล  @ รพ.เกษมราษฎร์ บางแค ', NULL), (20, 11, 'นพ.ธวัชชัย วานิชกร  @ รพ.เกษมราษฎร์ ประชาชื่น ', NULL), (21, 12, 'นพ.ชัยพฤกษ์ ปิยะเกศิน  @ รพ.คามิลเลียน ', NULL), (22, 13, 'นพ.นพรัตน์ สุจริตจันทร์  @ รพ.จักษุ รัตนิน ', NULL), (23, 14, 'นพ.จงเจตน์ อาวเจนพงษ์  @ รพ.เจตนิน ', NULL), (24, 15, 'นพ.จำเริญ สรพิพัฒน์  @ รพ.เจ้าพระยา ', NULL), (25, 16, 'นพ.สุชัย หยองอนุกูล์  @ รพ.เซนต์คาร์ลอส ', NULL), (26, 17, 'ศ.นพ.จิตร สิทธิอมร  @ รพ.เซนต์หลุยส์ ', NULL), (27, 18, 'พญ.ลักษมี ว่องกุศลกิจ  @ รพ.เซ็นทรัลเยนเนอรัล ', NULL), (28, 19, 'นพ.สราวุธ อนันต์เศรษฐกุล  @ รพ.เดชา ', NULL), (29, 20, 'นพ.ศุภชัย โชติบุตร  @ รพ.ตา หู คอ จมูก ', NULL), (30, 21, 'ศ.นพ.เทพ หิมะทองคำ  @ รพ.เทพธารินทร์ ', NULL), (31, 22, 'นพ.เจริญ มีนสุข  @ รพ.ไทยนครินทร์ ', NULL), (32, 23, 'คุณเฉลิมกุล อภิกุลโอภาส  @ รพ.ธนบุรี ', NULL), (33, 24, 'นพ.วิโรจน์ ตระการวิจิตร  @ รพ.นครธน ', NULL), (34, 25, 'นพ.ประจักษ์ บุญจิตต์พิมล  @ รพ.นวมินทร์ ', NULL), (35, 26, 'นพ.อรรคพาสน์ โอวาทตระกูล  @ รพ.นวมินทร์ 9 ', NULL), (36, 27, 'พญ..เจรียง จันทรกมล  @ รพ.บางกอก 9 อินเตอร์เนชั่นแนล ', NULL), (37, 28, 'พญ.ลินดา ไกรวิทย์  @ รพ.บางกอกเนอสซิ่งโฮม ', NULL), (38, 29, 'นพ.ชุตินันท์ พรมมินทร์  @ รพ.บางนา ', NULL), (39, 30, 'นพ.วีระ อิงคภาสกร  @ รพ.บางปะกอก 1 ', NULL), (40, 31, 'นพ.มานิตย์ จารุวรรณ  @ รพ.บางปะกอก 2 บางบอน ', NULL), (41, 32, 'พญ.ศศิธร พงษ์สามารถ  @ รพ.บางไผ่ ', NULL), (42, 33, 'นพ.เกตุ สายเพชร์  @ รพ.บางโพ ', NULL), (43, 34, 'นพ.สุรสิทธิ์ อัศดามงคล  @ รพ.บางมด ', NULL), (44, 35, 'คุณแม็ค แบนเนอร์  @ รพ.บำรุงราษฎร์ ', NULL), (45, 36, 'รออ.นพ.พิทักษ์ ฐานบัญชา  @ รพ.บีแคร์ ', NULL), (46, 37, '   @ รพ.ปิยะเวท ', NULL), (47, 38, 'นพ.พิชัย แพร่ภัทร  @ รพ.เปาโล เมโมเรียล ', NULL), (48, 39, 'นพ.นพรัตน์ โง้วจุงดี  @ รพ.เปาโล เมโมเรียล โชคชัย 4 ', NULL), (49, 40, 'คุณไกรวิน ศรีไกรวิน  @ รพ.พญาไท 1 ', NULL), (50, 41, 'คุณธนา ถิรมนัส  @ รพ.พญาไท 2 ', NULL), (51, 42, 'นพ.อนันตศักดิ์ อภัยรัตน์  @ รพ.พญาไท 3 ', NULL), (52, 43, 'นพ.ปรีชา เลิศศิวาพร  @ รพ.พระราม 2 ', NULL), (53, 44, 'นพ.เสถียร ภู่ประเสริฐ  @ รพ.พระรามเก้า ', NULL), (54, 45, 'นพ.พิชิต ยิ่งเจริญ  @ รพ.เพชรเกษม-บางแค ', NULL), (55, 46, 'นพ.ชนะ ตันจันทร์พงษ์  @ รพ.เพชรเวช ', NULL), (56, 47, 'นพ.สวัสดิ์ เถกิงเดช  @ รพ.แพทย์ปัญญา ', NULL), (57, 48, 'นพ.เหรียญทอง แน่นหนา  @ รพ.มงกุฎวัฒนะ ', NULL), (58, 49, 'นพ.ชูเกียรติ ศุภนันตฤกษ์  @ รพ.มเหสักข์ ', NULL), (59, 50, 'คุณสมชัย ชื่นจิตร  @ รพ.มิชชั่น ', NULL), (60, 51, 'นพ.ภาวิต ปุญญฤทธ์  @ รพ.เมโย ', NULL), (61, 52, 'นพ. เกริกยศ ชลายนเดชะ  @ รพ.ยันฮี ', NULL), (62, 53, 'นพ.ธวัชชัย เจริญวงศ์  @ รพ.เยาวรักษ์ ', NULL), (63, 54, 'ทพ.เจิมพล ภูมิตระกูล  @ รพ.รามคำแหง ', NULL), (64, 55, 'คุณนิตยา ปรีชายุทธ  @ รพ.ราษฎร์บูรณะ ', NULL), (65, 56, 'นพ.วรพงศ์ จูตะวิริยะ  @ รพ.ลาดพร้าว ', NULL), (66, 57, 'พล.ท.นพ.ณรงค์ รอดวรรณะ  @ รพ.วิชัยยุทธ ', NULL), (67, 58, 'พล.ท.นพ.พร้อมพงษ์ พีระบูล  @ รพ.วิภาวดี ', NULL), (68, 59, 'นพ.ไพบูลย์ เอกแสงศรี  @ รพ.วิภาราม ', NULL), (69, 60, 'ร.อ.ชาคริต ศึกษากิจ  @ รพ.เวชธานี ', NULL), (70, 61, 'นพ.ถนอมชัย คู่ทวีธรรม  @ รพ.ศรีวิชัย 1 ', NULL), (71, 62, 'นพ.สุรพล โล่สิริวัฒน์  @ รพ.ศรีวิชัย 2 ', NULL), (72, 63, 'นพ.นิพนธ์ ธีราโมก  @ รพ.เปาโลเมโมเรียล นวมินทร์ ', NULL), (73, 64, 'นพ.ธงชัย ฉัตรยิ่งมงคล  @ รพ.ศิครินทร์ ', NULL), (74, 65, 'นพ.เทอดศักดิ์ ปรมากูล  @ รพ.ศูนย์มะเร็งกรุงเทพฯ ', NULL), (75, 66, 'นพ.โชคชัย จารุศิริพิพัฒน์  @ รพ.สมิติเวช สุขุมวิท ', NULL), (76, 67, 'นพ.ดุลย์ ดำรงศักดิ์  @ รพ.สมิติเวชศรีนครินทร์ ', NULL), (77, 68, 'น.ท.พญ.ลักษมี ว่องกุศลกิจ  @ รพ.สายไหม ', NULL), (78, 69, 'นพ.ศิริพงษ์ เหลืองวารินกุล  @ รพ.สินแพทย์ ', NULL), (79, 70, 'นพ.ดาวิน นารูลา  @ รพ.สุขุมวิท ', NULL), (80, 71, 'นพ.พรชัย ตั้งลัคนวาณิชย์  @ รพ.หัวเฉียว ', NULL), (81, 72, 'นพ.ไกรสิทธิ์ นฤขัตพิชัย  @ รพ.มนารมย์ ', NULL), (82, 73, 'นพ.ตุลวรรธน์ พัชราภา  @ รพ.เกษมราษฎร์รัตนาธิฯ ', NULL), (83, 74, 'คุณกมลวรรณ ลักษณะกาญจน์  @ รพ.แม่น้ำ ', NULL), (84, 75, 'นพ.พรมพันธ์ พรมมาส  @ รพ.นนทเวช ', NULL), (85, 76, 'นพ.อนันต์ ธรรมจำรัสศรี  @ รพ.อนันต์พัฒนา 2 ', NULL), (86, 77, 'นพ.สุชัย หยองอนุกูล  @ รพ.กรุงสยามเซนต์คาร์ลอส ', NULL), (87, 78, 'นพ.กฤชรัตน์ ตระกูลช่าง  @ รพ.แพทย์รังสิต ', NULL), (88, 79, 'คุณพูนศักดิ์ จรูญศิริ  @ รพ.ภัทร-ธนบุรี ', NULL), (89, 80, 'นพ.สุนทร อันตรเสน  @ รพ.เอกปทุม ', NULL), (90, 81, 'นพ.ส่งเสริม พานิชาภรณ์  @ รพ.นวนครการแพทย์ ', NULL), (91, 82, 'นพ.สุธีร์ สทุมถิระ  @ รพ.ปทุมเวช ', NULL), (92, 83, 'นพ.บุญชัย อิศราพิสิษฐ์  @ รพ.ราชธานี ', NULL), (93, 84, 'คุณวิโรจน์ อภิสิทธิ์วิทยา  @ รพ.ศุภมิตรเสนา ', NULL), (94, 85, 'นพ.ณรงค์ฤทธิ์ ฮาวรังษี  @ รพ.กรุงเทพพระประแดง ', NULL), (95, 211, 'นพ.ณรงค์ฤทธิ์ ฮาวรังษี  @ รพ.กรุงเทพหาดใหญ่ ', NULL), (96, 86, 'นพ.กำพล พลัสสินทร์  @ รพ.จุฬารัตน์ ', NULL), (97, 87, 'นพ.กำพล พลัสสินทร์  @ รพ.จุฬารัตน์ 3 ', NULL), (98, 86, 'นพ.กำพล พลัสสินทร์  @ รพ.จุฬารัตน์ ', NULL), (99, 87, 'นพ.กำพล พลัสสินทร์  @ รพ.จุฬารัตน์ 3 ', NULL), (100, 88, 'นพ.ยุทธนา สงวนศักดิ์โกศล  @ รพ.จุฬารัตน์ 9 ', NULL), (101, 89, 'นพ.ภาสกร รักษ์กุล  @ รพ.ชัยปราการ ', NULL), (102, 90, 'นพ.อนันต์ อธิพันธุ์อำไพ  @ รพ.เซ็นทรัลปาร์ค ', NULL), (103, 91, 'นพ.นิคม ศิริชัย  @ รพ.บางปะกอก 3 ', NULL), (104, 92, 'นพ.ต่อพงศ์ อัศวิษณุ  @ รพ.ปิยะมินทร์ ', NULL), (105, 93, 'นพ.พิพัฒน์ พงศ์รัตนามาน  @ รพ.เมืองสมุทร ', NULL), (106, 94, 'นพ.พิพัฒน์ พงศ์รัตนามาน  @ รพ.เมืองสมุทรปู่เจ้าฯ ', NULL), (107, 93, 'นพ.พิพัฒน์ พงศ์รัตนามาน  @ รพ.เมืองสมุทร ', NULL), (108, 94, 'นพ.พิพัฒน์ พงศ์รัตนามาน  @ รพ.เมืองสมุทรปู่เจ้าฯ ', NULL), (109, 95, 'คุณธนวัฒน์ ทวีชัยถาวร  @ รพ.รวมชัยประชารักษ์ ', NULL), (110, 96, 'นพ.เขตโสภณ จัตวัฒนกุล  @ รพ.รัทรินทร์ ', NULL), (111, 97, 'นพ.โอภาส สินเพิ่มสุขสกุล  @ รพ.เปาโลเมโมเรียล สมุทรปราการ ', NULL), (112, 98, 'นพ.ศิริพงษ์ วิทยเลิศปัญญา  @ รพ.สำโรงการแพทย์ ', NULL), (113, 99, 'นพ.สุเทพ วัตถุศิลป์  @ รพ.รวมแพทย์ ชัยนาท ', NULL), (114, 100, 'นพ.พงษ์เทพ เลิศสุวรรณสิทธิ์  @ รพ.สุวรรณเวช ', NULL), (115, 101, 'นพ.วราศักดิ์ ไกรฤกษ์  @ รพ.เบญจรมย์ ', NULL), (116, 102, 'พญ.วรินทร อัศวนิก  @ รพ.เมืองนารายณ์ ', NULL), (117, 103, 'นพ.สมเจษฎ์ ไกรโรจนานันท์  @ รพ.เกษมราษฎร์ สระบุรี ', NULL), (118, 104, 'นพ.พนม สนิทประชากร  @ รพ.มิตรภาพ เมโมเรียล ', NULL), (119, 105, 'คุณไชยวัฒน์ วีระสมบัติ  @ รพ.คริสเตียนไชยวัฒน์ ', NULL), (120, 106, 'นพ.ประเจิด สุรีย์จามร  @ รพ.สิงห์บุรีเวชการ ', NULL), (121, 107, 'นพ.วิวัฒน์ กิตติวัฒนโชติ  @ รพ.ธนบุรี-อู่ทอง ', NULL), (122, 108, 'นพ.สำเริง ศรีผุดผ่อง  @ รพ.หมอสำเริง ', NULL), (123, 109, 'นพ.บุญชัย บุญแสง  @ รพ.พรชัย ', NULL), (124, 110, 'นพ.เมธ โชคชัยชาญ  @ รพ.ศุภมิตร ', NULL), (125, 111, 'นพ.ทรงกิจ สุทธิกาญจน์  @ รพ.ปิยราษฎร์ ', NULL), (126, 112, 'นพ.จารุวัฑ ใช้ความเพียร  @ รพ.กรุงเทพจันทบุรี ', NULL), (127, 113, 'นพ.กำธร ศิริธัญญาลักษณ์  @ รพ.สิริเวช ', NULL), (128, 114, 'พญ.ชุติมา ปิ่นเจริญ  @ รพ.จุฬารัตน์ 11 ', NULL), (129, 115, 'นพ.การุณ พุทธภาวนา  @ รพ.โสธราเวช ', NULL), (130, 116, 'นพ.พิชิต กังวลกิจ  @ รพ.กรุงเทพพัทยา ', NULL), (131, 117, 'พญ.วิมล สุรินทราบูรณ์  @ รพ.ชลเวช ', NULL), (132, 118, 'นพ.ธนาคม แมนธนานนท์  @ รพ.พญาไทศรีราชา ', NULL), (133, 119, 'นพ.สมเกียรติ ธนไพศาลพิพัฒน์  @ รพ.พัทยาเมโมเรียล ', NULL), (134, 120, 'คุณอุไรวรรณ เทพนมรัตน์  @ รพ.พัทยาอินเตอร์ ', NULL), (135, 121, 'นพ.ชัยรัตน์ ปัณฑุรอัมพร  @ รพ.สมิติเวช ศรีราชา ', NULL), (136, 122, 'ผศ.รังสรรค์ สุฉันทบุตร  @ รพ.แหลมฉบังอินเตอร์ ', NULL), (137, 123, 'นพ.จรัล ใจแพทย์  @ รพ.เอกชล ', NULL), (138, 124, 'นพ.สานิตย์ ชากฤษณ์  @ รพ.เอกชล 2 ', NULL), (139, 125, 'พญ.สุดจิต ลิขสิทธิ์ศุภการ  @ รพ.กรุงเทพตราด ', NULL), (140, 126, 'นพ.นิยม สลิสอำไพ  @ รพ.มงกุฎ ระยอง ', NULL), (141, 127, 'นพ.กริช สัตยบุตร  @ รพ.รวมแพทย์ระยอง ', NULL), (142, 128, 'นพ.วิโรจน์ ดิเรกสถาพร  @ รพ.กรุงเทพคริสเตียน ', NULL), (143, 129, 'นพ.วรวิทย์ วัชโรทยางกูร  @ รพ.เทพากร ', NULL), (144, 130, 'นพ.จรัสพงษ์ ทังสุบุตร  @ รพ.ศาลายา ', NULL), (145, 131, 'นพ.ทรงชัย ศรีโรจนกุล  @ รพ.สนามจันทร์ ', NULL), (146, 132, 'นพ.เอกลาภ ทองบริสุทธิ์  @ รพ.ซาน เปา โล หัวหิน ', NULL), (147, 133, 'ภญ.รพีพร กิตติวงศ์โสภณ  @ รพ.เมืองเพชร-ธนบุรี ', NULL), (148, 134, 'นพ.สัมฤทธิ์ สินธัญญาธรรม  @ รพ.เพชรรัชต์ ', NULL), (149, 135, 'คุณจิรวัฒน์ สุจิรานุธรรม  @ รพ.ซานคามิลโล ', NULL), (150, 136, 'นพ.ประสงค์ ประภาวงศ์  @ รพ.พร้อมแพทย์ ', NULL), (151, 137, 'นพ.กมิล ปั้นประสงค์  @ รพ.เมืองราช ', NULL), (152, 138, 'พญ.สุวรรณา ชูพิศาลยโรจน์  @ รพ.แม่กลอง 2 ', NULL), (153, 139, 'นพ.อิทธิ ฉันศิริกาญจน  @ รพ.มหาชัย ', NULL), (154, 140, 'พญ.ดาวัลย์ อนุวุฒินาวิน  @ รพ.มหาชัย 2 ', NULL), (155, 141, 'นพ.พงษ์ศักดิ์ วัฒนา  @ รพ.ศรีวิชัย 3 ', NULL), (156, 142, 'พญ.สายสุนี วรรณดุรงค์วรรณ  @ รพ.ศรีวิชัย 5 ', NULL), (157, 143, 'นพ.เกรียงไกร จีระแพทย์  @ รพ.เอกชัย ', NULL), (158, 144, 'นพ.โกวิท คำพิทักษ์  @ รพ.บัวใหญ่รวมแพทย์ ', NULL), (159, 145, 'นพ.ประณีต สงวนตระกูล  @ รพ.ป.แพทย์ ', NULL), (160, 146, 'นพ.ธนรัชต์ สมุทรเพชร  @ รพ.กรุงเทพราชสีมา ', NULL), (161, 147, 'นพ.บรรพต พึ่งชัยพัฒน์  @ รพ.เซ็นต์เมรี่ ', NULL), (162, 148, 'นพ.วรพงษ์ ศักดิ์ศิรินุกูล  @ รพ.เอกชนบุรีรัมย์ ', NULL), (163, 149, 'นพ.อิสระ อริยะชัยพาณิชย์  @ รพ.รวมแพทย์สุรินทร์(หมออนันต์) ', NULL), (164, 150, 'นพ.ธีรวัฒน์ ร่มไทรทอง  @ รพ.ธีรวัฒน์ ', NULL), (165, 151, 'นพ.สมชาย กิตติพงษ์หรรษา  @ รพ.ขอนแก่นราม ', NULL), (166, 152, 'นพ.ธีระวัฒน์ ศรีนัครินทร์  @ รพ.ราชพฤกษ์ ', NULL), (167, 153, 'คุณอนัญพร พูลนิติพร  @ รพ.เวชประสิทธิ์ ', NULL), (168, 154, 'นพ.บุญชัย จิตตนาสวัสดิ์  @ รพ.เมืองเลยราม ', NULL), (169, 155, 'คุณสมคิด ปิยะธรรมวุฒิกุล  @ รพ.รักษ์สกล ', NULL), (170, 156, 'พญ.ศุภวรรณ ตั้งสืบกุล  @ รพ.นอร์ทอีสเทร์น-วัฒนา ', NULL), (171, 157, 'นพ.ปัญญา อยู่ประเสริฐ  @ รพ.ปัญญาเวช ', NULL), (172, 158, 'คุณวิเชียร ชมดง  @ รพ.เอกอุดร ', NULL), (173, 159, 'นพ.ธีระยุทธ นิยากูล  @ รพ.มุกดาหารอินเตอร์ ', NULL), (174, 160, 'นพ.หาญ สุฉันทบุตร  @ รพ.นายแพทย์หาญ ', NULL), (175, 161, 'นพ.หาญ สุฉันทบุตร  @ รพ.ยโสธรรวมแพทย์ ', NULL), (176, 160, 'นพ.หาญ สุฉันทบุตร  @ รพ.นายแพทย์หาญ ', NULL), (177, 161, 'นพ.หาญ สุฉันทบุตร  @ รพ.ยโสธรรวมแพทย์ ', NULL), (178, 162, 'พญ.กฤษณา โฆษิตจิรนันท์  @ รพ.กรุงเทพจุรีเวช ', NULL), (179, 163, 'ภก.สมพร จึงศิรกุลวิทย์  @ รพ.ประชารักษ์ ', NULL), (180, 164, 'นพ.สุรชัย สุพันธมาตย์  @ รพ.อุบลรักษ์ ธนบุรี ', NULL), (181, 165, 'นพ.นภดล ลุประสงค์  @ รพ.แพทย์บัณฑิต ', NULL), (182, 166, 'นพ.กิตติ ตั้งบรรเจิดสุข  @ รพ.รวมแพทย์ นครสวรรค์ ', NULL), (183, 167, 'นพ.ชวลิต วิมลเฉลา  @ รพ.ศรีสวรรค์ ', NULL), (184, 168, 'นพ.วิสิทธิ์ อวิรุทธ์นันท์  @ รพ.ปากน้ำโพ ', NULL), (185, 169, 'นพ.พรชัย สัตยาประเสริฐ  @ รพ.ร่มฉัตร ', NULL), (186, 170, 'พญ.สุรางค์รัตน์ วรรธนภูติ  @ รพ.รัตนเวช นครสวรรค์ ', NULL), (187, 171, 'นพ.สุชาติ กุละพัฒน์  @ รพ.พัฒนเวชสุโขทัย ', NULL), (188, 172, 'นพ.พจนารถ จันทโรจวงศ์  @ รพ.รวมแพทย์สุโขทัย ', NULL), (189, 173, 'คุณบุญเลิศ คำนึงสิทธิ  @ รพ.ตะพานหินรวมแพทย์ ', NULL), (190, 174, 'นพ.เสริมสุข เหลาหชัยอรุณ  @ รพ.สหเวชพิจิตร ', NULL), (191, 175, 'นพ.สุเทพ นิ่มพิทักษ์พงศ์  @ รพ.พิษณุเวช ', NULL), (192, 176, 'นพ.พีระเชษฐ์ ภู่เกียรติ  @ รพ.รวมแพทย์ พิษณุโลก ', NULL), (193, 177, 'นพ.อุดม วาริทนันท์  @ รพ.รัตนเวช พิษณุโลก ', NULL), (194, 178, 'นพ.ยงยศ จริยวิทยาวัฒน์  @ รพ.อินเตอร์เวชการ ', NULL), (195, 179, 'นพ.พิเชษฐ์ อิศวสัมฤทธิ์  @ รพ.นครหล่ม ', NULL), (196, 180, 'ทพ.ประจวบ จันทรคิด  @ รพ.เพชรรัตน์ ', NULL), (197, 181, 'นพ.สถาปน์ ชินวงศ์  @ รพ.แพร่คริสเตียน ', NULL), (198, 182, 'นพ.วรชัย วงศ์วรกุล  @ รพ.แพร่-ราม ', NULL), (199, 183, 'นพ.สมชัย ตั้งพร้อมพันธ์  @ รพ.เกษมราษฎร์ศรีบุรินทร์ ', NULL), (200, 184, 'นพ.วิฑูรย์ ยงเมธาวุฒิ  @ รพ.โอเวอร์บรุ๊ค ', NULL), (201, 185, 'นพ.อำนวย ชิงชยานุรักษ์  @ รพ.ช้างเผือก ', NULL), (202, 186, 'นพ.ศยาม เวศกิจกุล  @ รพ.เชียงใหม่ใกล้หมอ ', NULL), (203, 187, 'นพ.วรพันธ์ อุณจักร  @ รพ.เชียงใหม่ราม ', NULL), (204, 189, 'นพ.วรพันธ์ อุณจักร  @ รพ.เทพปัญญา ', NULL), (205, 188, 'คุณวรัญญา เลี้ยงลักษณ์เลิศ  @ รพ.เซ็นทรัลเชียงใหม่ ', NULL), (206, 187, 'นพ.วรพันธ์ อุณจักร  @ รพ.เชียงใหม่ราม ', NULL), (207, 189, 'นพ.วรพันธ์ อุณจักร  @ รพ.เทพปัญญา ', NULL), (208, 190, 'tนพ.อดุล วรินทรเวช  @ รพ.แมคคอร์มิค ', NULL), (209, 191, 'นพ.สมชาย อบบุญ  @ รพ.แมคเคน ', NULL), (210, 192, 'นพ.สุมิน พฤกษิกานนท์  @ รพ.รวมแพทย์ เชียงใหม่ ', NULL), (211, 193, 'ศ.นพ.ชาลี พรพัฒน์กุล  @ รพ.ราชเวชเชียงใหม่ ', NULL), (212, 194, 'นพ.ดุสิต ศรีสกุล  @ รพ.ลานนา ', NULL), (213, 195, 'นพ.ฐานิสร์ กาญจนรัตนากร  @ รพ.พะเยาราม ', NULL), (214, 196, 'นพ.บุญจง ชูชัยแสงรัตน์  @ รพ.เขลางค์ ', NULL), (215, 197, 'นพ.วัชระ สนธิชัย  @ รพ.หริภุญชัยเมโมเรียล ', NULL), (216, 198, 'นพ.ประสิทธิ์ วิรัชสุขสมบัติ  @ รพ.วิรัชศิลป์ ', NULL), (217, 199, 'นพ.ปรีชา มิตรกูล  @ รพ.นครคริสเตียน ', NULL), (218, 200, 'นพ.พรชัย ลีานิพนธ์  @ รพ.นครพัฒน์ ', NULL), (219, 201, 'นพ.วิเชียร วิชานศวกุล  @ รพ.นครินทร์ ', NULL), (220, 202, 'พญ.กษมาพร เที่ยงธรรม  @ รพ.รวมแพทย์ทุ่งสง ', NULL), (221, 203, 'นพ.ก้องเกียรติ เกษเพ็ชร  @ รพ.กรุงเทพภูเก็ต ', NULL), (222, 204, 'นพ.อนุโรจน์ ธารสิริโรจน์  @ รพ.สิริโรจน์ ', NULL), (223, 205, 'นพ.บรรจบ มานะกุล  @ รพ.ทักษิณ ', NULL), (224, 206, 'คุณกริชพงศ์ เค้าอุทัย  @ รพ.ไทยอินเตอร์เนชั่นแนล ', NULL), (225, 207, 'นพ.ชุมโชค จันทร์วิเมลือง  @ รพ.บ้านดอนอินเตอร์ เกาะสมุย ', NULL), (226, 208, 'นพ.สมชัย เจียรนัยศิลป์  @ รพ.ตรังรวมแพทย์ ', NULL), (227, 209, 'นพ.วิศิษฐ์ อมรวิทยารักษ์  @ รพ.วัฒนแพทย์ตรัง ', NULL), (228, 210, 'พญ.ศศินี โภคโต  @ รพ.รวมแพทย์พัทลุง ', NULL), (229, 85, 'นพ.ณรงค์ฤทธิ์ ฮาวรังษี  @ รพ.กรุงเทพพระประแดง ', NULL), (230, 211, 'นพ.ณรงค์ฤทธิ์ ฮาวรังษี  @ รพ.กรุงเทพหาดใหญ่ ', NULL), (231, 212, 'นพ.จำลอง บ่อเกิด  @ รพ.มูลนิธิมิตรภาพสามัคคี ', NULL), (232, 213, 'คุณปิยพล ศรียะพันธุ์  @ รพ.ราษฎร์ยินดี ', NULL), (233, 214, 'นพ.อาคเนย์ สุขอยู่  @ รพ.ศิครินทร์หาดใหญ่ ', NULL);
/*!40000 ALTER TABLE `customers` ENABLE KEYS */;

# Dumping data for table mml.deliveries: 0 rows
/*!40000 ALTER TABLE `deliveries` DISABLE KEYS */;
/*!40000 ALTER TABLE `deliveries` ENABLE KEYS */;

# Dumping data for table mml.delivery_items: 0 rows
/*!40000 ALTER TABLE `delivery_items` DISABLE KEYS */;
/*!40000 ALTER TABLE `delivery_items` ENABLE KEYS */;

# Dumping data for table mml.hospitals: 213 rows
/*!40000 ALTER TABLE `hospitals` DISABLE KEYS */;
INSERT INTO `hospitals` (`id`, `name`, `contact_person`, `tel_1`, `fax`, `province`) VALUES (3, '﻿รพ.กรุงเทพ ', 'นพ.สมชาย จันทร์สว่าง ', 'โทร. 0-2318-0066 ', 'โทรสาร. 0-2310-3327 ', 'กรุงเทพมหานคร\r'), (4, 'รพ.กรุงเทพคริสเตียน ', 'มัคนายก ดร.ทวีศักดิ์ มหชวโรจน์(รักษาการ) ', 'โทร. 0-2233-6981-7 ', 'โทรสาร. 0-2236-2911 ', 'กรุงเทพมหานคร\r'), (5, 'รพ.กรุงธน ', 'พล.ร.ต.นพ.สุรเชษฐ สู่พานิช ', 'โทร. 0-2438-0041-5 ', 'โทรสาร. 0-2438-5642 ', 'กรุงเทพมหานคร\r'), (6, 'รพ.กรุงธน2 ', 'นพ.ไศล สุขพันธ์โพธาราม ', 'โทร. 0-2847-6767 ', 'โทรสาร. 0-2427-4070 ', 'กรุงเทพมหานคร\r'), (7, 'รพ.กรุณาพิทักษ์ ', 'นพ.สุวัฒน์ วิทยาคม ', 'โทร. 0-22866793-5 ', 'โทรสาร. 0-2678-3004 ', 'กรุงเทพมหานคร\r'), (8, 'รพ.กล้วยน้ำไท ', 'คุณพูลชัย ชเนศร์ ', 'โทร. 0-2769-2000 ', 'โทรสาร. 0-2381-2769 ', 'กรุงเทพมหานคร\r'), (9, 'รพ.เกษมราษฎร์สุขาภิบาล3 ', 'นพ.ฐิติ พัฒนกำจร ', 'โทร. 0-2729-3000 ', 'โทรสาร. 0-2729-5050 ', 'กรุงเทพมหานคร\r'), (10, 'รพ.เกษมราษฎร์ บางแค ', 'นพ.สุวิทย์ โฆษิตสุรังคกุล ', 'โทร. 0-2454-1915-8 ', 'โทรสาร. 0-2454-1914 ', 'กรุงเทพมหานคร\r'), (11, 'รพ.เกษมราษฎร์ ประชาชื่น ', 'นพ.ธวัชชัย วานิชกร ', 'โทร. 0-2910-1600 ', 'โทรสาร. 0-2910-1649 ', 'กรุงเทพมหานคร\r'), (12, 'รพ.คามิลเลียน ', 'นพ.ชัยพฤกษ์ ปิยะเกศิน ', 'โทร. 0-2391-0136 ', 'โทรสาร. 0-2185-1403 ', 'กรุงเทพมหานคร\r'), (13, 'รพ.จักษุ รัตนิน ', 'นพ.นพรัตน์ สุจริตจันทร์ ', 'โทร. 0-2258-0442-5 ', 'โทรสาร. 0-2259-0780 ', 'กรุงเทพมหานคร\r'), (14, 'รพ.เจตนิน ', 'นพ.จงเจตน์ อาวเจนพงษ์ ', 'โทร. 0-2655-5300-10 ', 'โทรสาร. 0-2655-5313 ', 'กรุงเทพมหานคร\r'), (15, 'รพ.เจ้าพระยา ', 'นพ.จำเริญ สรพิพัฒน์ ', 'โทร. 0-2434-6900 ', 'โทรสาร. 0-2434-6929 ', 'กรุงเทพมหานคร\r'), (16, 'รพ.เซนต์คาร์ลอส ', 'นพ.สุชัย หยองอนุกูล์ ', 'โทร. 0-2274-0616-20 ', 'โทรสาร. 0-2274-0621 ', 'กรุงเทพมหานคร\r'), (17, 'รพ.เซนต์หลุยส์ ', 'ศ.นพ.จิตร สิทธิอมร ', 'โทร. 0-2675-5000 ', 'โทรสาร. 0-2675-5200 ', 'กรุงเทพมหานคร\r'), (18, 'รพ.เซ็นทรัลเยนเนอรัล ', 'พญ.ลักษมี ว่องกุศลกิจ ', 'โทร. 0-2552-8801-10 ', 'โทรสาร. 0-2552-0666 ', 'กรุงเทพมหานคร\r'), (19, 'รพ.เดชา ', 'นพ.สราวุธ อนันต์เศรษฐกุล ', 'โทร. 0-2246-0137 ', 'โทรสาร. 0-2247-2089 ', 'กรุงเทพมหานคร\r'), (20, 'รพ.ตา หู คอ จมูก ', 'นพ.ศุภชัย โชติบุตร ', 'โทร. 0-2433-3601-3 ', 'โทรสาร. 0-2433-3613 ', 'กรุงเทพมหานคร\r'), (21, 'รพ.เทพธารินทร์ ', 'ศ.นพ.เทพ หิมะทองคำ ', 'โทร. 0-2240-2727 ', 'โทรสาร. 0-2249-8774 ', 'กรุงเทพมหานคร\r'), (22, 'รพ.ไทยนครินทร์ ', 'นพ.เจริญ มีนสุข ', 'โทร. 0-2361-2727 ', 'โทรสาร. 0-2361-2777 ', 'กรุงเทพมหานคร\r'), (23, 'รพ.ธนบุรี ', 'คุณเฉลิมกุล อภิกุลโอภาส ', 'โทร. 0-2411-0401-7 ', 'โทรสาร. 0-2412-8214 ', 'กรุงเทพมหานคร\r'), (24, 'รพ.นครธน ', 'นพ.วิโรจน์ ตระการวิจิตร ', 'โทร. 0-2416-5454 ', 'โทรสาร. 0-2415-4340 ', 'กรุงเทพมหานคร\r'), (25, 'รพ.นวมินทร์ ', 'นพ.ประจักษ์ บุญจิตต์พิมล ', 'โทร. 0-2918-7604-8 ', 'โทรสาร. 0-2918-9192 ', 'กรุงเทพมหานคร\r'), (26, 'รพ.นวมินทร์ 9 ', 'นพ.อรรคพาสน์ โอวาทตระกูล ', 'โทร. 0-2518-1818 ', 'โทรสาร. 0-2518-2112 ', 'กรุงเทพมหานคร\r'), (27, 'รพ.บางกอก 9 อินเตอร์เนชั่นแนล ', 'พญ..เจรียง จันทรกมล ', 'โทร. 0-2877-1111 ', 'โทรสาร. 0-2877-1111 ', 'กรุงเทพมหานคร\r'), (28, 'รพ.บางกอกเนอสซิ่งโฮม ', 'พญ.ลินดา ไกรวิทย์ ', 'โทร. 0-2632-0550 ', 'โทรสาร. 0-2632-0578 ', 'กรุงเทพมหานคร\r'), (29, 'รพ.บางนา ', 'นพ.ชุตินันท์ พรมมินทร์ ', 'โทร. 0-2393-8534 ', 'โทรสาร. 0-2398-9531 ', 'กรุงเทพมหานคร\r'), (30, 'รพ.บางปะกอก 1 ', 'นพ.วีระ อิงคภาสกร ', 'โทร. 0-2872-1111 ', 'โทรสาร. 0-2872-1065 ', 'กรุงเทพมหานคร\r'), (31, 'รพ.บางปะกอก 2 บางบอน ', 'นพ.มานิตย์ จารุวรรณ ', 'โทร. 0-2899-0130-9 ', 'โทรสาร. 0-2451-0357 ', 'กรุงเทพมหานคร\r'), (32, 'รพ.บางไผ่ ', 'พญ.ศศิธร พงษ์สามารถ ', 'โทร. 0-2457-0086 ', 'โทรสาร. 0-2457-2215 ', 'กรุงเทพมหานคร\r'), (33, 'รพ.บางโพ ', 'นพ.เกตุ สายเพชร์ ', 'โทร. 0-2587-0136 ', 'โทรสาร. 0-2586-0024 ', 'กรุงเทพมหานคร\r'), (34, 'รพ.บางมด ', 'นพ.สุรสิทธิ์ อัศดามงคล ', 'โทร. 0-2416-0049 ', 'โทรสาร. 0-2415-6864 ', 'กรุงเทพมหานคร\r'), (35, 'รพ.บำรุงราษฎร์ ', 'คุณแม็ค แบนเนอร์ ', 'โทร. 0-2667-1000 ', 'โทรสาร. 0-2667- 2525 ', 'กรุงเทพมหานคร\r'), (36, 'รพ.บีแคร์ ', 'รออ.นพ.พิทักษ์ ฐานบัญชา ', 'โทร. 0-2523-3359-71 ', 'โทรสาร. 0-2523-3372 ', 'กรุงเทพมหานคร\r'), (37, 'รพ.ปิยะเวท ', '  ', 'โทร. 0-2625-6500 ', 'โทรสาร. 0-2246-9253 ', 'กรุงเทพมหานคร\r'), (38, 'รพ.เปาโล เมโมเรียล ', 'นพ.พิชัย แพร่ภัทร ', 'โทร. 0-2279-4302 ', 'โทรสาร. 0-2279-4303 ', 'กรุงเทพมหานคร\r'), (39, 'รพ.เปาโล เมโมเรียล โชคชัย 4 ', 'นพ.นพรัตน์ โง้วจุงดี ', 'โทร. 0-2514-2273-5 ', 'โทรสาร. 0-2538-3606 ', 'กรุงเทพมหานคร\r'), (40, 'รพ.พญาไท 1 ', 'คุณไกรวิน ศรีไกรวิน ', 'โทร. 0-2245-2620-8 ', 'โทรสาร. 0-2640-1109 ', 'กรุงเทพมหานคร\r'), (41, 'รพ.พญาไท 2 ', 'คุณธนา ถิรมนัส ', 'โทร. 0-2617-2444 ', 'โทรสาร. 0-2619-8541 ', 'กรุงเทพมหานคร\r'), (42, 'รพ.พญาไท 3 ', 'นพ.อนันตศักดิ์ อภัยรัตน์ ', 'โทร. 0-2869-1220-2 ', 'โทรสาร. 0-2467-6505 ', 'กรุงเทพมหานคร\r'), (43, 'รพ.พระราม 2 ', 'นพ.ปรีชา เลิศศิวาพร ', 'โทร. 0-2451-4920 ', 'โทรสาร. 0-2451-4599 ', 'กรุงเทพมหานคร\r'), (44, 'รพ.พระรามเก้า ', 'นพ.เสถียร ภู่ประเสริฐ ', 'โทร. 0-2248-8026 ', 'โทรสาร. 0-2248-8018 ', 'กรุงเทพมหานคร\r'), (45, 'รพ.เพชรเกษม-บางแค ', 'นพ.พิชิต ยิ่งเจริญ ', 'โทร. 0-2801-1199 ', 'โทรสาร. 0-2801-2299 ', 'กรุงเทพมหานคร\r'), (46, 'รพ.เพชรเวช ', 'นพ.ชนะ ตันจันทร์พงษ์ ', 'โทร. 0-2318-0080-1 ', 'โทรสาร. 0-2318-1986 ', 'กรุงเทพมหานคร\r'), (47, 'รพ.แพทย์ปัญญา ', 'นพ.สวัสดิ์ เถกิงเดช ', 'โทร. 0-2314-0726-9 ', 'โทรสาร. 0-2319-6685 ', 'กรุงเทพมหานคร\r'), (48, 'รพ.มงกุฎวัฒนะ ', 'นพ.เหรียญทอง แน่นหนา ', 'โทร. 0-2574-5000-9 ', 'โทรสาร. 0-2574-4856 ', 'กรุงเทพมหานคร\r'), (49, 'รพ.มเหสักข์ ', 'นพ.ชูเกียรติ ศุภนันตฤกษ์ ', 'โทร. 0-2635-7123-7 ', 'โทรสาร. 0-2233-7433 ', 'กรุงเทพมหานคร\r'), (50, 'รพ.มิชชั่น ', 'คุณสมชัย ชื่นจิตร ', 'โทร. 0-2281-1422 ', 'โทรสาร. 0-2628-1752 ', 'กรุงเทพมหานคร\r'), (51, 'รพ.เมโย ', 'นพ.ภาวิต ปุญญฤทธ์ ', 'โทร. 0-2579-1770-4 ', 'โทรสาร. 0-2579-9676 ', 'กรุงเทพมหานคร\r'), (52, 'รพ.ยันฮี ', 'นพ. เกริกยศ ชลายนเดชะ ', 'โทร. 0-2434-9196-9 ', 'โทรสาร. 0-2435-7545 ', 'กรุงเทพมหานคร\r'), (53, 'รพ.เยาวรักษ์ ', 'นพ.ธวัชชัย เจริญวงศ์ ', 'โทร. 0-2466-1963 ', 'โทรสาร. 0-2465-5919 ', 'กรุงเทพมหานคร\r'), (54, 'รพ.รามคำแหง ', 'ทพ.เจิมพล ภูมิตระกูล ', 'โทร. 0-2374-0200-16 ', 'โทรสาร. 0-2374-0804 ', 'กรุงเทพมหานคร\r'), (55, 'รพ.ราษฎร์บูรณะ ', 'คุณนิตยา ปรีชายุทธ ', 'โทร. 0-2427-0175-9 ', 'โทรสาร. 0-2427-3030 ', 'กรุงเทพมหานคร\r'), (56, 'รพ.ลาดพร้าว ', 'นพ.วรพงศ์ จูตะวิริยะ ', 'โทร. 0-2530-2244 ', 'โทรสาร. 0-2539-8490 ', 'กรุงเทพมหานคร\r'), (57, 'รพ.วิชัยยุทธ ', 'พล.ท.นพ.ณรงค์ รอดวรรณะ ', 'โทร. 0-2271-0125-9 ', 'โทรสาร. 0-2272-2788 ', 'กรุงเทพมหานคร\r'), (58, 'รพ.วิภาวดี ', 'พล.ท.นพ.พร้อมพงษ์ พีระบูล ', 'โทร. 0-2561-1258-67 ', 'โทรสาร. 0-2561-1462 ', 'กรุงเทพมหานคร\r'), (59, 'รพ.วิภาราม ', 'นพ.ไพบูลย์ เอกแสงศรี ', 'โทร. 0-2722-2500 ', 'โทรสาร. 0-2722-2445 ', 'กรุงเทพมหานคร\r'), (60, 'รพ.เวชธานี ', 'ร.อ.ชาคริต ศึกษากิจ ', 'โทร. 0-2734-0000 ', 'โทรสาร. 0-2734-0376 ', 'กรุงเทพมหานคร\r'), (61, 'รพ.ศรีวิชัย 1 ', 'นพ.ถนอมชัย คู่ทวีธรรม ', 'โทร. 0-2412-0055-60 ', 'โทรสาร. 0-2412-7582 ', 'กรุงเทพมหานคร\r'), (62, 'รพ.ศรีวิชัย 2 ', 'นพ.สุรพล โล่สิริวัฒน์ ', 'โทร. 0-2441-6999 ', 'โทรสาร. 0-2421-1784 ', 'กรุงเทพมหานคร\r'), (63, 'รพ.เปาโลเมโมเรียล นวมินทร์ ', 'นพ.นิพนธ์ ธีราโมก ', 'โทร. 0-2944-7111 ', 'โทรสาร. 0-2944-8060 ', 'กรุงเทพมหานคร\r'), (64, 'รพ.ศิครินทร์ ', 'นพ.ธงชัย ฉัตรยิ่งมงคล ', 'โทร. 0-2383-4391-9 ', 'โทรสาร. 0-2383-4414 ', 'กรุงเทพมหานคร\r'), (65, 'รพ.ศูนย์มะเร็งกรุงเทพฯ ', 'นพ.เทอดศักดิ์ ปรมากูล ', 'โทร. 0-2278-5716 ', 'โทรสาร. 0-2278-0274 ', 'กรุงเทพมหานคร\r'), (66, 'รพ.สมิติเวช สุขุมวิท ', 'นพ.โชคชัย จารุศิริพิพัฒน์ ', 'โทร. 0-2392-0011 ', 'โทรสาร. 0-2391-1290 ', 'กรุงเทพมหานคร\r'), (67, 'รพ.สมิติเวชศรีนครินทร์ ', 'นพ.ดุลย์ ดำรงศักดิ์ ', 'โทร. 0-2378-9277 ', 'โทรสาร. 0-2731-7358 ', 'กรุงเทพมหานคร\r'), (68, 'รพ.สายไหม ', 'น.ท.พญ.ลักษมี ว่องกุศลกิจ ', 'โทร. 0-2991-8999 ', 'โทรสาร. 0-2563-5222 ', 'กรุงเทพมหานคร\r'), (69, 'รพ.สินแพทย์ ', 'นพ.ศิริพงษ์ เหลืองวารินกุล ', 'โทร. 0-2948-5380-90 ', 'โทรสาร. 0-2948-5816 ', 'กรุงเทพมหานคร\r'), (70, 'รพ.สุขุมวิท ', 'นพ.ดาวิน นารูลา ', 'โทร. 0-2391-0011 ', 'โทรสาร. 0-2714-0081 ', 'กรุงเทพมหานคร\r'), (71, 'รพ.หัวเฉียว ', 'นพ.พรชัย ตั้งลัคนวาณิชย์ ', 'โทร. 0-2223-1351 ', 'โทรสาร. 0-2223-1351 ', 'กรุงเทพมหานคร\r'), (72, 'รพ.มนารมย์ ', 'นพ.ไกรสิทธิ์ นฤขัตพิชัย ', 'โทร. 0-2725-9595 ', 'โทรสาร. 0-2725-9599 ', 'กรุงเทพมหานคร\r'), (73, 'รพ.เกษมราษฎร์รัตนาธิฯ ', 'นพ.ตุลวรรธน์ พัชราภา ', 'โทร. 0-2594-0020-6 ', 'โทรสาร. 0-2594-0067 ', 'นนทบุรี\r'), (74, 'รพ.แม่น้ำ ', 'คุณกมลวรรณ ลักษณะกาญจน์ ', 'โทร. 0-2960-9655 ', 'โทรสาร. 0-2960-9666 ', 'นนทบุรี\r'), (75, 'รพ.นนทเวช ', 'นพ.พรมพันธ์ พรมมาส ', 'โทร. 0-2589-5490-1 ', 'โทรสาร. 0-2589-8753 ', 'นนทบุรี\r'), (76, 'รพ.อนันต์พัฒนา 2 ', 'นพ.อนันต์ ธรรมจำรัสศรี ', 'โทร. 0-2883-9922 ', 'โทรสาร. 0-2883-9990 ', 'นนทบุรี\r'), (77, 'รพ.กรุงสยามเซนต์คาร์ลอส ', 'นพ.สุชัย หยองอนุกูล ', 'โทร. 0-2975-6700 ', 'โทรสาร. 0-2998-9000 ', 'ปทุมธานี\r'), (78, 'รพ.แพทย์รังสิต ', 'นพ.กฤชรัตน์ ตระกูลช่าง ', 'โทร. 0-2531-2151-60 ', 'โทรสาร. 0-2531-3589 ', 'ปทุมธานี\r'), (79, 'รพ.ภัทร-ธนบุรี ', 'คุณพูนศักดิ์ จรูญศิริ ', 'โทร. 0-2901-8400-8 ', 'โทรสาร. 0-2901-8082 ', 'ปทุมธานี\r'), (80, 'รพ.เอกปทุม ', 'นพ.สุนทร อันตรเสน ', 'โทร. 0-2996-2211-15 ', 'โทรสาร. 0-2996-2207 ', 'ปทุมธานี\r'), (81, 'รพ.นวนครการแพทย์ ', 'นพ.ส่งเสริม พานิชาภรณ์ ', 'โทร. 0-2529-4533 ', 'โทรสาร. 0-2909-2223 ', 'ปทุมธานี\r'), (82, 'รพ.ปทุมเวช ', 'นพ.สุธีร์ สทุมถิระ ', 'โทร. 0-2567-1991-9 ', 'โทรสาร. 0-2958-4528 ', 'ปทุมธานี\r'), (83, 'รพ.ราชธานี ', 'นพ.บุญชัย อิศราพิสิษฐ์ ', 'โทร. 0-3533-5555 ', 'โทรสาร. 0-3533-5555 ', 'พระนครศรีอยุธยา\r'), (84, 'รพ.ศุภมิตรเสนา ', 'คุณวิโรจน์ อภิสิทธิ์วิทยา ', 'โทร. 0-3528-9572-7 ', 'โทรสาร. 0-3528-9583 ', 'พระนครศรีอยุธยา\r'), (85, 'รพ.กรุงเทพพระประแดง ', 'นพ.ณรงค์ฤทธิ์ ฮาวรังษี ', 'โทร. 0-2425-0029 ', 'โทรสาร. 0-2815-7151 ', 'สมุทรปราการ\r'), (86, 'รพ.จุฬารัตน์ ', 'นพ.กำพล พลัสสินทร์ ', 'โทร. 0-2316-6198-9 ', 'โทรสาร. 0-2750-5146 ', 'สมุทรปราการ\r'), (87, 'รพ.จุฬารัตน์ 3 ', 'นพ.กำพล พลัสสินทร์ ', 'โทร. 0-2769-2900 ', 'โทรสาร. 0-2769-2997 ', 'สมุทรปราการ\r'), (88, 'รพ.จุฬารัตน์ 9 ', 'นพ.ยุทธนา สงวนศักดิ์โกศล ', 'โทร. 0-2738-9900-9 ', 'โทรสาร. 0-2738-9740 ', 'สมุทรปราการ\r'), (89, 'รพ.ชัยปราการ ', 'นพ.ภาสกร รักษ์กุล ', 'โทร. 0-2363-9222 ', 'โทรสาร. 0-2394-4237 ', 'สมุทรปราการ\r'), (90, 'รพ.เซ็นทรัลปาร์ค ', 'นพ.อนันต์ อธิพันธุ์อำไพ ', 'โทร. 0-2312-7261-9 ', 'โทรสาร. 0-2750-9735 ', 'สมุทรปราการ\r'), (91, 'รพ.บางปะกอก 3 ', 'นพ.นิคม ศิริชัย ', 'โทร. 0-2818-7555 ', 'โทรสาร. 0-2818-7509 ', 'สมุทรปราการ\r'), (92, 'รพ.ปิยะมินทร์ ', 'นพ.ต่อพงศ์ อัศวิษณุ ', 'โทร. 0-2316-0026-7 ', 'โทรสาร. 0-2316-0062 ', 'สมุทรปราการ\r'), (93, 'รพ.เมืองสมุทร ', 'นพ.พิพัฒน์ พงศ์รัตนามาน ', 'โทร. 0-2173-7772 ', 'โทรสาร. 0-2173-7783 ', 'สมุทรปราการ\r'), (94, 'รพ.เมืองสมุทรปู่เจ้าฯ ', 'นพ.พิพัฒน์ พงศ์รัตนามาน ', 'โทร. 0-2754-2800-9 ', 'โทรสาร. 0-2754-2514 ', 'สมุทรปราการ\r'), (95, 'รพ.รวมชัยประชารักษ์ ', 'คุณธนวัฒน์ ทวีชัยถาวร ', 'โทร. 0-2708-7500-10 ', 'โทรสาร. 0-2708-7542 ', 'สมุทรปราการ\r'), (96, 'รพ.รัทรินทร์ ', 'นพ.เขตโสภณ จัตวัฒนกุล ', 'โทร. 0-2323-2991-9 ', 'โทรสาร. 0-23232985 ', 'สมุทรปราการ\r'), (97, 'รพ.เปาโลเมโมเรียล สมุทรปราการ ', 'นพ.โอภาส สินเพิ่มสุขสกุล ', 'โทร. 0-2389-2555 ', 'โทรสาร. 0-2389-4916 ', 'สมุทรปราการ\r'), (98, 'รพ.สำโรงการแพทย์ ', 'นพ.ศิริพงษ์ วิทยเลิศปัญญา ', 'โทร. 0-2361-0070-9 ', 'โทรสาร. 0-2756-8465 ', 'สมุทรปราการ\r'), (99, 'รพ.รวมแพทย์ ชัยนาท ', 'นพ.สุเทพ วัตถุศิลป์ ', 'โทร. 0-5641-3017-8 ', 'โทรสาร. 0-5641-3019 ', 'ชัยนาท\r'), (100, 'รพ.สุวรรณเวช ', 'นพ.พงษ์เทพ เลิศสุวรรณสิทธิ์ ', 'โทร. 0-5645-1400 ', 'โทรสาร. 056-451-440 ', 'ชัยนาท\r'), (101, 'รพ.เบญจรมย์ ', 'นพ.วราศักดิ์ ไกรฤกษ์ ', 'โทร. 0-3641-3933 ', 'โทรสาร. 0-3661-0515 ', 'ลพบุรี\r'), (102, 'รพ.เมืองนารายณ์ ', 'พญ.วรินทร อัศวนิก ', 'โทร. 0-3661-6300 ', 'โทรสาร. 0-3661-6301 ', 'ลพบุรี\r'), (103, 'รพ.เกษมราษฎร์ สระบุรี ', 'นพ.สมเจษฎ์ ไกรโรจนานันท์ ', 'โทร. 0-3631-5555 ', 'โทรสาร. 0-3631-5501 ', 'สระบุรี\r'), (104, 'รพ.มิตรภาพ เมโมเรียล ', 'นพ.พนม สนิทประชากร ', 'โทร. 0-3621-2131-4 ', 'โทรสาร. 0-3622-2197 ', 'สระบุรี\r'), (105, 'รพ.คริสเตียนไชยวัฒน์ ', 'คุณไชยวัฒน์ วีระสมบัติ ', 'โทร. 0-3658-1294 ', 'โทรสาร. 0-3658-1296 ', 'สิงหบุรี\r'), (106, 'รพ.สิงห์บุรีเวชการ ', 'นพ.ประเจิด สุรีย์จามร ', 'โทร. 0-3652-0517 ', 'โทรสาร. 0-3651-2784 ', 'สิงหบุรี\r'), (107, 'รพ.ธนบุรี-อู่ทอง ', 'นพ.วิวัฒน์ กิตติวัฒนโชติ ', 'โทร. 0-3540-4053-9 ', 'โทรสาร. 0-3555-2890 ', 'สุพรรณบุรี\r'), (108, 'รพ.หมอสำเริง ', 'นพ.สำเริง ศรีผุดผ่อง ', 'โทร. 0-3557-8959 ', 'โทรสาร. 0-3557-8959 ', 'สุพรรณบุรี\r'), (109, 'รพ.พรชัย ', 'นพ.บุญชัย บุญแสง ', 'โทร. 0-3550-3531-5 ', 'โทรสาร. 0-3550-3432 ', 'สุพรรณบุรี\r'), (110, 'รพ.ศุภมิตร ', 'นพ.เมธ โชคชัยชาญ ', 'โทร. 0-3550-0283-8 ', 'โทรสาร. 0-3550-1406 ', 'สุพรรณบุรี\r'), (111, 'รพ.ปิยราษฎร์ ', 'นพ.ทรงกิจ สุทธิกาญจน์ ', 'โทร. 0-3555-2724-8 ', 'โทรสาร. 0-3555-2665 ', 'สุพรรณบุรี\r'), (112, 'รพ.กรุงเทพจันทบุรี ', 'นพ.จารุวัฑ ใช้ความเพียร ', 'โทร. 0-3935-1467 ', 'โทรสาร. 0-3932-1202 ', 'จันทบุรี\r'), (113, 'รพ.สิริเวช ', 'นพ.กำธร ศิริธัญญาลักษณ์ ', 'โทร. 0-3934-4244 ', 'โทรสาร. 0-3932-2995 ', 'จันทบุรี\r'), (114, 'รพ.จุฬารัตน์ 11 ', 'พญ.ชุติมา ปิ่นเจริญ ', 'โทร. 0-3853-8511-3 ', 'โทรสาร. 0-3853-8798 ', 'ฉะเชิงเทรา\r'), (115, 'รพ.โสธราเวช ', 'นพ.การุณ พุทธภาวนา ', 'โทร. 0-3881-2702-19 ', 'โทรสาร. 0-3881-2720 ', 'ฉะเชิงเทรา\r'), (116, 'รพ.กรุงเทพพัทยา ', 'นพ.พิชิต กังวลกิจ ', 'โทร. 0-3825-9999 ', 'โทรสาร. 0-3872-7307 ', 'ชลบุรี\r'), (117, 'รพ.ชลเวช ', 'พญ.วิมล สุรินทราบูรณ์ ', 'โทร. 0-3828-4354-5 ', 'โทรสาร. 0-3827-1990 ', 'ชลบุรี\r'), (118, 'รพ.พญาไทศรีราชา ', 'นพ.ธนาคม แมนธนานนท์ ', 'โทร. 0-3877-0200-8 ', 'โทรสาร. 0-3877-0213 ', 'ชลบุรี\r'), (119, 'รพ.พัทยาเมโมเรียล ', 'นพ.สมเกียรติ ธนไพศาลพิพัฒน์ ', 'โทร. 0-3848-8777 ', 'โทรสาร. 0-3842-2740 ', 'ชลบุรี\r'), (120, 'รพ.พัทยาอินเตอร์ ', 'คุณอุไรวรรณ เทพนมรัตน์ ', 'โทร. 0-3842-8374-5 ', 'โทรสาร. 0-3842-2773 ', 'ชลบุรี\r'), (121, 'รพ.สมิติเวช ศรีราชา ', 'นพ.ชัยรัตน์ ปัณฑุรอัมพร ', 'โทร. 0-3832-4100-11 ', 'โทรสาร. 0-3832-4123 ', 'ชลบุรี\r'), (122, 'รพ.แหลมฉบังอินเตอร์ ', 'ผศ.รังสรรค์ สุฉันทบุตร ', 'โทร. 0-3849-1888 ', 'โทรสาร. 0-3849-1878 ', 'ชลบุรี\r'), (123, 'รพ.เอกชล ', 'นพ.จรัล ใจแพทย์ ', 'โทร. 0-3827-3840 ', 'โทรสาร. 0-3827-3848 ', 'ชลบุร\r'), (124, 'รพ.เอกชล 2 ', 'นพ.สานิตย์ ชากฤษณ์ ', 'โทร. 0-3893-9888 ', 'โทรสาร. 0-3893-9800 ', 'ชลบุร\r'), (125, 'รพ.กรุงเทพตราด ', 'พญ.สุดจิต ลิขสิทธิ์ศุภการ ', 'โทร. 0-3953-2735 ', 'โทรสาร. 0-3953-2599 ', 'ตราด\r'), (126, 'รพ.มงกุฎ ระยอง ', 'นพ.นิยม สลิสอำไพ ', 'โทร. 0-3868-2136-9 ', 'โทรสาร. 0-3868-1459 ', 'ระยอง\r'), (127, 'รพ.รวมแพทย์ระยอง ', 'นพ.กริช สัตยบุตร ', 'โทร. 0-3886-0890-3 ', 'โทรสาร. 0-3886-1279 ', 'ระยอง\r'), (128, 'รพ.กรุงเทพคริสเตียน ', 'นพ.วิโรจน์ ดิเรกสถาพร ', 'โทร. 0-3421-3453-60 ', 'โทรสาร. 0-3427-0088 ', 'นครปฐม\r'), (129, 'รพ.เทพากร ', 'นพ.วรวิทย์ วัชโรทยางกูร ', 'โทร. 0-3421-2718-26 ', 'โทรสาร. 0-34241-314 ', 'นครปฐม\r'), (130, 'รพ.ศาลายา ', 'นพ.จรัสพงษ์ ทังสุบุตร ', 'โทร. 0-2889-2601-7 ', 'โทรสาร. 0-2889-3550 ', 'นครปฐม\r'), (131, 'รพ.สนามจันทร์ ', 'นพ.ทรงชัย ศรีโรจนกุล ', 'โทร. 0-3421-9600 ', 'โทรสาร. 0-3421-7817 ', 'นครปฐม\r'), (132, 'รพ.ซาน เปา โล หัวหิน ', 'นพ.เอกลาภ ทองบริสุทธิ์ ', 'โทร. 0-3253-2576 ', 'โทรสาร. 0-3253-2582 ', 'ประจวบคีรีขันธ์\r'), (133, 'รพ.เมืองเพชร-ธนบุรี ', 'ภญ.รพีพร กิตติวงศ์โสภณ ', 'โทร. 0-3241-5191-9 ', 'โทรสาร. 0-3241-5188 ', 'เพชรบุรี\r'), (134, 'รพ.เพชรรัชต์ ', 'นพ.สัมฤทธิ์ สินธัญญาธรรม ', 'โทร. 0-3241-7070-9 ', 'โทรสาร. 0-3241-1689 ', 'เพชรบุรี\r'), (135, 'รพ.ซานคามิลโล ', 'คุณจิรวัฒน์ สุจิรานุธรรม ', 'โทร. 0-3221-1143 ', 'โทรสาร. 0-3220-1256 ', 'ราชบุรี\r'), (136, 'รพ.พร้อมแพทย์ ', 'นพ.ประสงค์ ประภาวงศ์ ', 'โทร. 0-3231-5234-9 ', 'โทรสาร. 0-3231-5385 ', 'ราชบุรี\r'), (137, 'รพ.เมืองราช ', 'นพ.กมิล ปั้นประสงค์ ', 'โทร. 0-3232-2274-80 ', 'โทรสาร. 0-3231-2685-6 ', 'ราชบุรี\r'), (138, 'รพ.แม่กลอง 2 ', 'พญ.สุวรรณา ชูพิศาลยโรจน์ ', 'โทร. 0-3471-5001-5 ', 'โทรสาร. 0-34718679 ', 'สมุทรสงคราม\r'), (139, 'รพ.มหาชัย ', 'นพ.อิทธิ ฉันศิริกาญจน ', 'โทร. 0-3442-4990 ', 'โทรสาร. 0-3481-0778 ', 'สมุทรสาคร\r'), (140, 'รพ.มหาชัย 2 ', 'พญ.ดาวัลย์ อนุวุฒินาวิน ', 'โทร. 0-2810-3442 ', 'โทรสาร. 0-2420-0251 ', 'สมุทรสาคร\r'), (141, 'รพ.ศรีวิชัย 3 ', 'นพ.พงษ์ศักดิ์ วัฒนา ', 'โทร. 0-2431-0070 ', 'โทรสาร. 0-2431-0940 ', 'สมุทรสาคร\r'), (142, 'รพ.ศรีวิชัย 5 ', 'พญ.สายสุนี วรรณดุรงค์วรรณ ', 'โทร. 0-3482-6708 ', 'โทรสาร. 0-3482-6706 ', 'สมุทรสาคร\r'), (143, 'รพ.เอกชัย ', 'นพ.เกรียงไกร จีระแพทย์ ', 'โทร. 0-3441-7999 ', 'โทรสาร. 0-3441-7903 ', 'สมุทรสาคร\r'), (144, 'รพ.บัวใหญ่รวมแพทย์ ', 'นพ.โกวิท คำพิทักษ์ ', 'โทร. 0-4429-2249-53 ', 'โทรสาร. 0-4429-2252 ', 'นครราชสีมา\r'), (145, 'รพ.ป.แพทย์ ', 'นพ.ประณีต สงวนตระกูล ', 'โทร. 0-4423-0530-3 ', 'โทรสาร. 0-4425-1120 ', 'นครราชสีมา\r'), (146, 'รพ.กรุงเทพราชสีมา ', 'นพ.ธนรัชต์ สมุทรเพชร ', 'โทร. 0-4442-9999 ', 'โทรสาร. 0-4425-6421 ', 'นครราชสีมา\r'), (147, 'รพ.เซ็นต์เมรี่ ', 'นพ.บรรพต พึ่งชัยพัฒน์ ', 'โทร. 0-4424-2385 ', 'โทรสาร. 0-4425-6600 ', 'นครราชสีมา\r'), (148, 'รพ.เอกชนบุรีรัมย์ ', 'นพ.วรพงษ์ ศักดิ์ศิรินุกูล ', 'โทร. 0-4461-4100 ', 'โทรสาร. 0-4461-4110 ', 'บุรีรัมย์\r'), (149, 'รพ.รวมแพทย์สุรินทร์(หมออนันต์) ', 'นพ.อิสระ อริยะชัยพาณิชย์ ', 'โทร. 0-4451-5700 ', 'โทรสาร. 0-4451-2496 ', 'สุรินทร์\r'), (150, 'รพ.ธีรวัฒน์ ', 'นพ.ธีรวัฒน์ ร่มไทรทอง ', 'โทร. 0-4381-1757 ', 'โทรสาร. 0-4381-2142 ', 'กาฬสินธุ์\r'), (151, 'รพ.ขอนแก่นราม ', 'นพ.สมชาย กิตติพงษ์หรรษา ', 'โทร. 0-4333-3901 ', 'โทรสาร. 0-4333-3899 ', 'ขอนแก่น\r'), (152, 'รพ.ราชพฤกษ์ ', 'นพ.ธีระวัฒน์ ศรีนัครินทร์ ', 'โทร. 0-4333-3555 ', 'โทรสาร. 0-4323-8833 ', 'ขอนแก่น\r'), (153, 'รพ.เวชประสิทธิ์ ', 'คุณอนัญพร พูลนิติพร ', 'โทร. 0-4324-5544 ', 'โทรสาร. 0-4324-5644 ', 'ขอนแก่น\r'), (154, 'รพ.เมืองเลยราม ', 'นพ.บุญชัย จิตตนาสวัสดิ์ ', 'โทร. 0-4283-3400 ', 'โทรสาร. 0-4283-2522 ', 'เลย\r'), (155, 'รพ.รักษ์สกล ', 'คุณสมคิด ปิยะธรรมวุฒิกุล ', 'โทร. 0-4271-2800 ', 'โทรสาร. 0-4271-2584 ', 'สกลนคร\r'), (156, 'รพ.นอร์ทอีสเทร์น-วัฒนา ', 'พญ.ศุภวรรณ ตั้งสืบกุล ', 'โทร. 0-4224-1031-3 ', 'โทรสาร. 0-4224-1956 ', 'อุดรธานี\r'), (157, 'รพ.ปัญญาเวช ', 'นพ.ปัญญา อยู่ประเสริฐ ', 'โทร. 0-4234-3111 ', 'โทรสาร. 0-4234-3065 ', 'อุดรธานี\r'), (158, 'รพ.เอกอุดร ', 'คุณวิเชียร ชมดง ', 'โทร. 0-4234-2555 ', 'โทรสาร. 0-4234-1033 ', 'อุดรธานี\r'), (159, 'รพ.มุกดาหารอินเตอร์ ', 'นพ.ธีระยุทธ นิยากูล ', 'โทร. 0-4263-3301-9 ', 'โทรสาร. 0-4263-3310 ', 'มุกดาหาร\r'), (160, 'รพ.นายแพทย์หาญ ', 'นพ.หาญ สุฉันทบุตร ', 'โทร. 0-4571-1356 ', 'โทรสาร. 0-4571-1020 ', 'ยโสธร\r'), (161, 'รพ.ยโสธรรวมแพทย์ ', 'นพ.หาญ สุฉันทบุตร ', 'โทร. 0-4571-2141-2 ', 'โทรสาร. 0-4572-0378 ', 'ยโสธร\r'), (162, 'รพ.กรุงเทพจุรีเวช ', 'พญ.กฤษณา โฆษิตจิรนันท์ ', 'โทร. 0-4352-7111 ', 'โทรสาร. 0-4352-7699 ', 'ร้อยเอ็ด\r'), (163, 'รพ.ประชารักษ์ ', 'ภก.สมพร จึงศิรกุลวิทย์ ', 'โทร. 0-4563-1313 ', 'โทรสาร. 0-4561-4202 ', 'ศรีสะเกษ\r'), (164, 'รพ.อุบลรักษ์ ธนบุรี ', 'นพ.สุรชัย สุพันธมาตย์ ', 'โทร. 0-4526-0285 ', 'โทรสาร. 0-4524-3654 ', 'อุบลราชธานี\r'), (165, 'รพ.แพทย์บัณฑิต ', 'นพ.นภดล ลุประสงค์ ', 'โทร. 0-5572-2044 ', 'โทรสาร. 0-5572-2044 ', 'กำแพงเพชร\r'), (166, 'รพ.รวมแพทย์ นครสวรรค์ ', 'นพ.กิตติ ตั้งบรรเจิดสุข ', 'โทร. 0-5622-3600 ', 'โทรสาร. 0-5622-5912 ', 'นครสวรรค์\r'), (167, 'รพ.ศรีสวรรค์ ', 'นพ.ชวลิต วิมลเฉลา ', 'โทร. 0-5631-1626 ', 'โทรสาร. 0-5622-2388 ', 'นครสวรรค์\r'), (168, 'รพ.ปากน้ำโพ ', 'นพ.วิสิทธิ์ อวิรุทธ์นันท์ ', 'โทร. 0-5622-5501 ', 'โทรสาร. 0-5622-7179 ', 'นครสวรรค์\r'), (169, 'รพ.ร่มฉัตร ', 'นพ.พรชัย สัตยาประเสริฐ ', 'โทร. 0-5631-2481-90 ', 'โทรสาร. 0-5622-8015 ', 'นครสวรรค์\r'), (170, 'รพ.รัตนเวช นครสวรรค์ ', 'พญ.สุรางค์รัตน์ วรรธนภูติ ', 'โทร. 0-5622-0320-8 ', 'โทรสาร. 0-5621-2164 ', 'นครสวรรค์\r'), (171, 'รพ.พัฒนเวชสุโขทัย ', 'นพ.สุชาติ กุละพัฒน์ ', 'โทร. 0-5562-1502-7 ', 'โทรสาร. 0-5561-2007 ', 'สุโขทัย\r'), (172, 'รพ.รวมแพทย์สุโขทัย ', 'นพ.พจนารถ จันทโรจวงศ์ ', 'โทร. 0-5561-2189-90 ', 'โทรสาร. 0-5561-2221 ', 'สุโขทัย\r'), (173, 'รพ.ตะพานหินรวมแพทย์ ', 'คุณบุญเลิศ คำนึงสิทธิ ', 'โทร. 0-5666-2678-80 ', 'โทรสาร. 0-5662-2208 ', 'พิจิตร\r'), (174, 'รพ.สหเวชพิจิตร ', 'นพ.เสริมสุข เหลาหชัยอรุณ ', 'โทร. 0-5661-2791-3 ', 'โทรสาร. 0-5661-2794 ', 'พิจิตร\r'), (175, 'รพ.พิษณุเวช ', 'นพ.สุเทพ นิ่มพิทักษ์พงศ์ ', 'โทร. 0-5524-4911-20 ', 'โทรสาร. 0-5525-2754 ', 'พิษณุโลก\r'), (176, 'รพ.รวมแพทย์ พิษณุโลก ', 'นพ.พีระเชษฐ์ ภู่เกียรติ ', 'โทร. 0-5521-9307 ', 'โทรสาร. 0-5524-1934 ', 'พิษณุโลก\r'), (177, 'รพ.รัตนเวช พิษณุโลก ', 'นพ.อุดม วาริทนันท์ ', 'โทร. 0-5521-0819-28 ', 'โทรสาร. 0-5521-1943 ', 'พิษณุโลก\r'), (178, 'รพ.อินเตอร์เวชการ ', 'นพ.ยงยศ จริยวิทยาวัฒน์ ', 'โทร. 0-5521-8777 ', 'โทรสาร. 0-5524-5678 ', 'พิษณุโลก\r'), (179, 'รพ.นครหล่ม ', 'นพ.พิเชษฐ์ อิศวสัมฤทธิ์ ', 'โทร. 0-5670-2015-7 ', 'โทรสาร. 0-5670-2018 ', 'เพชรบูรณ์\r'), (180, 'รพ.เพชรรัตน์ ', 'ทพ.ประจวบ จันทรคิด ', 'โทร. 0-5672-0600-4 ', 'โทรสาร. 0-5672-0679 ', 'เพชรบูรณ์\r'), (181, 'รพ.แพร่คริสเตียน ', 'นพ.สถาปน์ ชินวงศ์ ', 'โทร. 0-5451-1017 ', 'โทรสาร. 0-5452-2853 ', 'แพร่\r'), (182, 'รพ.แพร่-ราม ', 'นพ.วรชัย วงศ์วรกุล ', 'โทร. 0-5452-2911-3 ', 'โทรสาร. 0-5453-0007 ', 'แพร่\r'), (183, 'รพ.เกษมราษฎร์ศรีบุรินทร์ ', 'นพ.สมชัย ตั้งพร้อมพันธ์ ', 'โทร. 0-5371-7499 ', 'โทรสาร. 0-5371-7032 ', 'เชียงราย\r'), (184, 'รพ.โอเวอร์บรุ๊ค ', 'นพ.วิฑูรย์ ยงเมธาวุฒิ ', 'โทร. 0-5371-5830-4 ', 'โทรสาร. 0-5371-6755 ', 'เชียงราย\r'), (185, 'รพ.ช้างเผือก ', 'นพ.อำนวย ชิงชยานุรักษ์ ', 'โทร. 0-5322-0022 ', 'โทรสาร. 0-5321-8120 ', 'เชียงใหม่\r'), (186, 'รพ.เชียงใหม่ใกล้หมอ ', 'นพ.ศยาม เวศกิจกุล ', 'โทร. 0-5320-0002 ', 'โทรสาร. 0-5320-0002 ', 'เชียงใหม่\r'), (187, 'รพ.เชียงใหม่ราม ', 'นพ.วรพันธ์ อุณจักร ', 'โทร. 0-5322-4861 ', 'โทรสาร. 0-5322-4880 ', 'เชียงใหม่\r'), (188, 'รพ.เซ็นทรัลเชียงใหม่ ', 'คุณวรัญญา เลี้ยงลักษณ์เลิศ ', 'โทร. 0-5381-9333 ', 'โทรสาร. 0-5327-1624 ', 'เชียงใหม่\r'), (189, 'รพ.เทพปัญญา ', 'นพ.วรพันธ์ อุณจักร ', 'โทร. 0-5385-2590 ', 'โทรสาร. 0-5385-2590 ต่อ 3500 ', 'เชียงใหม่\r'), (190, 'รพ.แมคคอร์มิค ', 'tนพ.อดุล วรินทรเวช ', 'โทร. 0-5392-1777 ', 'โทรสาร. 0-5392-1734 ', 'เชียงใหม่\r'), (191, 'รพ.แมคเคน ', 'นพ.สมชาย อบบุญ ', 'โทร. 0-5381-7170 ', 'โทรสาร. 0-5312-4264 ', 'เชียงใหม่\r'), (192, 'รพ.รวมแพทย์ เชียงใหม่ ', 'นพ.สุมิน พฤกษิกานนท์ ', 'โทร. 0-5327-0144-8 ', 'โทรสาร. 0-5327-9256 ', 'เชียงใหม่\r'), (193, 'รพ.ราชเวชเชียงใหม่ ', 'ศ.นพ.ชาลี พรพัฒน์กุล ', 'โทร. 0-5380-1999 ', 'โทรสาร. 0-5380-1440 ', 'เชียงใหม่\r'), (194, 'รพ.ลานนา ', 'นพ.ดุสิต ศรีสกุล ', 'โทร. 0-5399-9701 ', 'โทรสาร. 0-5399-9799 ', 'เชียงใหม่\r'), (195, 'รพ.พะเยาราม ', 'นพ.ฐานิสร์ กาญจนรัตนากร ', 'โทร. 0-5441-1111-29 ', 'โทรสาร. 0-5441-1130 ', 'พะเยา\r'), (196, 'รพ.เขลางค์ ', 'นพ.บุญจง ชูชัยแสงรัตน์ ', 'โทร. 0-5422-5100 ', 'โทรสาร. 0-5422-5105 ', 'ลำปาง\r'), (197, 'รพ.หริภุญชัยเมโมเรียล ', 'นพ.วัชระ สนธิชัย ', 'โทร. 0-5358-1600-6 ', 'โทรสาร. 0-5358-1606 ', 'ลำพูน\r'), (198, 'รพ.วิรัชศิลป์ ', 'นพ.ประสิทธิ์ วิรัชสุขสมบัติ ', 'โทร. 0-7750-3238 ', 'โทรสาร. 0-7750-1163 ', 'ชุมพร\r'), (199, 'รพ.นครคริสเตียน ', 'นพ.ปรีชา มิตรกูล ', 'โทร. 0-7535-6214 ', 'โทรสาร. 0-7531-7110 ', 'นครศรีธรรมราช\r'), (200, 'รพ.นครพัฒน์ ', 'นพ.พรชัย ลีานิพนธ์ ', 'โทร. 0-7530-5999 ', 'โทรสาร. 0-7530-5954 ', 'นครศรีธรรมราช\r'), (201, 'รพ.นครินทร์ ', 'นพ.วิเชียร วิชานศวกุล ', 'โทร. 0-7531-2800-5 ', 'โทรสาร. 0-7531-7110 ', 'นครศรีธรรมราช\r'), (202, 'รพ.รวมแพทย์ทุ่งสง ', 'พญ.กษมาพร เที่ยงธรรม ', 'โทร. 0-7541-1330 ', 'โทรสาร. 0-7542-0685 ', 'นครศรีธรรมราช\r'), (203, 'รพ.กรุงเทพภูเก็ต ', 'นพ.ก้องเกียรติ เกษเพ็ชร ', 'โทร. 0-7625-4421-9 ', 'โทรสาร. 0-7625-4430 ', 'ภูเก็ต\r'), (204, 'รพ.สิริโรจน์ ', 'นพ.อนุโรจน์ ธารสิริโรจน์ ', 'โทร. 0-7624-9400 ', 'โทรสาร. 0-7621-0936 ', 'ภูเก็ต\r'), (205, 'รพ.ทักษิณ ', 'นพ.บรรจบ มานะกุล ', 'โทร. 0-7728-5701-5 ', 'โทรสาร. 0-7728-5701 ', 'สุราษฎร์ธานี\r'), (206, 'รพ.ไทยอินเตอร์เนชั่นแนล ', 'คุณกริชพงศ์ เค้าอุทัย ', 'โทร. 0-7724-5721-6 ', 'โทรสาร. 0-7724-5690 ', 'สุราษฎร์ธานี\r'), (207, 'รพ.บ้านดอนอินเตอร์ เกาะสมุย ', 'นพ.ชุมโชค จันทร์วิเมลือง ', 'โทร. 0-7724-5236 ', 'โทรสาร. 0-7748-5342 ', 'สุราษฎร์ธานี\r'), (208, 'รพ.ตรังรวมแพทย์ ', 'นพ.สมชัย เจียรนัยศิลป์ ', 'โทร. 0-7521-8988 ', 'โทรสาร. 0-7521-4684 ', 'ตรัง\r'), (209, 'รพ.วัฒนแพทย์ตรัง ', 'นพ.วิศิษฐ์ อมรวิทยารักษ์ ', 'โทร. 0-7520-5555 ', 'โทรสาร. 0-7520-5460 ', 'ตรัง\r'), (210, 'รพ.รวมแพทย์พัทลุง ', 'พญ.ศศินี โภคโต ', 'โทร. 0-7461-3166 ', 'โทรสาร. 0-7462-7370 ', 'พัทลุง\r'), (211, 'รพ.กรุงเทพหาดใหญ่ ', 'นพ.ณรงค์ฤทธิ์ ฮาวรังษี ', 'โทร. 0-7436-5780-9 ', 'โทรสาร. 0-7427-2840 ', 'สงขลา\r'), (212, 'รพ.มูลนิธิมิตรภาพสามัคคี ', 'นพ.จำลอง บ่อเกิด ', 'โทร. 0-7424-6446 ', 'โทรสาร. 0-7424-3549 ', 'สงขลา\r'), (213, 'รพ.ราษฎร์ยินดี ', 'คุณปิยพล ศรียะพันธุ์ ', 'โทร. 0-7420-0200 ', 'โทรสาร. 0-7420-0292 ', 'สงขลา\r'), (214, 'รพ.ศิครินทร์หาดใหญ่ ', 'นพ.อาคเนย์ สุขอยู่ ', 'โทร. 0-7436-6966 ', 'โทรสาร. 0-7436-6955 ', 'สงขลา');
/*!40000 ALTER TABLE `hospitals` ENABLE KEYS */;

# Dumping data for table mml.inventory: 0 rows
/*!40000 ALTER TABLE `inventory` DISABLE KEYS */;
/*!40000 ALTER TABLE `inventory` ENABLE KEYS */;

# Dumping data for table mml.manufacturing_items: 0 rows
/*!40000 ALTER TABLE `manufacturing_items` DISABLE KEYS */;
/*!40000 ALTER TABLE `manufacturing_items` ENABLE KEYS */;

# Dumping data for table mml.manufacturing_logs: 0 rows
/*!40000 ALTER TABLE `manufacturing_logs` DISABLE KEYS */;
/*!40000 ALTER TABLE `manufacturing_logs` ENABLE KEYS */;

# Dumping data for table mml.manufacturing_requests: 0 rows
/*!40000 ALTER TABLE `manufacturing_requests` DISABLE KEYS */;
/*!40000 ALTER TABLE `manufacturing_requests` ENABLE KEYS */;

# Dumping data for table mml.orders: 3 rows
/*!40000 ALTER TABLE `orders` DISABLE KEYS */;
INSERT INTO `orders` (`id`, `uuid`, `status`, `request_received`, `quote_price`, `customer_id`, `patient_id`, `hospital_id`, `referrer`) VALUES (1, '01-000001', '1', '2011-07-20 10:55:24', 1400.00, 83, 1, 128, '123'), (2, '01-000002', '2', '2011-07-23 11:56:15', 900.00, 149, 8, 112, NULL), (3, '01-000003', '1', '2011-07-14 10:56:44', 5000.00, 50, 9, 5, '213');
/*!40000 ALTER TABLE `orders` ENABLE KEYS */;

# Dumping data for table mml.order_items: 0 rows
/*!40000 ALTER TABLE `order_items` DISABLE KEYS */;
/*!40000 ALTER TABLE `order_items` ENABLE KEYS */;

# Dumping data for table mml.order_logs: 0 rows
/*!40000 ALTER TABLE `order_logs` DISABLE KEYS */;
/*!40000 ALTER TABLE `order_logs` ENABLE KEYS */;

# Dumping data for table mml.patients: 12 rows
/*!40000 ALTER TABLE `patients` DISABLE KEYS */;
INSERT INTO `patients` (`id`, `name`, `hn`, `customer_id`) VALUES (1, 'นางสุภมาส โรทินีลักษ์กุล', '7935161', NULL), (2, 'นายสมศักดิ์ ร่วมคิด', '4588933', NULL), (3, 'นางวิภา เหลืองนฤมิตชัย', '9139183', NULL), (4, 'นายสินธุ์ ตัณฑเสถียร', '1929117', NULL), (5, 'นายสุนทร นามสระ', '2228038', NULL), (6, 'นางสาวอำพร พวงศรี', '5352839', NULL), (7, 'นายสยาม สุขสถาวรพันธ์', '0080080', NULL), (8, 'นายชำนาญ อิงศรีสว่าง', '4341886', NULL), (9, 'นายวีระพันธุ์ หิรัญวิวัฒน์กุล', '1469189', NULL), (10, 'นายธนวรรธ โพธิรัตนังกูร', '4320290', NULL), (11, 'นายบุ้นเขี้ยง สุขสถาวรพันธุ์', '7193882', NULL), (12, 'นางสาววลัย ศรีมณีรุ่งโรจน์', '3008540', NULL);
/*!40000 ALTER TABLE `patients` ENABLE KEYS */;

# Dumping data for table mml.products: 11 rows
/*!40000 ALTER TABLE `products` DISABLE KEYS */;
INSERT INTO `products` (`id`, `code`, `display_name`, `recommended_dosage`, `category_id`, `unit_id`, `recommended_price`, `default_consume_time`, `note`) VALUES (1, '0', 'Vitamin A ; IU', '2000', 3, 1, NULL, NULL, NULL), (2, '0', 'Thiamin Hydrochloride (B1) ; mg', '10', 0, 1, NULL, NULL, NULL), (3, '0', 'Boron, Chelate ; mg', '1', 0, 1, NULL, NULL, NULL), (4, '0', 'Calcium, Chelate ; mg', '1000', 0, 1, NULL, NULL, NULL), (5, '0', 'Alpha Lipoic Acid ; mg', '100', 0, 1, NULL, NULL, NULL), (6, '0', 'Coenzyme Q10 ; mg', '30', 0, 1, NULL, NULL, NULL), (7, '0', 'Sustained Release Vit C (500 mg)', '500', 2, 1, NULL, NULL, NULL), (8, '0', 'Fish Oil (1000 mg EPA180/DHA120)', '1000', 2, 1, NULL, NULL, NULL), (9, '0', 'Riboflavin-5-Phosphate (B2) ; mg', '10', 3, 1, NULL, NULL, NULL), (10, '0', 'Niacinamide (B3) ; mg', '5', 3, 1, NULL, NULL, NULL), (13, '0', 'Calcium-D-Pantothenate (B5) ; mg', '10', 3, 1, NULL, NULL, NULL);
/*!40000 ALTER TABLE `products` ENABLE KEYS */;

# Dumping data for table mml.product_unit: 1 rows
/*!40000 ALTER TABLE `product_unit` DISABLE KEYS */;
INSERT INTO `product_unit` (`id`, `name`) VALUES (1, 'g');
/*!40000 ALTER TABLE `product_unit` ENABLE KEYS */;

# Dumping data for table mml.stock_cards: 0 rows
/*!40000 ALTER TABLE `stock_cards` DISABLE KEYS */;
/*!40000 ALTER TABLE `stock_cards` ENABLE KEYS */;

# Dumping data for table mml.users: 261 rows
/*!40000 ALTER TABLE `users` DISABLE KEYS */;
INSERT INTO `users` (`id`, `username`, `display_name`, `full_name`, `password`, `salt`, `email`, `type`, `inactive`) VALUES (1, 'admin', 'Admin', 'Admin Person', 'ed2b1f468c5f915f3f1cf75d7068baae', '1234', NULL, 'ADMIN', 0), (2, 'test', 'tester1', 'Tester Number1', '\'\'', '1234', NULL, 'GUEST', 0), (3, 'demo', 'demo', 'demo', '2e5c7db760a33498023813489cfadc0b', '28b206548469ce62182048fd9cf91760', 'webmaster@example.com', 'GUEST', 0), (4, 'doctor1', 'doctor1', 'นพ.สมชาย จันทร์สว่าง ', 'ed2b1f468c5f915f3f1cf75d7068baae', '1234', 'mml1@spam.la', 'CLINICIAN', 0), (5, 'doctor2', 'doctor2', 'ดร.ทวีศักดิ์ มหชวโรจน์', 'ed2b1f468c5f915f3f1cf75d7068baae', '1234', 'mml2@spam.la', 'CLINICIAN', 0), (6, 'doctor3', 'doctor3', 'พล.ร.ต.นพ.สุรเชษฐ สู่พานิช ', 'ed2b1f468c5f915f3f1cf75d7068baae', '1234', 'mml3@spam.la', 'CLINICIAN', 0), (7, 'doctor4', 'doctor4', 'นพ.ไศล สุขพันธ์โพธาราม ', 'ed2b1f468c5f915f3f1cf75d7068baae', '1234', 'mml4@spam.la', 'CLINICIAN', 0), (8, 'doctor5', 'doctor5', 'นพ.สุวัฒน์ วิทยาคม ', 'ed2b1f468c5f915f3f1cf75d7068baae', '1234', 'mml5@spam.la', 'CLINICIAN', 0), (9, 'doctor6', 'doctor6', 'คุณพูลชัย ชเนศร์ ', 'ed2b1f468c5f915f3f1cf75d7068baae', '1234', 'mml6@spam.la', 'CLINICIAN', 0), (10, 'doctor7', 'doctor7', 'นพ.ฐิติ พัฒนกำจร ', 'ed2b1f468c5f915f3f1cf75d7068baae', '1234', 'mml7@spam.la', 'CLINICIAN', 0), (11, 'doctor8', 'doctor8', 'นพ.สุวิทย์ โฆษิตสุรังคกุล ', 'ed2b1f468c5f915f3f1cf75d7068baae', '1234', 'mml8@spam.la', 'CLINICIAN', 0), (12, 'admin1', 'doctor9', 'นพ.ธวัชชัย วานิชกร ', 'ed2b1f468c5f915f3f1cf75d7068baae', '1234', 'mml9@spam.la', 'ADMIN', 0), (13, 'admin2', 'doctor10', 'นพ.ชัยพฤกษ์ ปิยะเกศิน ', 'ed2b1f468c5f915f3f1cf75d7068baae', '1234', 'mml10@spam.la', 'ADMIN', 0), (14, 'admin3', 'doctor11', 'นพ.นพรัตน์ สุจริตจันทร์ ', 'ed2b1f468c5f915f3f1cf75d7068baae', '1234', 'mml11@spam.la', 'ADMIN', 0), (15, 'admin4', 'doctor12', 'นพ.จงเจตน์ อาวเจนพงษ์ ', 'ed2b1f468c5f915f3f1cf75d7068baae', '1234', 'mml12@spam.la', 'ADMIN', 0), (16, 'manager1', 'manager1', 'นพ.จำเริญ สรพิพัฒน์ ', 'ed2b1f468c5f915f3f1cf75d7068baae', '1234', 'mml13@spam.la', 'MANAGER', 0), (17, 'manager2', 'manager2', 'นพ.สุชัย หยองอนุกูล์ ', 'ed2b1f468c5f915f3f1cf75d7068baae', '1234', 'mml14@spam.la', 'MANAGER', 0), (18, 'manager3', 'manager3', 'ศ.นพ.จิตร สิทธิอมร ', 'ed2b1f468c5f915f3f1cf75d7068baae', '1234', 'mml15@spam.la', 'MANAGER', 0), (19, 'manager4', 'manager4', 'พญ.ลักษมี ว่องกุศลกิจ ', 'ed2b1f468c5f915f3f1cf75d7068baae', '1234', 'mml16@spam.la', 'MANAGER', 0), (20, 'tester17', 'doctor17', 'นพ.สราวุธ อนันต์เศรษฐกุล ', 'ed2b1f468c5f915f3f1cf75d7068baae', '1234', 'mml17@spam.la', 'CLINICIAN', 0), (21, 'operator1', 'operator1', 'นพ.ศุภชัย โชติบุตร ', 'ed2b1f468c5f915f3f1cf75d7068baae', '1234', 'mml18@spam.la', 'OPERATOR', 0), (22, 'operator2', 'operator2', 'ศ.นพ.เทพ หิมะทองคำ ', 'ed2b1f468c5f915f3f1cf75d7068baae', '1234', 'mml19@spam.la', 'OPERATOR', 0), (23, 'operator3', 'operator3', 'นพ.เจริญ มีนสุข ', 'ed2b1f468c5f915f3f1cf75d7068baae', '1234', 'mml20@spam.la', 'OPERATOR', 0), (24, 'operator4', 'operator4', 'คุณเฉลิมกุล อภิกุลโอภาส ', 'ed2b1f468c5f915f3f1cf75d7068baae', '1234', 'mml21@spam.la', 'OPERATOR', 0), (25, 'tester22', 'doctor22', 'นพ.วิโรจน์ ตระการวิจิตร ', 'ed2b1f468c5f915f3f1cf75d7068baae', '1234', 'mml22@spam.la', 'CLINICIAN', 0), (26, 'tester23', 'doctor23', 'นพ.ประจักษ์ บุญจิตต์พิมล ', 'ed2b1f468c5f915f3f1cf75d7068baae', '1234', 'mml23@spam.la', 'CLINICIAN', 0), (27, 'tester24', 'doctor24', 'นพ.อรรคพาสน์ โอวาทตระกูล ', 'ed2b1f468c5f915f3f1cf75d7068baae', '1234', 'mml24@spam.la', 'CLINICIAN', 0), (28, 'tester25', 'doctor25', 'พญ..เจรียง จันทรกมล ', 'ed2b1f468c5f915f3f1cf75d7068baae', '1234', 'mml25@spam.la', 'CLINICIAN', 0), (29, 'tester26', 'doctor26', 'พญ.ลินดา ไกรวิทย์ ', 'ed2b1f468c5f915f3f1cf75d7068baae', '1234', 'mml26@spam.la', 'CLINICIAN', 0), (30, 'tester27', 'doctor27', 'นพ.ชุตินันท์ พรมมินทร์ ', 'ed2b1f468c5f915f3f1cf75d7068baae', '1234', 'mml27@spam.la', 'CLINICIAN', 0), (31, 'sale1', 'sale1', 'นพ.วีระ อิงคภาสกร ', 'ed2b1f468c5f915f3f1cf75d7068baae', '1234', 'mml28@spam.la', 'SALE', 0), (32, 'sale3', 'sale3', 'นพ.มานิตย์ จารุวรรณ ', 'ed2b1f468c5f915f3f1cf75d7068baae', '1234', 'mml29@spam.la', 'SALE', 0), (33, 'sale4', 'sale4', 'พญ.ศศิธร พงษ์สามารถ ', 'ed2b1f468c5f915f3f1cf75d7068baae', '1234', 'mml30@spam.la', 'SALE', 0), (34, 'sale2', 'sale2', 'นพ.เกตุ สายเพชร์ ', 'ed2b1f468c5f915f3f1cf75d7068baae', '1234', 'mml31@spam.la', 'SALE', 0), (35, 'tester32', 'doctor32', 'นพ.สุรสิทธิ์ อัศดามงคล ', 'ed2b1f468c5f915f3f1cf75d7068baae', '1234', 'mml32@spam.la', 'CLINICIAN', 0), (36, 'tester33', 'doctor33', 'คุณแม็ค แบนเนอร์ ', 'ed2b1f468c5f915f3f1cf75d7068baae', '1234', 'mml33@spam.la', 'CLINICIAN', 0), (37, 'tester34', 'doctor34', 'รออ.นพ.พิทักษ์ ฐานบัญชา ', 'ed2b1f468c5f915f3f1cf75d7068baae', '1234', 'mml34@spam.la', 'CLINICIAN', 0), (38, 'tester35', 'doctor35', '  ', 'ed2b1f468c5f915f3f1cf75d7068baae', '1234', 'mml35@spam.la', 'CLINICIAN', 0), (39, 'tester36', 'doctor36', 'นพ.พิชัย แพร่ภัทร ', 'ed2b1f468c5f915f3f1cf75d7068baae', '1234', 'mml36@spam.la', 'CLINICIAN', 0), (40, 'tester37', 'doctor37', 'นพ.นพรัตน์ โง้วจุงดี ', 'ed2b1f468c5f915f3f1cf75d7068baae', '1234', 'mml37@spam.la', 'CLINICIAN', 0), (41, 'manufacture2', 'manufacture2', 'คุณไกรวิน ศรีไกรวิน ', 'ed2b1f468c5f915f3f1cf75d7068baae', '1234', 'mml38@spam.la', 'MANUFACTURE', 0), (42, 'manufacture3', 'manufacture3', 'คุณธนา ถิรมนัส ', 'ed2b1f468c5f915f3f1cf75d7068baae', '1234', 'mml39@spam.la', 'MANUFACTURE', 0), (43, 'manufacture1', 'manufacture1', 'นพ.อนันตศักดิ์ อภัยรัตน์ ', 'ed2b1f468c5f915f3f1cf75d7068baae', '1234', 'mml40@spam.la', 'MANUFACTURE', 0), (44, 'manufacture4', 'manufacture4', 'นพ.ปรีชา เลิศศิวาพร ', 'ed2b1f468c5f915f3f1cf75d7068baae', '1234', 'mml41@spam.la', 'MANUFACTURE', 0), (45, 'tester42', 'doctor42', 'นพ.เสถียร ภู่ประเสริฐ ', 'ed2b1f468c5f915f3f1cf75d7068baae', '1234', 'mml42@spam.la', 'CLINICIAN', 0), (46, 'tester43', 'doctor43', 'นพ.พิชิต ยิ่งเจริญ ', 'ed2b1f468c5f915f3f1cf75d7068baae', '1234', 'mml43@spam.la', 'CLINICIAN', 0), (47, 'tester44', 'doctor44', 'นพ.ชนะ ตันจันทร์พงษ์ ', 'ed2b1f468c5f915f3f1cf75d7068baae', '1234', 'mml44@spam.la', 'CLINICIAN', 0), (48, 'tester45', 'doctor45', 'นพ.สวัสดิ์ เถกิงเดช ', 'ed2b1f468c5f915f3f1cf75d7068baae', '1234', 'mml45@spam.la', 'CLINICIAN', 0), (49, 'tester46', 'doctor46', 'นพ.เหรียญทอง แน่นหนา ', 'ed2b1f468c5f915f3f1cf75d7068baae', '1234', 'mml46@spam.la', 'CLINICIAN', 0), (50, 'tester47', 'doctor47', 'นพ.ชูเกียรติ ศุภนันตฤกษ์ ', 'ed2b1f468c5f915f3f1cf75d7068baae', '1234', 'mml47@spam.la', 'CLINICIAN', 0), (51, 'staff1', 'staff1', 'คุณสมชัย ชื่นจิตร ', 'ed2b1f468c5f915f3f1cf75d7068baae', '1234', 'mml48@spam.la', 'CLINICIAN_STAFF', 0), (52, 'staff3', 'staff3', 'นพ.ภาวิต ปุญญฤทธ์ ', 'ed2b1f468c5f915f3f1cf75d7068baae', '1234', 'mml49@spam.la', 'CLINICIAN_STAFF', 0), (53, 'staff2', 'staff2', 'นพ. เกริกยศ ชลายนเดชะ ', 'ed2b1f468c5f915f3f1cf75d7068baae', '1234', 'mml50@spam.la', 'CLINICIAN_STAFF', 0), (54, 'staff4', 'staff4', 'นพ.ธวัชชัย เจริญวงศ์ ', 'ed2b1f468c5f915f3f1cf75d7068baae', '1234', 'mml51@spam.la', 'CLINICIAN_STAFF', 0), (55, 'tester52', 'doctor52', 'ทพ.เจิมพล ภูมิตระกูล ', 'ed2b1f468c5f915f3f1cf75d7068baae', '1234', 'mml52@spam.la', 'CLINICIAN', 0), (56, 'tester53', 'doctor53', 'คุณนิตยา ปรีชายุทธ ', 'ed2b1f468c5f915f3f1cf75d7068baae', '1234', 'mml53@spam.la', 'CLINICIAN', 0), (57, 'tester54', 'doctor54', 'นพ.วรพงศ์ จูตะวิริยะ ', 'ed2b1f468c5f915f3f1cf75d7068baae', '1234', 'mml54@spam.la', 'CLINICIAN', 0), (58, 'tester55', 'doctor55', 'พล.ท.นพ.ณรงค์ รอดวรรณะ ', 'ed2b1f468c5f915f3f1cf75d7068baae', '1234', 'mml55@spam.la', 'CLINICIAN', 0), (59, 'tester56', 'doctor56', 'พล.ท.นพ.พร้อมพงษ์ พีระบูล ', 'ed2b1f468c5f915f3f1cf75d7068baae', '1234', 'mml56@spam.la', 'CLINICIAN', 0), (60, 'tester57', 'doctor57', 'นพ.ไพบูลย์ เอกแสงศรี ', 'ed2b1f468c5f915f3f1cf75d7068baae', '1234', 'mml57@spam.la', 'CLINICIAN', 0), (61, 'tester58', 'doctor58', 'ร.อ.ชาคริต ศึกษากิจ ', 'ed2b1f468c5f915f3f1cf75d7068baae', '1234', 'mml58@spam.la', 'CLINICIAN', 0), (62, 'tester59', 'doctor59', 'นพ.ถนอมชัย คู่ทวีธรรม ', 'ed2b1f468c5f915f3f1cf75d7068baae', '1234', 'mml59@spam.la', 'CLINICIAN', 0), (63, 'tester60', 'doctor60', 'นพ.สุรพล โล่สิริวัฒน์ ', 'ed2b1f468c5f915f3f1cf75d7068baae', '1234', 'mml60@spam.la', 'CLINICIAN', 0), (64, 'tester61', 'doctor61', 'นพ.นิพนธ์ ธีราโมก ', 'ed2b1f468c5f915f3f1cf75d7068baae', '1234', 'mml61@spam.la', 'CLINICIAN', 0), (65, 'tester62', 'doctor62', 'นพ.ธงชัย ฉัตรยิ่งมงคล ', 'ed2b1f468c5f915f3f1cf75d7068baae', '1234', 'mml62@spam.la', 'CLINICIAN', 0), (66, 'tester63', 'doctor63', 'นพ.เทอดศักดิ์ ปรมากูล ', 'ed2b1f468c5f915f3f1cf75d7068baae', '1234', 'mml63@spam.la', 'CLINICIAN', 0), (67, 'tester64', 'doctor64', 'นพ.โชคชัย จารุศิริพิพัฒน์ ', 'ed2b1f468c5f915f3f1cf75d7068baae', '1234', 'mml64@spam.la', 'CLINICIAN', 0), (68, 'tester65', 'doctor65', 'นพ.ดุลย์ ดำรงศักดิ์ ', 'ed2b1f468c5f915f3f1cf75d7068baae', '1234', 'mml65@spam.la', 'CLINICIAN', 0), (69, 'tester66', 'doctor66', 'น.ท.พญ.ลักษมี ว่องกุศลกิจ ', 'ed2b1f468c5f915f3f1cf75d7068baae', '1234', 'mml66@spam.la', 'CLINICIAN', 0), (70, 'tester67', 'doctor67', 'นพ.ศิริพงษ์ เหลืองวารินกุล ', 'ed2b1f468c5f915f3f1cf75d7068baae', '1234', 'mml67@spam.la', 'CLINICIAN', 0), (71, 'tester68', 'doctor68', 'นพ.ดาวิน นารูลา ', 'ed2b1f468c5f915f3f1cf75d7068baae', '1234', 'mml68@spam.la', 'CLINICIAN', 0), (72, 'tester69', 'doctor69', 'นพ.พรชัย ตั้งลัคนวาณิชย์ ', 'ed2b1f468c5f915f3f1cf75d7068baae', '1234', 'mml69@spam.la', 'CLINICIAN', 0), (73, 'tester70', 'doctor70', 'นพ.ไกรสิทธิ์ นฤขัตพิชัย ', 'ed2b1f468c5f915f3f1cf75d7068baae', '1234', 'mml70@spam.la', 'CLINICIAN', 0), (74, 'tester71', 'doctor71', 'นพ.ตุลวรรธน์ พัชราภา ', 'ed2b1f468c5f915f3f1cf75d7068baae', '1234', 'mml71@spam.la', 'CLINICIAN', 0), (75, 'tester72', 'doctor72', 'คุณกมลวรรณ ลักษณะกาญจน์ ', 'ed2b1f468c5f915f3f1cf75d7068baae', '1234', 'mml72@spam.la', 'CLINICIAN', 0), (76, 'tester73', 'doctor73', 'นพ.พรมพันธ์ พรมมาส ', 'ed2b1f468c5f915f3f1cf75d7068baae', '1234', 'mml73@spam.la', 'CLINICIAN', 0), (77, 'tester74', 'doctor74', 'นพ.อนันต์ ธรรมจำรัสศรี ', 'ed2b1f468c5f915f3f1cf75d7068baae', '1234', 'mml74@spam.la', 'CLINICIAN', 0), (78, 'tester75', 'doctor75', 'นพ.สุชัย หยองอนุกูล ', 'ed2b1f468c5f915f3f1cf75d7068baae', '1234', 'mml75@spam.la', 'CLINICIAN', 0), (79, 'tester76', 'doctor76', 'นพ.กฤชรัตน์ ตระกูลช่าง ', 'ed2b1f468c5f915f3f1cf75d7068baae', '1234', 'mml76@spam.la', 'CLINICIAN', 0), (80, 'tester77', 'doctor77', 'คุณพูนศักดิ์ จรูญศิริ ', 'ed2b1f468c5f915f3f1cf75d7068baae', '1234', 'mml77@spam.la', 'CLINICIAN', 0), (81, 'tester78', 'doctor78', 'นพ.สุนทร อันตรเสน ', 'ed2b1f468c5f915f3f1cf75d7068baae', '1234', 'mml78@spam.la', 'CLINICIAN', 0), (82, 'tester79', 'doctor79', 'นพ.ส่งเสริม พานิชาภรณ์ ', 'ed2b1f468c5f915f3f1cf75d7068baae', '1234', 'mml79@spam.la', 'CLINICIAN', 0), (83, 'clinician4', 'clinician4', 'นพ.สุธีร์ สทุมถิระ ', 'ed2b1f468c5f915f3f1cf75d7068baae', '1234', 'mml80@spam.la', 'CLINICIAN', 0), (84, 'clinician1', 'clinician1', 'นพ.บุญชัย อิศราพิสิษฐ์ ', 'ed2b1f468c5f915f3f1cf75d7068baae', '1234', 'mml81@spam.la', 'CLINICIAN', 0), (85, 'clinician3', 'clinician3', 'คุณวิโรจน์ อภิสิทธิ์วิทยา ', 'ed2b1f468c5f915f3f1cf75d7068baae', '1234', 'mml82@spam.la', 'CLINICIAN', 0), (86, 'clinician2', 'clinician2', 'นพ.ณรงค์ฤทธิ์ ฮาวรังษี ', 'ed2b1f468c5f915f3f1cf75d7068baae', '1234', 'mml83@spam.la', 'CLINICIAN', 0), (87, 'tester84', 'doctor84', 'นพ.กำพล พลัสสินทร์ ', 'ed2b1f468c5f915f3f1cf75d7068baae', '1234', 'mml84@spam.la', 'CLINICIAN', 0), (88, 'tester85', 'doctor85', 'นพ.กำพล พลัสสินทร์ ', 'ed2b1f468c5f915f3f1cf75d7068baae', '1234', 'mml85@spam.la', 'CLINICIAN', 0), (89, 'tester86', 'doctor86', 'นพ.ยุทธนา สงวนศักดิ์โกศล ', 'ed2b1f468c5f915f3f1cf75d7068baae', '1234', 'mml86@spam.la', 'CLINICIAN', 0), (90, 'tester87', 'doctor87', 'นพ.ภาสกร รักษ์กุล ', 'ed2b1f468c5f915f3f1cf75d7068baae', '1234', 'mml87@spam.la', 'CLINICIAN', 0), (91, 'tester88', 'doctor88', 'นพ.อนันต์ อธิพันธุ์อำไพ ', 'ed2b1f468c5f915f3f1cf75d7068baae', '1234', 'mml88@spam.la', 'CLINICIAN', 0), (92, 'tester89', 'doctor89', 'นพ.นิคม ศิริชัย ', 'ed2b1f468c5f915f3f1cf75d7068baae', '1234', 'mml89@spam.la', 'CLINICIAN', 0), (93, 'tester90', 'doctor90', 'นพ.ต่อพงศ์ อัศวิษณุ ', 'ed2b1f468c5f915f3f1cf75d7068baae', '1234', 'mml90@spam.la', 'CLINICIAN', 0), (94, 'tester91', 'doctor91', 'นพ.พิพัฒน์ พงศ์รัตนามาน ', 'ed2b1f468c5f915f3f1cf75d7068baae', '1234', 'mml91@spam.la', 'CLINICIAN', 0), (95, 'tester92', 'doctor92', 'นพ.พิพัฒน์ พงศ์รัตนามาน ', 'ed2b1f468c5f915f3f1cf75d7068baae', '1234', 'mml92@spam.la', 'CLINICIAN', 0), (96, 'tester93', 'doctor93', 'คุณธนวัฒน์ ทวีชัยถาวร ', 'ed2b1f468c5f915f3f1cf75d7068baae', '1234', 'mml93@spam.la', 'CLINICIAN', 0), (97, 'tester94', 'doctor94', 'นพ.เขตโสภณ จัตวัฒนกุล ', 'ed2b1f468c5f915f3f1cf75d7068baae', '1234', 'mml94@spam.la', 'CLINICIAN', 0), (98, 'tester95', 'doctor95', 'นพ.โอภาส สินเพิ่มสุขสกุล ', 'ed2b1f468c5f915f3f1cf75d7068baae', '1234', 'mml95@spam.la', 'CLINICIAN', 0), (99, 'tester96', 'doctor96', 'นพ.ศิริพงษ์ วิทยเลิศปัญญา ', 'ed2b1f468c5f915f3f1cf75d7068baae', '1234', 'mml96@spam.la', 'CLINICIAN', 0), (100, 'tester97', 'doctor97', 'นพ.สุเทพ วัตถุศิลป์ ', 'ed2b1f468c5f915f3f1cf75d7068baae', '1234', 'mml97@spam.la', 'CLINICIAN', 0), (101, 'tester98', 'doctor98', 'นพ.พงษ์เทพ เลิศสุวรรณสิทธิ์ ', 'ed2b1f468c5f915f3f1cf75d7068baae', '1234', 'mml98@spam.la', 'CLINICIAN', 0), (102, 'tester99', 'doctor99', 'นพ.วราศักดิ์ ไกรฤกษ์ ', 'ed2b1f468c5f915f3f1cf75d7068baae', '1234', 'mml99@spam.la', 'CLINICIAN', 0), (103, 'tester100', 'doctor100', 'พญ.วรินทร อัศวนิก ', 'ed2b1f468c5f915f3f1cf75d7068baae', '1234', 'mml100@spam.la', 'CLINICIAN', 0), (104, 'tester101', 'doctor101', 'นพ.สมเจษฎ์ ไกรโรจนานันท์ ', 'ed2b1f468c5f915f3f1cf75d7068baae', '1234', 'mml101@spam.la', 'CLINICIAN', 0), (105, 'tester102', 'doctor102', 'นพ.พนม สนิทประชากร ', 'ed2b1f468c5f915f3f1cf75d7068baae', '1234', 'mml102@spam.la', 'CLINICIAN', 0), (106, 'tester103', 'doctor103', 'คุณไชยวัฒน์ วีระสมบัติ ', 'ed2b1f468c5f915f3f1cf75d7068baae', '1234', 'mml103@spam.la', 'CLINICIAN', 0), (107, 'tester104', 'doctor104', 'นพ.ประเจิด สุรีย์จามร ', 'ed2b1f468c5f915f3f1cf75d7068baae', '1234', 'mml104@spam.la', 'CLINICIAN', 0), (108, 'tester105', 'doctor105', 'นพ.วิวัฒน์ กิตติวัฒนโชติ ', 'ed2b1f468c5f915f3f1cf75d7068baae', '1234', 'mml105@spam.la', 'CLINICIAN', 0), (109, 'tester106', 'doctor106', 'นพ.สำเริง ศรีผุดผ่อง ', 'ed2b1f468c5f915f3f1cf75d7068baae', '1234', 'mml106@spam.la', 'CLINICIAN', 0), (110, 'tester107', 'doctor107', 'นพ.บุญชัย บุญแสง ', 'ed2b1f468c5f915f3f1cf75d7068baae', '1234', 'mml107@spam.la', 'CLINICIAN', 0), (111, 'tester108', 'doctor108', 'นพ.เมธ โชคชัยชาญ ', 'ed2b1f468c5f915f3f1cf75d7068baae', '1234', 'mml108@spam.la', 'CLINICIAN', 0), (112, 'tester109', 'doctor109', 'นพ.ทรงกิจ สุทธิกาญจน์ ', 'ed2b1f468c5f915f3f1cf75d7068baae', '1234', 'mml109@spam.la', 'CLINICIAN', 0), (113, 'tester110', 'doctor110', 'นพ.จารุวัฑ ใช้ความเพียร ', 'ed2b1f468c5f915f3f1cf75d7068baae', '1234', 'mml110@spam.la', 'CLINICIAN', 0), (114, 'tester111', 'doctor111', 'นพ.กำธร ศิริธัญญาลักษณ์ ', 'ed2b1f468c5f915f3f1cf75d7068baae', '1234', 'mml111@spam.la', 'CLINICIAN', 0), (115, 'tester112', 'doctor112', 'พญ.ชุติมา ปิ่นเจริญ ', 'ed2b1f468c5f915f3f1cf75d7068baae', '1234', 'mml112@spam.la', 'CLINICIAN', 0), (116, 'tester113', 'doctor113', 'นพ.การุณ พุทธภาวนา ', 'ed2b1f468c5f915f3f1cf75d7068baae', '1234', 'mml113@spam.la', 'CLINICIAN', 0), (117, 'tester114', 'doctor114', 'นพ.พิชิต กังวลกิจ ', 'ed2b1f468c5f915f3f1cf75d7068baae', '1234', 'mml114@spam.la', 'CLINICIAN', 0), (118, 'tester115', 'doctor115', 'พญ.วิมล สุรินทราบูรณ์ ', 'ed2b1f468c5f915f3f1cf75d7068baae', '1234', 'mml115@spam.la', 'CLINICIAN', 0), (119, 'tester116', 'doctor116', 'นพ.ธนาคม แมนธนานนท์ ', 'ed2b1f468c5f915f3f1cf75d7068baae', '1234', 'mml116@spam.la', 'CLINICIAN', 0), (120, 'tester117', 'doctor117', 'นพ.สมเกียรติ ธนไพศาลพิพัฒน์ ', 'ed2b1f468c5f915f3f1cf75d7068baae', '1234', 'mml117@spam.la', 'CLINICIAN', 0), (121, 'tester118', 'doctor118', 'คุณอุไรวรรณ เทพนมรัตน์ ', 'ed2b1f468c5f915f3f1cf75d7068baae', '1234', 'mml118@spam.la', 'CLINICIAN', 0), (122, 'tester119', 'doctor119', 'นพ.ชัยรัตน์ ปัณฑุรอัมพร ', 'ed2b1f468c5f915f3f1cf75d7068baae', '1234', 'mml119@spam.la', 'CLINICIAN', 0), (123, 'tester120', 'doctor120', 'ผศ.รังสรรค์ สุฉันทบุตร ', 'ed2b1f468c5f915f3f1cf75d7068baae', '1234', 'mml120@spam.la', 'CLINICIAN', 0), (124, 'tester121', 'doctor121', 'นพ.จรัล ใจแพทย์ ', 'ed2b1f468c5f915f3f1cf75d7068baae', '1234', 'mml121@spam.la', 'CLINICIAN', 0), (125, 'tester122', 'doctor122', 'นพ.สานิตย์ ชากฤษณ์ ', 'ed2b1f468c5f915f3f1cf75d7068baae', '1234', 'mml122@spam.la', 'CLINICIAN', 0), (126, 'tester123', 'doctor123', 'พญ.สุดจิต ลิขสิทธิ์ศุภการ ', 'ed2b1f468c5f915f3f1cf75d7068baae', '1234', 'mml123@spam.la', 'CLINICIAN', 0), (127, 'tester124', 'doctor124', 'นพ.นิยม สลิสอำไพ ', 'ed2b1f468c5f915f3f1cf75d7068baae', '1234', 'mml124@spam.la', 'CLINICIAN', 0), (128, 'tester125', 'doctor125', 'นพ.กริช สัตยบุตร ', 'ed2b1f468c5f915f3f1cf75d7068baae', '1234', 'mml125@spam.la', 'CLINICIAN', 0), (129, 'tester126', 'doctor126', 'นพ.วิโรจน์ ดิเรกสถาพร ', 'ed2b1f468c5f915f3f1cf75d7068baae', '1234', 'mml126@spam.la', 'CLINICIAN', 0), (130, 'tester127', 'doctor127', 'นพ.วรวิทย์ วัชโรทยางกูร ', 'ed2b1f468c5f915f3f1cf75d7068baae', '1234', 'mml127@spam.la', 'CLINICIAN', 0), (131, 'tester128', 'doctor128', 'นพ.จรัสพงษ์ ทังสุบุตร ', 'ed2b1f468c5f915f3f1cf75d7068baae', '1234', 'mml128@spam.la', 'CLINICIAN', 0), (132, 'tester129', 'doctor129', 'นพ.ทรงชัย ศรีโรจนกุล ', 'ed2b1f468c5f915f3f1cf75d7068baae', '1234', 'mml129@spam.la', 'CLINICIAN', 0), (133, 'tester130', 'doctor130', 'นพ.เอกลาภ ทองบริสุทธิ์ ', 'ed2b1f468c5f915f3f1cf75d7068baae', '1234', 'mml130@spam.la', 'CLINICIAN', 0), (134, 'tester131', 'doctor131', 'ภญ.รพีพร กิตติวงศ์โสภณ ', 'ed2b1f468c5f915f3f1cf75d7068baae', '1234', 'mml131@spam.la', 'CLINICIAN', 0), (135, 'tester132', 'doctor132', 'นพ.สัมฤทธิ์ สินธัญญาธรรม ', 'ed2b1f468c5f915f3f1cf75d7068baae', '1234', 'mml132@spam.la', 'CLINICIAN', 0), (136, 'tester133', 'doctor133', 'คุณจิรวัฒน์ สุจิรานุธรรม ', 'ed2b1f468c5f915f3f1cf75d7068baae', '1234', 'mml133@spam.la', 'CLINICIAN', 0), (137, 'tester134', 'doctor134', 'นพ.ประสงค์ ประภาวงศ์ ', 'ed2b1f468c5f915f3f1cf75d7068baae', '1234', 'mml134@spam.la', 'CLINICIAN', 0), (138, 'tester135', 'doctor135', 'นพ.กมิล ปั้นประสงค์ ', 'ed2b1f468c5f915f3f1cf75d7068baae', '1234', 'mml135@spam.la', 'CLINICIAN', 0), (139, 'tester136', 'doctor136', 'พญ.สุวรรณา ชูพิศาลยโรจน์ ', 'ed2b1f468c5f915f3f1cf75d7068baae', '1234', 'mml136@spam.la', 'CLINICIAN', 0), (140, 'tester137', 'doctor137', 'นพ.อิทธิ ฉันศิริกาญจน ', 'ed2b1f468c5f915f3f1cf75d7068baae', '1234', 'mml137@spam.la', 'CLINICIAN', 0), (141, 'tester138', 'doctor138', 'พญ.ดาวัลย์ อนุวุฒินาวิน ', 'ed2b1f468c5f915f3f1cf75d7068baae', '1234', 'mml138@spam.la', 'CLINICIAN', 0), (142, 'tester139', 'doctor139', 'นพ.พงษ์ศักดิ์ วัฒนา ', 'ed2b1f468c5f915f3f1cf75d7068baae', '1234', 'mml139@spam.la', 'CLINICIAN', 0), (143, 'tester140', 'doctor140', 'พญ.สายสุนี วรรณดุรงค์วรรณ ', 'ed2b1f468c5f915f3f1cf75d7068baae', '1234', 'mml140@spam.la', 'CLINICIAN', 0), (144, 'tester141', 'doctor141', 'นพ.เกรียงไกร จีระแพทย์ ', 'ed2b1f468c5f915f3f1cf75d7068baae', '1234', 'mml141@spam.la', 'CLINICIAN', 0), (145, 'tester142', 'doctor142', 'นพ.โกวิท คำพิทักษ์ ', 'ed2b1f468c5f915f3f1cf75d7068baae', '1234', 'mml142@spam.la', 'CLINICIAN', 0), (146, 'tester143', 'doctor143', 'นพ.ประณีต สงวนตระกูล ', 'ed2b1f468c5f915f3f1cf75d7068baae', '1234', 'mml143@spam.la', 'CLINICIAN', 0), (147, 'tester144', 'doctor144', 'นพ.ธนรัชต์ สมุทรเพชร ', 'ed2b1f468c5f915f3f1cf75d7068baae', '1234', 'mml144@spam.la', 'CLINICIAN', 0), (148, 'tester145', 'doctor145', 'นพ.บรรพต พึ่งชัยพัฒน์ ', 'ed2b1f468c5f915f3f1cf75d7068baae', '1234', 'mml145@spam.la', 'CLINICIAN', 0), (149, 'tester146', 'doctor146', 'นพ.วรพงษ์ ศักดิ์ศิรินุกูล ', 'ed2b1f468c5f915f3f1cf75d7068baae', '1234', 'mml146@spam.la', 'CLINICIAN', 0), (150, 'tester147', 'doctor147', 'นพ.อิสระ อริยะชัยพาณิชย์ ', 'ed2b1f468c5f915f3f1cf75d7068baae', '1234', 'mml147@spam.la', 'CLINICIAN', 0), (151, 'tester148', 'doctor148', 'นพ.ธีรวัฒน์ ร่มไทรทอง ', 'ed2b1f468c5f915f3f1cf75d7068baae', '1234', 'mml148@spam.la', 'CLINICIAN', 0), (152, 'tester149', 'doctor149', 'นพ.สมชาย กิตติพงษ์หรรษา ', 'ed2b1f468c5f915f3f1cf75d7068baae', '1234', 'mml149@spam.la', 'CLINICIAN', 0), (153, 'tester150', 'doctor150', 'นพ.ธีระวัฒน์ ศรีนัครินทร์ ', 'ed2b1f468c5f915f3f1cf75d7068baae', '1234', 'mml150@spam.la', 'CLINICIAN', 0), (154, 'tester151', 'doctor151', 'คุณอนัญพร พูลนิติพร ', 'ed2b1f468c5f915f3f1cf75d7068baae', '1234', 'mml151@spam.la', 'CLINICIAN', 0), (155, 'tester152', 'doctor152', 'นพ.บุญชัย จิตตนาสวัสดิ์ ', 'ed2b1f468c5f915f3f1cf75d7068baae', '1234', 'mml152@spam.la', 'CLINICIAN', 0), (156, 'tester153', 'doctor153', 'คุณสมคิด ปิยะธรรมวุฒิกุล ', 'ed2b1f468c5f915f3f1cf75d7068baae', '1234', 'mml153@spam.la', 'CLINICIAN', 0), (157, 'tester154', 'doctor154', 'พญ.ศุภวรรณ ตั้งสืบกุล ', 'ed2b1f468c5f915f3f1cf75d7068baae', '1234', 'mml154@spam.la', 'CLINICIAN', 0), (158, 'tester155', 'doctor155', 'นพ.ปัญญา อยู่ประเสริฐ ', 'ed2b1f468c5f915f3f1cf75d7068baae', '1234', 'mml155@spam.la', 'CLINICIAN', 0), (159, 'tester156', 'doctor156', 'คุณวิเชียร ชมดง ', 'ed2b1f468c5f915f3f1cf75d7068baae', '1234', 'mml156@spam.la', 'CLINICIAN', 0), (160, 'tester157', 'doctor157', 'นพ.ธีระยุทธ นิยากูล ', 'ed2b1f468c5f915f3f1cf75d7068baae', '1234', 'mml157@spam.la', 'CLINICIAN', 0), (161, 'tester158', 'doctor158', 'นพ.หาญ สุฉันทบุตร ', 'ed2b1f468c5f915f3f1cf75d7068baae', '1234', 'mml158@spam.la', 'CLINICIAN', 0), (162, 'tester159', 'doctor159', 'นพ.หาญ สุฉันทบุตร ', 'ed2b1f468c5f915f3f1cf75d7068baae', '1234', 'mml159@spam.la', 'CLINICIAN', 0), (163, 'tester160', 'doctor160', 'พญ.กฤษณา โฆษิตจิรนันท์ ', 'ed2b1f468c5f915f3f1cf75d7068baae', '1234', 'mml160@spam.la', 'CLINICIAN', 0), (164, 'tester161', 'doctor161', 'ภก.สมพร จึงศิรกุลวิทย์ ', 'ed2b1f468c5f915f3f1cf75d7068baae', '1234', 'mml161@spam.la', 'CLINICIAN', 0), (165, 'tester162', 'doctor162', 'นพ.สุรชัย สุพันธมาตย์ ', 'ed2b1f468c5f915f3f1cf75d7068baae', '1234', 'mml162@spam.la', 'CLINICIAN', 0), (166, 'tester163', 'doctor163', 'นพ.นภดล ลุประสงค์ ', 'ed2b1f468c5f915f3f1cf75d7068baae', '1234', 'mml163@spam.la', 'CLINICIAN', 0), (167, 'tester164', 'doctor164', 'นพ.กิตติ ตั้งบรรเจิดสุข ', 'ed2b1f468c5f915f3f1cf75d7068baae', '1234', 'mml164@spam.la', 'CLINICIAN', 0), (168, 'tester165', 'doctor165', 'นพ.ชวลิต วิมลเฉลา ', 'ed2b1f468c5f915f3f1cf75d7068baae', '1234', 'mml165@spam.la', 'CLINICIAN', 0), (169, 'tester166', 'doctor166', 'นพ.วิสิทธิ์ อวิรุทธ์นันท์ ', 'ed2b1f468c5f915f3f1cf75d7068baae', '1234', 'mml166@spam.la', 'CLINICIAN', 0), (170, 'tester167', 'doctor167', 'นพ.พรชัย สัตยาประเสริฐ ', 'ed2b1f468c5f915f3f1cf75d7068baae', '1234', 'mml167@spam.la', 'CLINICIAN', 0), (171, 'tester168', 'doctor168', 'พญ.สุรางค์รัตน์ วรรธนภูติ ', 'ed2b1f468c5f915f3f1cf75d7068baae', '1234', 'mml168@spam.la', 'CLINICIAN', 0), (172, 'tester169', 'doctor169', 'นพ.สุชาติ กุละพัฒน์ ', 'ed2b1f468c5f915f3f1cf75d7068baae', '1234', 'mml169@spam.la', 'CLINICIAN', 0), (173, 'tester170', 'doctor170', 'นพ.พจนารถ จันทโรจวงศ์ ', 'ed2b1f468c5f915f3f1cf75d7068baae', '1234', 'mml170@spam.la', 'CLINICIAN', 0), (174, 'tester171', 'doctor171', 'คุณบุญเลิศ คำนึงสิทธิ ', 'ed2b1f468c5f915f3f1cf75d7068baae', '1234', 'mml171@spam.la', 'CLINICIAN', 0), (175, 'tester172', 'doctor172', 'นพ.เสริมสุข เหลาหชัยอรุณ ', 'ed2b1f468c5f915f3f1cf75d7068baae', '1234', 'mml172@spam.la', 'CLINICIAN', 0), (176, 'tester173', 'doctor173', 'นพ.สุเทพ นิ่มพิทักษ์พงศ์ ', 'ed2b1f468c5f915f3f1cf75d7068baae', '1234', 'mml173@spam.la', 'CLINICIAN', 0), (177, 'tester174', 'doctor174', 'นพ.พีระเชษฐ์ ภู่เกียรติ ', 'ed2b1f468c5f915f3f1cf75d7068baae', '1234', 'mml174@spam.la', 'CLINICIAN', 0), (178, 'tester175', 'doctor175', 'นพ.อุดม วาริทนันท์ ', 'ed2b1f468c5f915f3f1cf75d7068baae', '1234', 'mml175@spam.la', 'CLINICIAN', 0), (179, 'tester176', 'doctor176', 'นพ.ยงยศ จริยวิทยาวัฒน์ ', 'ed2b1f468c5f915f3f1cf75d7068baae', '1234', 'mml176@spam.la', 'CLINICIAN', 0), (180, 'tester177', 'doctor177', 'นพ.พิเชษฐ์ อิศวสัมฤทธิ์ ', 'ed2b1f468c5f915f3f1cf75d7068baae', '1234', 'mml177@spam.la', 'CLINICIAN', 0), (181, 'tester178', 'doctor178', 'ทพ.ประจวบ จันทรคิด ', 'ed2b1f468c5f915f3f1cf75d7068baae', '1234', 'mml178@spam.la', 'CLINICIAN', 0), (182, 'tester179', 'doctor179', 'นพ.สถาปน์ ชินวงศ์ ', 'ed2b1f468c5f915f3f1cf75d7068baae', '1234', 'mml179@spam.la', 'CLINICIAN', 0), (183, 'tester180', 'doctor180', 'นพ.วรชัย วงศ์วรกุล ', 'ed2b1f468c5f915f3f1cf75d7068baae', '1234', 'mml180@spam.la', 'CLINICIAN', 0), (184, 'tester181', 'doctor181', 'นพ.สมชัย ตั้งพร้อมพันธ์ ', 'ed2b1f468c5f915f3f1cf75d7068baae', '1234', 'mml181@spam.la', 'CLINICIAN', 0), (185, 'tester182', 'doctor182', 'นพ.วิฑูรย์ ยงเมธาวุฒิ ', 'ed2b1f468c5f915f3f1cf75d7068baae', '1234', 'mml182@spam.la', 'CLINICIAN', 0), (186, 'tester183', 'doctor183', 'นพ.อำนวย ชิงชยานุรักษ์ ', 'ed2b1f468c5f915f3f1cf75d7068baae', '1234', 'mml183@spam.la', 'CLINICIAN', 0), (187, 'tester184', 'doctor184', 'นพ.ศยาม เวศกิจกุล ', 'ed2b1f468c5f915f3f1cf75d7068baae', '1234', 'mml184@spam.la', 'CLINICIAN', 0), (188, 'tester185', 'doctor185', 'นพ.วรพันธ์ อุณจักร ', 'ed2b1f468c5f915f3f1cf75d7068baae', '1234', 'mml185@spam.la', 'CLINICIAN', 0), (189, 'tester186', 'doctor186', 'คุณวรัญญา เลี้ยงลักษณ์เลิศ ', 'ed2b1f468c5f915f3f1cf75d7068baae', '1234', 'mml186@spam.la', 'CLINICIAN', 0), (190, 'tester187', 'doctor187', 'นพ.วรพันธ์ อุณจักร ', 'ed2b1f468c5f915f3f1cf75d7068baae', '1234', 'mml187@spam.la', 'CLINICIAN', 0), (191, 'tester188', 'doctor188', 'tนพ.อดุล วรินทรเวช ', 'ed2b1f468c5f915f3f1cf75d7068baae', '1234', 'mml188@spam.la', 'CLINICIAN', 0), (192, 'tester189', 'doctor189', 'นพ.สมชาย อบบุญ ', 'ed2b1f468c5f915f3f1cf75d7068baae', '1234', 'mml189@spam.la', 'CLINICIAN', 0), (193, 'tester190', 'doctor190', 'นพ.สุมิน พฤกษิกานนท์ ', 'ed2b1f468c5f915f3f1cf75d7068baae', '1234', 'mml190@spam.la', 'CLINICIAN', 0), (194, 'tester191', 'doctor191', 'ศ.นพ.ชาลี พรพัฒน์กุล ', 'ed2b1f468c5f915f3f1cf75d7068baae', '1234', 'mml191@spam.la', 'CLINICIAN', 0), (195, 'tester192', 'doctor192', 'นพ.ดุสิต ศรีสกุล ', 'ed2b1f468c5f915f3f1cf75d7068baae', '1234', 'mml192@spam.la', 'CLINICIAN', 0), (196, 'tester193', 'doctor193', 'นพ.ฐานิสร์ กาญจนรัตนากร ', 'ed2b1f468c5f915f3f1cf75d7068baae', '1234', 'mml193@spam.la', 'CLINICIAN', 0), (197, 'tester194', 'doctor194', 'นพ.บุญจง ชูชัยแสงรัตน์ ', 'ed2b1f468c5f915f3f1cf75d7068baae', '1234', 'mml194@spam.la', 'CLINICIAN', 0), (198, 'tester195', 'doctor195', 'นพ.วัชระ สนธิชัย ', 'ed2b1f468c5f915f3f1cf75d7068baae', '1234', 'mml195@spam.la', 'CLINICIAN', 0), (199, 'tester196', 'doctor196', 'นพ.ประสิทธิ์ วิรัชสุขสมบัติ ', 'ed2b1f468c5f915f3f1cf75d7068baae', '1234', 'mml196@spam.la', 'CLINICIAN', 0), (200, 'tester197', 'doctor197', 'นพ.ปรีชา มิตรกูล ', 'ed2b1f468c5f915f3f1cf75d7068baae', '1234', 'mml197@spam.la', 'CLINICIAN', 0), (201, 'tester198', 'doctor198', 'นพ.พรชัย ลีานิพนธ์ ', 'ed2b1f468c5f915f3f1cf75d7068baae', '1234', 'mml198@spam.la', 'CLINICIAN', 0), (202, 'tester199', 'doctor199', 'นพ.วิเชียร วิชานศวกุล ', 'ed2b1f468c5f915f3f1cf75d7068baae', '1234', 'mml199@spam.la', 'CLINICIAN', 0), (203, 'tester200', 'doctor200', 'พญ.กษมาพร เที่ยงธรรม ', 'ed2b1f468c5f915f3f1cf75d7068baae', '1234', 'mml200@spam.la', 'CLINICIAN', 0), (204, 'tester201', 'doctor201', 'นพ.ก้องเกียรติ เกษเพ็ชร ', 'ed2b1f468c5f915f3f1cf75d7068baae', '1234', 'mml201@spam.la', 'CLINICIAN', 0), (205, 'tester202', 'doctor202', 'นพ.อนุโรจน์ ธารสิริโรจน์ ', 'ed2b1f468c5f915f3f1cf75d7068baae', '1234', 'mml202@spam.la', 'CLINICIAN', 0), (206, 'tester203', 'doctor203', 'นพ.บรรจบ มานะกุล ', 'ed2b1f468c5f915f3f1cf75d7068baae', '1234', 'mml203@spam.la', 'CLINICIAN', 0), (207, 'tester204', 'doctor204', 'คุณกริชพงศ์ เค้าอุทัย ', 'ed2b1f468c5f915f3f1cf75d7068baae', '1234', 'mml204@spam.la', 'CLINICIAN', 0), (208, 'tester205', 'doctor205', 'นพ.ชุมโชค จันทร์วิเมลือง ', 'ed2b1f468c5f915f3f1cf75d7068baae', '1234', 'mml205@spam.la', 'CLINICIAN', 0), (209, 'tester206', 'doctor206', 'นพ.สมชัย เจียรนัยศิลป์ ', 'ed2b1f468c5f915f3f1cf75d7068baae', '1234', 'mml206@spam.la', 'CLINICIAN', 0), (210, 'tester207', 'doctor207', 'นพ.วิศิษฐ์ อมรวิทยารักษ์ ', 'ed2b1f468c5f915f3f1cf75d7068baae', '1234', 'mml207@spam.la', 'CLINICIAN', 0), (211, 'tester208', 'doctor208', 'พญ.ศศินี โภคโต ', 'ed2b1f468c5f915f3f1cf75d7068baae', '1234', 'mml208@spam.la', 'CLINICIAN', 0), (212, 'tester209', 'doctor209', 'นพ.ณรงค์ฤทธิ์ ฮาวรังษี ', 'ed2b1f468c5f915f3f1cf75d7068baae', '1234', 'mml209@spam.la', 'CLINICIAN', 0), (213, 'tester210', 'doctor210', 'นพ.จำลอง บ่อเกิด ', 'ed2b1f468c5f915f3f1cf75d7068baae', '1234', 'mml210@spam.la', 'CLINICIAN', 0), (214, 'tester211', 'doctor211', 'คุณปิยพล ศรียะพันธุ์ ', 'ed2b1f468c5f915f3f1cf75d7068baae', '1234', 'mml211@spam.la', 'CLINICIAN', 0), (215, 'tester212', 'doctor212', 'นพ.อาคเนย์ สุขอยู่ ', 'ed2b1f468c5f915f3f1cf75d7068baae', '1234', 'mml212@spam.la', 'CLINICIAN', 0);
/*!40000 ALTER TABLE `users` ENABLE KEYS */;

# Dumping data for table mml.user_customer: 223 rows
/*!40000 ALTER TABLE `user_customer` DISABLE KEYS */;
INSERT INTO `user_customer` (`user_id`, `customer_id`, `role`) VALUES (1, 1, 'OWNER'), (4, 12, 'OWNER'), (5, 13, 'OWNER'), (6, 14, 'OWNER'), (7, 15, 'OWNER'), (8, 16, 'OWNER'), (9, 17, 'OWNER'), (10, 18, 'OWNER'), (11, 19, 'OWNER'), (12, 20, 'OWNER'), (13, 21, 'OWNER'), (14, 22, 'OWNER'), (15, 23, 'OWNER'), (16, 24, 'OWNER'), (17, 25, 'OWNER'), (18, 26, 'OWNER'), (19, 27, 'OWNER'), (20, 28, 'OWNER'), (21, 29, 'OWNER'), (22, 30, 'OWNER'), (23, 31, 'OWNER'), (24, 32, 'OWNER'), (25, 33, 'OWNER'), (26, 34, 'OWNER'), (27, 35, 'OWNER'), (28, 36, 'OWNER'), (29, 37, 'OWNER'), (30, 38, 'OWNER'), (31, 39, 'OWNER'), (32, 40, 'OWNER'), (33, 41, 'OWNER'), (34, 42, 'OWNER'), (35, 43, 'OWNER'), (36, 44, 'OWNER'), (37, 45, 'OWNER'), (38, 46, 'OWNER'), (39, 47, 'OWNER'), (40, 48, 'OWNER'), (41, 49, 'OWNER'), (42, 50, 'OWNER'), (43, 51, 'OWNER'), (44, 52, 'OWNER'), (45, 53, 'OWNER'), (46, 54, 'OWNER'), (47, 55, 'OWNER'), (48, 56, 'OWNER'), (49, 57, 'OWNER'), (50, 58, 'OWNER'), (51, 59, 'OWNER'), (52, 60, 'OWNER'), (53, 61, 'OWNER'), (54, 62, 'OWNER'), (55, 63, 'OWNER'), (56, 64, 'OWNER'), (57, 65, 'OWNER'), (58, 66, 'OWNER'), (59, 67, 'OWNER'), (60, 68, 'OWNER'), (61, 69, 'OWNER'), (62, 70, 'OWNER'), (63, 71, 'OWNER'), (64, 72, 'OWNER'), (65, 73, 'OWNER'), (66, 74, 'OWNER'), (67, 75, 'OWNER'), (68, 76, 'OWNER'), (69, 77, 'OWNER'), (70, 78, 'OWNER'), (71, 79, 'OWNER'), (72, 80, 'OWNER'), (73, 81, 'OWNER'), (74, 82, 'OWNER'), (75, 83, 'OWNER'), (76, 84, 'OWNER'), (77, 85, 'OWNER'), (78, 86, 'OWNER'), (79, 87, 'OWNER'), (80, 88, 'OWNER'), (81, 89, 'OWNER'), (82, 90, 'OWNER'), (83, 91, 'OWNER'), (84, 92, 'OWNER'), (85, 93, 'OWNER'), (86, 94, 'OWNER'), (86, 95, 'OWNER'), (87, 96, 'OWNER'), (87, 97, 'OWNER'), (88, 98, 'OWNER'), (88, 99, 'OWNER'), (89, 100, 'OWNER'), (90, 101, 'OWNER'), (91, 102, 'OWNER'), (92, 103, 'OWNER'), (93, 104, 'OWNER'), (94, 105, 'OWNER'), (94, 106, 'OWNER'), (95, 107, 'OWNER'), (95, 108, 'OWNER'), (96, 109, 'OWNER'), (97, 110, 'OWNER'), (98, 111, 'OWNER'), (99, 112, 'OWNER'), (100, 113, 'OWNER'), (101, 114, 'OWNER'), (102, 115, 'OWNER'), (103, 116, 'OWNER'), (104, 117, 'OWNER'), (105, 118, 'OWNER'), (106, 119, 'OWNER'), (107, 120, 'OWNER'), (108, 121, 'OWNER'), (109, 122, 'OWNER'), (110, 123, 'OWNER'), (111, 124, 'OWNER'), (112, 125, 'OWNER'), (113, 126, 'OWNER'), (114, 127, 'OWNER'), (115, 128, 'OWNER'), (116, 129, 'OWNER'), (117, 130, 'OWNER'), (118, 131, 'OWNER'), (119, 132, 'OWNER'), (120, 133, 'OWNER'), (121, 134, 'OWNER'), (122, 135, 'OWNER'), (123, 136, 'OWNER'), (124, 137, 'OWNER'), (125, 138, 'OWNER'), (126, 139, 'OWNER'), (127, 140, 'OWNER'), (128, 141, 'OWNER'), (129, 142, 'OWNER'), (130, 143, 'OWNER'), (131, 144, 'OWNER'), (132, 145, 'OWNER'), (133, 146, 'OWNER'), (134, 147, 'OWNER'), (135, 148, 'OWNER'), (136, 149, 'OWNER'), (137, 150, 'OWNER'), (138, 151, 'OWNER'), (139, 152, 'OWNER'), (140, 153, 'OWNER'), (141, 154, 'OWNER'), (142, 155, 'OWNER'), (143, 156, 'OWNER'), (144, 157, 'OWNER'), (145, 158, 'OWNER'), (146, 159, 'OWNER'), (147, 160, 'OWNER'), (148, 161, 'OWNER'), (149, 162, 'OWNER'), (150, 163, 'OWNER'), (151, 164, 'OWNER'), (152, 165, 'OWNER'), (153, 166, 'OWNER'), (154, 167, 'OWNER'), (155, 168, 'OWNER'), (156, 169, 'OWNER'), (157, 170, 'OWNER'), (158, 171, 'OWNER'), (159, 172, 'OWNER'), (160, 173, 'OWNER'), (161, 174, 'OWNER'), (161, 175, 'OWNER'), (162, 176, 'OWNER'), (162, 177, 'OWNER'), (163, 178, 'OWNER'), (164, 179, 'OWNER'), (165, 180, 'OWNER'), (166, 181, 'OWNER'), (167, 182, 'OWNER'), (168, 183, 'OWNER'), (169, 184, 'OWNER'), (170, 185, 'OWNER'), (171, 186, 'OWNER'), (172, 187, 'OWNER'), (173, 188, 'OWNER'), (174, 189, 'OWNER'), (175, 190, 'OWNER'), (176, 191, 'OWNER'), (177, 192, 'OWNER'), (178, 193, 'OWNER'), (179, 194, 'OWNER'), (180, 195, 'OWNER'), (181, 196, 'OWNER'), (182, 197, 'OWNER'), (183, 198, 'OWNER'), (184, 199, 'OWNER'), (185, 200, 'OWNER'), (186, 201, 'OWNER'), (187, 202, 'OWNER'), (188, 203, 'OWNER'), (188, 204, 'OWNER'), (189, 205, 'OWNER'), (190, 206, 'OWNER'), (190, 207, 'OWNER'), (191, 208, 'OWNER'), (192, 209, 'OWNER'), (193, 210, 'OWNER'), (194, 211, 'OWNER'), (195, 212, 'OWNER'), (196, 213, 'OWNER'), (197, 214, 'OWNER'), (198, 215, 'OWNER'), (199, 216, 'OWNER'), (200, 217, 'OWNER'), (201, 218, 'OWNER'), (202, 219, 'OWNER'), (203, 220, 'OWNER'), (204, 221, 'OWNER'), (205, 222, 'OWNER'), (206, 223, 'OWNER'), (207, 224, 'OWNER'), (208, 225, 'OWNER'), (209, 226, 'OWNER'), (210, 227, 'OWNER'), (211, 228, 'OWNER'), (212, 229, 'OWNER'), (212, 230, 'OWNER'), (213, 231, 'OWNER'), (214, 232, 'OWNER'), (215, 233, 'OWNER');
/*!40000 ALTER TABLE `user_customer` ENABLE KEYS */;

# Dumping data for table mml.user_logs: 0 rows
/*!40000 ALTER TABLE `user_logs` DISABLE KEYS */;
/*!40000 ALTER TABLE `user_logs` ENABLE KEYS */;
/*!40101 SET SQL_MODE=@OLD_SQL_MODE */;
/*!40014 SET FOREIGN_KEY_CHECKS=@OLD_FOREIGN_KEY_CHECKS */;
/*!40101 SET CHARACTER_SET_CLIENT=@OLD_CHARACTER_SET_CLIENT */;
