-- MySQL dump 10.13  Distrib 5.5.10, for osx10.6 (i386)
--
-- Host: localhost    Database: mml
-- ------------------------------------------------------
-- Server version	5.5.10

/*!40101 SET @OLD_CHARACTER_SET_CLIENT=@@CHARACTER_SET_CLIENT */;
/*!40101 SET @OLD_CHARACTER_SET_RESULTS=@@CHARACTER_SET_RESULTS */;
/*!40101 SET @OLD_COLLATION_CONNECTION=@@COLLATION_CONNECTION */;
/*!40101 SET NAMES utf8 */;
/*!40103 SET @OLD_TIME_ZONE=@@TIME_ZONE */;
/*!40103 SET TIME_ZONE='+00:00' */;
/*!40014 SET @OLD_UNIQUE_CHECKS=@@UNIQUE_CHECKS, UNIQUE_CHECKS=0 */;
/*!40014 SET @OLD_FOREIGN_KEY_CHECKS=@@FOREIGN_KEY_CHECKS, FOREIGN_KEY_CHECKS=0 */;
/*!40101 SET @OLD_SQL_MODE=@@SQL_MODE, SQL_MODE='NO_AUTO_VALUE_ON_ZERO' */;
/*!40111 SET @OLD_SQL_NOTES=@@SQL_NOTES, SQL_NOTES=0 */;

--
-- Table structure for table `categories`
--

DROP TABLE IF EXISTS `categories`;
/*!40101 SET @saved_cs_client     = @@character_set_client */;
/*!40101 SET character_set_client = utf8 */;
CREATE TABLE `categories` (
  `id` bigint(11) NOT NULL DEFAULT '0',
  `parent_id` bigint(11) DEFAULT NULL,
  `name` varchar(100) DEFAULT NULL,
  `sel_rank` int(10) DEFAULT NULL,
  PRIMARY KEY (`id`),
  KEY `FK_categories_categories` (`parent_id`)
) ENGINE=MyISAM DEFAULT CHARSET=utf8;
/*!40101 SET character_set_client = @saved_cs_client */;

--
-- Dumping data for table `categories`
--

LOCK TABLES `categories` WRITE;
/*!40000 ALTER TABLE `categories` DISABLE KEYS */;
INSERT INTO `categories` VALUES (1,13,'Amino Acid',2),(2,13,'Antioxidants',3),(3,13,'Bone & Joint Support',4),(4,13,'Brain Support',5),(5,13,'Fiber and Digestive Support',6),(6,13,'Herbal and Phyto Extract',7),(7,13,'Hormone Support',8),(8,13,'Immune ',9),(9,13,'Minerals',10),(10,13,'Vitamins',11),(11,13,'Weight and Glucose Management',12),(12,0,'Dispensed',13),(13,0,'Compound',1);
/*!40000 ALTER TABLE `categories` ENABLE KEYS */;
UNLOCK TABLES;

--
-- Table structure for table `clinicians`
--

DROP TABLE IF EXISTS `clinicians`;
/*!40101 SET @saved_cs_client     = @@character_set_client */;
/*!40101 SET character_set_client = utf8 */;
CREATE TABLE `clinicians` (
  `id` int(11) NOT NULL AUTO_INCREMENT,
  `full_name` varchar(500) DEFAULT NULL,
  `user_id` int(11) DEFAULT NULL,
  `hospital_id` int(11) DEFAULT NULL,
  PRIMARY KEY (`id`)
) ENGINE=MyISAM AUTO_INCREMENT=3 DEFAULT CHARSET=utf8;
/*!40101 SET character_set_client = @saved_cs_client */;

--
-- Dumping data for table `clinicians`
--

LOCK TABLES `clinicians` WRITE;
/*!40000 ALTER TABLE `clinicians` DISABLE KEYS */;
INSERT INTO `clinicians` VALUES (1,'test',NULL,6),(2,'นพ jub',NULL,11);
/*!40000 ALTER TABLE `clinicians` ENABLE KEYS */;
UNLOCK TABLES;

--
-- Table structure for table `customers`
--

DROP TABLE IF EXISTS `customers`;
/*!40101 SET @saved_cs_client     = @@character_set_client */;
/*!40101 SET character_set_client = utf8 */;
CREATE TABLE `customers` (
  `id` int(11) NOT NULL AUTO_INCREMENT,
  `clinician_id` int(11) DEFAULT NULL,
  `hospital_id` int(11) DEFAULT NULL,
  `account_name` varchar(500) DEFAULT NULL,
  `billing_address` varchar(500) DEFAULT NULL,
  `balance` decimal(20,4) DEFAULT NULL,
  `logo_url` varchar(500) DEFAULT NULL,
  `cutoff_date` int(11) DEFAULT NULL,
  `payment_date` int(11) DEFAULT NULL,
  `cutoff_date_2` int(11) DEFAULT NULL,
  `payment_date_2` int(11) DEFAULT NULL,
  `note` varchar(1000) DEFAULT NULL,
  PRIMARY KEY (`id`),
  KEY `customer_hospital` (`hospital_id`)
) ENGINE=MyISAM AUTO_INCREMENT=4 DEFAULT CHARSET=utf8;
/*!40101 SET character_set_client = @saved_cs_client */;

--
-- Dumping data for table `customers`
--

LOCK TABLES `customers` WRITE;
/*!40000 ALTER TABLE `customers` DISABLE KEYS */;
INSERT INTO `customers` VALUES (2,NULL,11,'ทดสอบ','',0.0000,'http://localhost/mml/images/logo.png',1,7,0,0,NULL),(3,NULL,3,'','',NULL,'http://localhost/mml/images/logo.png',NULL,NULL,NULL,NULL,NULL);
/*!40000 ALTER TABLE `customers` ENABLE KEYS */;
UNLOCK TABLES;

--
-- Table structure for table `deliveries`
--

DROP TABLE IF EXISTS `deliveries`;
/*!40101 SET @saved_cs_client     = @@character_set_client */;
/*!40101 SET character_set_client = utf8 */;
CREATE TABLE `deliveries` (
  `id` int(11) NOT NULL,
  PRIMARY KEY (`id`)
) ENGINE=MyISAM DEFAULT CHARSET=utf8 COMMENT='D/O';
/*!40101 SET character_set_client = @saved_cs_client */;

--
-- Dumping data for table `deliveries`
--

LOCK TABLES `deliveries` WRITE;
/*!40000 ALTER TABLE `deliveries` DISABLE KEYS */;
/*!40000 ALTER TABLE `deliveries` ENABLE KEYS */;
UNLOCK TABLES;

--
-- Table structure for table `delivery_items`
--

DROP TABLE IF EXISTS `delivery_items`;
/*!40101 SET @saved_cs_client     = @@character_set_client */;
/*!40101 SET character_set_client = utf8 */;
CREATE TABLE `delivery_items` (
  `id` int(11) NOT NULL,
  `delivery_id` int(11) DEFAULT NULL,
  `manufacturing_item_id` int(11) DEFAULT NULL,
  PRIMARY KEY (`id`),
  KEY `do_item` (`delivery_id`),
  KEY `manufacturing_id` (`manufacturing_item_id`),
  CONSTRAINT `do_item` FOREIGN KEY (`delivery_id`) REFERENCES `deliveries` (`id`) ON DELETE NO ACTION ON UPDATE NO ACTION,
  CONSTRAINT `manufacturing_id` FOREIGN KEY (`manufacturing_item_id`) REFERENCES `manufacturing_items` (`id`) ON DELETE NO ACTION ON UPDATE NO ACTION
) ENGINE=InnoDB DEFAULT CHARSET=utf8;
/*!40101 SET character_set_client = @saved_cs_client */;

--
-- Dumping data for table `delivery_items`
--

LOCK TABLES `delivery_items` WRITE;
/*!40000 ALTER TABLE `delivery_items` DISABLE KEYS */;
/*!40000 ALTER TABLE `delivery_items` ENABLE KEYS */;
UNLOCK TABLES;

--
-- Table structure for table `hospitals`
--

DROP TABLE IF EXISTS `hospitals`;
/*!40101 SET @saved_cs_client     = @@character_set_client */;
/*!40101 SET character_set_client = utf8 */;
CREATE TABLE `hospitals` (
  `id` int(11) NOT NULL AUTO_INCREMENT,
  `name` varchar(500) DEFAULT NULL,
  `contact_person` varchar(500) DEFAULT NULL,
  `tel_1` varchar(500) DEFAULT NULL,
  `fax` varchar(500) DEFAULT NULL,
  `province` varchar(500) DEFAULT NULL,
  PRIMARY KEY (`id`)
) ENGINE=MyISAM AUTO_INCREMENT=215 DEFAULT CHARSET=utf8;
/*!40101 SET character_set_client = @saved_cs_client */;

--
-- Dumping data for table `hospitals`
--

LOCK TABLES `hospitals` WRITE;
/*!40000 ALTER TABLE `hospitals` DISABLE KEYS */;
INSERT INTO `hospitals` VALUES (3,'﻿รพ.กรุงเทพ ','นพ.สมชาย จันทร์สว่าง ','โทร. 0-2318-0066 ','โทรสาร. 0-2310-3327 ','กรุงเทพมหานคร\r'),(4,'รพ.กรุงเทพคริสเตียน ','มัคนายก ดร.ทวีศักดิ์ มหชวโรจน์(รักษาการ) ','โทร. 0-2233-6981-7 ','โทรสาร. 0-2236-2911 ','กรุงเทพมหานคร\r'),(5,'รพ.กรุงธน ','พล.ร.ต.นพ.สุรเชษฐ สู่พานิช ','โทร. 0-2438-0041-5 ','โทรสาร. 0-2438-5642 ','กรุงเทพมหานคร\r'),(6,'รพ.กรุงธน2 ','นพ.ไศล สุขพันธ์โพธาราม ','โทร. 0-2847-6767 ','โทรสาร. 0-2427-4070 ','กรุงเทพมหานคร\r'),(7,'รพ.กรุณาพิทักษ์ ','นพ.สุวัฒน์ วิทยาคม ','โทร. 0-22866793-5 ','โทรสาร. 0-2678-3004 ','กรุงเทพมหานคร\r'),(8,'รพ.กล้วยน้ำไท ','คุณพูลชัย ชเนศร์ ','โทร. 0-2769-2000 ','โทรสาร. 0-2381-2769 ','กรุงเทพมหานคร\r'),(9,'รพ.เกษมราษฎร์สุขาภิบาล3 ','นพ.ฐิติ พัฒนกำจร ','โทร. 0-2729-3000 ','โทรสาร. 0-2729-5050 ','กรุงเทพมหานคร\r'),(10,'รพ.เกษมราษฎร์ บางแค ','นพ.สุวิทย์ โฆษิตสุรังคกุล ','โทร. 0-2454-1915-8 ','โทรสาร. 0-2454-1914 ','กรุงเทพมหานคร\r'),(11,'รพ.เกษมราษฎร์ ประชาชื่น ','นพ.ธวัชชัย วานิชกร ','โทร. 0-2910-1600 ','โทรสาร. 0-2910-1649 ','กรุงเทพมหานคร\r'),(12,'รพ.คามิลเลียน ','นพ.ชัยพฤกษ์ ปิยะเกศิน ','โทร. 0-2391-0136 ','โทรสาร. 0-2185-1403 ','กรุงเทพมหานคร\r'),(13,'รพ.จักษุ รัตนิน ','นพ.นพรัตน์ สุจริตจันทร์ ','โทร. 0-2258-0442-5 ','โทรสาร. 0-2259-0780 ','กรุงเทพมหานคร\r'),(14,'รพ.เจตนิน ','นพ.จงเจตน์ อาวเจนพงษ์ ','โทร. 0-2655-5300-10 ','โทรสาร. 0-2655-5313 ','กรุงเทพมหานคร\r'),(15,'รพ.เจ้าพระยา ','นพ.จำเริญ สรพิพัฒน์ ','โทร. 0-2434-6900 ','โทรสาร. 0-2434-6929 ','กรุงเทพมหานคร\r'),(16,'รพ.เซนต์คาร์ลอส ','นพ.สุชัย หยองอนุกูล์ ','โทร. 0-2274-0616-20 ','โทรสาร. 0-2274-0621 ','กรุงเทพมหานคร\r'),(17,'รพ.เซนต์หลุยส์ ','ศ.นพ.จิตร สิทธิอมร ','โทร. 0-2675-5000 ','โทรสาร. 0-2675-5200 ','กรุงเทพมหานคร\r'),(18,'รพ.เซ็นทรัลเยนเนอรัล ','พญ.ลักษมี ว่องกุศลกิจ ','โทร. 0-2552-8801-10 ','โทรสาร. 0-2552-0666 ','กรุงเทพมหานคร\r'),(19,'รพ.เดชา ','นพ.สราวุธ อนันต์เศรษฐกุล ','โทร. 0-2246-0137 ','โทรสาร. 0-2247-2089 ','กรุงเทพมหานคร\r'),(20,'รพ.ตา หู คอ จมูก ','นพ.ศุภชัย โชติบุตร ','โทร. 0-2433-3601-3 ','โทรสาร. 0-2433-3613 ','กรุงเทพมหานคร\r'),(21,'รพ.เทพธารินทร์ ','ศ.นพ.เทพ หิมะทองคำ ','โทร. 0-2240-2727 ','โทรสาร. 0-2249-8774 ','กรุงเทพมหานคร\r'),(22,'รพ.ไทยนครินทร์ ','นพ.เจริญ มีนสุข ','โทร. 0-2361-2727 ','โทรสาร. 0-2361-2777 ','กรุงเทพมหานคร\r'),(23,'รพ.ธนบุรี ','คุณเฉลิมกุล อภิกุลโอภาส ','โทร. 0-2411-0401-7 ','โทรสาร. 0-2412-8214 ','กรุงเทพมหานคร\r'),(24,'รพ.นครธน ','นพ.วิโรจน์ ตระการวิจิตร ','โทร. 0-2416-5454 ','โทรสาร. 0-2415-4340 ','กรุงเทพมหานคร\r'),(25,'รพ.นวมินทร์ ','นพ.ประจักษ์ บุญจิตต์พิมล ','โทร. 0-2918-7604-8 ','โทรสาร. 0-2918-9192 ','กรุงเทพมหานคร\r'),(26,'รพ.นวมินทร์ 9 ','นพ.อรรคพาสน์ โอวาทตระกูล ','โทร. 0-2518-1818 ','โทรสาร. 0-2518-2112 ','กรุงเทพมหานคร\r'),(27,'รพ.บางกอก 9 อินเตอร์เนชั่นแนล ','พญ..เจรียง จันทรกมล ','โทร. 0-2877-1111 ','โทรสาร. 0-2877-1111 ','กรุงเทพมหานคร\r'),(28,'รพ.บางกอกเนอสซิ่งโฮม ','พญ.ลินดา ไกรวิทย์ ','โทร. 0-2632-0550 ','โทรสาร. 0-2632-0578 ','กรุงเทพมหานคร\r'),(29,'รพ.บางนา ','นพ.ชุตินันท์ พรมมินทร์ ','โทร. 0-2393-8534 ','โทรสาร. 0-2398-9531 ','กรุงเทพมหานคร\r'),(30,'รพ.บางปะกอก 1 ','นพ.วีระ อิงคภาสกร ','โทร. 0-2872-1111 ','โทรสาร. 0-2872-1065 ','กรุงเทพมหานคร\r'),(31,'รพ.บางปะกอก 2 บางบอน ','นพ.มานิตย์ จารุวรรณ ','โทร. 0-2899-0130-9 ','โทรสาร. 0-2451-0357 ','กรุงเทพมหานคร\r'),(32,'รพ.บางไผ่ ','พญ.ศศิธร พงษ์สามารถ ','โทร. 0-2457-0086 ','โทรสาร. 0-2457-2215 ','กรุงเทพมหานคร\r'),(33,'รพ.บางโพ ','นพ.เกตุ สายเพชร์ ','โทร. 0-2587-0136 ','โทรสาร. 0-2586-0024 ','กรุงเทพมหานคร\r'),(34,'รพ.บางมด ','นพ.สุรสิทธิ์ อัศดามงคล ','โทร. 0-2416-0049 ','โทรสาร. 0-2415-6864 ','กรุงเทพมหานคร\r'),(35,'รพ.บำรุงราษฎร์ ','คุณแม็ค แบนเนอร์ ','โทร. 0-2667-1000 ','โทรสาร. 0-2667- 2525 ','กรุงเทพมหานคร\r'),(36,'รพ.บีแคร์ ','รออ.นพ.พิทักษ์ ฐานบัญชา ','โทร. 0-2523-3359-71 ','โทรสาร. 0-2523-3372 ','กรุงเทพมหานคร\r'),(37,'รพ.ปิยะเวท ','  ','โทร. 0-2625-6500 ','โทรสาร. 0-2246-9253 ','กรุงเทพมหานคร\r'),(38,'รพ.เปาโล เมโมเรียล ','นพ.พิชัย แพร่ภัทร ','โทร. 0-2279-4302 ','โทรสาร. 0-2279-4303 ','กรุงเทพมหานคร\r'),(39,'รพ.เปาโล เมโมเรียล โชคชัย 4 ','นพ.นพรัตน์ โง้วจุงดี ','โทร. 0-2514-2273-5 ','โทรสาร. 0-2538-3606 ','กรุงเทพมหานคร\r'),(40,'รพ.พญาไท 1 ','คุณไกรวิน ศรีไกรวิน ','โทร. 0-2245-2620-8 ','โทรสาร. 0-2640-1109 ','กรุงเทพมหานคร\r'),(41,'รพ.พญาไท 2 ','คุณธนา ถิรมนัส ','โทร. 0-2617-2444 ','โทรสาร. 0-2619-8541 ','กรุงเทพมหานคร\r'),(42,'รพ.พญาไท 3 ','นพ.อนันตศักดิ์ อภัยรัตน์ ','โทร. 0-2869-1220-2 ','โทรสาร. 0-2467-6505 ','กรุงเทพมหานคร\r'),(43,'รพ.พระราม 2 ','นพ.ปรีชา เลิศศิวาพร ','โทร. 0-2451-4920 ','โทรสาร. 0-2451-4599 ','กรุงเทพมหานคร\r'),(44,'รพ.พระรามเก้า ','นพ.เสถียร ภู่ประเสริฐ ','โทร. 0-2248-8026 ','โทรสาร. 0-2248-8018 ','กรุงเทพมหานคร\r'),(45,'รพ.เพชรเกษม-บางแค ','นพ.พิชิต ยิ่งเจริญ ','โทร. 0-2801-1199 ','โทรสาร. 0-2801-2299 ','กรุงเทพมหานคร\r'),(46,'รพ.เพชรเวช ','นพ.ชนะ ตันจันทร์พงษ์ ','โทร. 0-2318-0080-1 ','โทรสาร. 0-2318-1986 ','กรุงเทพมหานคร\r'),(47,'รพ.แพทย์ปัญญา ','นพ.สวัสดิ์ เถกิงเดช ','โทร. 0-2314-0726-9 ','โทรสาร. 0-2319-6685 ','กรุงเทพมหานคร\r'),(48,'รพ.มงกุฎวัฒนะ ','นพ.เหรียญทอง แน่นหนา ','โทร. 0-2574-5000-9 ','โทรสาร. 0-2574-4856 ','กรุงเทพมหานคร\r'),(49,'รพ.มเหสักข์ ','นพ.ชูเกียรติ ศุภนันตฤกษ์ ','โทร. 0-2635-7123-7 ','โทรสาร. 0-2233-7433 ','กรุงเทพมหานคร\r'),(50,'รพ.มิชชั่น ','คุณสมชัย ชื่นจิตร ','โทร. 0-2281-1422 ','โทรสาร. 0-2628-1752 ','กรุงเทพมหานคร\r'),(51,'รพ.เมโย ','นพ.ภาวิต ปุญญฤทธ์ ','โทร. 0-2579-1770-4 ','โทรสาร. 0-2579-9676 ','กรุงเทพมหานคร\r'),(52,'รพ.ยันฮี ','นพ. เกริกยศ ชลายนเดชะ ','โทร. 0-2434-9196-9 ','โทรสาร. 0-2435-7545 ','กรุงเทพมหานคร\r'),(53,'รพ.เยาวรักษ์ ','นพ.ธวัชชัย เจริญวงศ์ ','โทร. 0-2466-1963 ','โทรสาร. 0-2465-5919 ','กรุงเทพมหานคร\r'),(54,'รพ.รามคำแหง ','ทพ.เจิมพล ภูมิตระกูล ','โทร. 0-2374-0200-16 ','โทรสาร. 0-2374-0804 ','กรุงเทพมหานคร\r'),(55,'รพ.ราษฎร์บูรณะ ','คุณนิตยา ปรีชายุทธ ','โทร. 0-2427-0175-9 ','โทรสาร. 0-2427-3030 ','กรุงเทพมหานคร\r'),(56,'รพ.ลาดพร้าว ','นพ.วรพงศ์ จูตะวิริยะ ','โทร. 0-2530-2244 ','โทรสาร. 0-2539-8490 ','กรุงเทพมหานคร\r'),(57,'รพ.วิชัยยุทธ ','พล.ท.นพ.ณรงค์ รอดวรรณะ ','โทร. 0-2271-0125-9 ','โทรสาร. 0-2272-2788 ','กรุงเทพมหานคร\r'),(58,'รพ.วิภาวดี ','พล.ท.นพ.พร้อมพงษ์ พีระบูล ','โทร. 0-2561-1258-67 ','โทรสาร. 0-2561-1462 ','กรุงเทพมหานคร\r'),(59,'รพ.วิภาราม ','นพ.ไพบูลย์ เอกแสงศรี ','โทร. 0-2722-2500 ','โทรสาร. 0-2722-2445 ','กรุงเทพมหานคร\r'),(60,'รพ.เวชธานี ','ร.อ.ชาคริต ศึกษากิจ ','โทร. 0-2734-0000 ','โทรสาร. 0-2734-0376 ','กรุงเทพมหานคร\r'),(61,'รพ.ศรีวิชัย 1 ','นพ.ถนอมชัย คู่ทวีธรรม ','โทร. 0-2412-0055-60 ','โทรสาร. 0-2412-7582 ','กรุงเทพมหานคร\r'),(62,'รพ.ศรีวิชัย 2 ','นพ.สุรพล โล่สิริวัฒน์ ','โทร. 0-2441-6999 ','โทรสาร. 0-2421-1784 ','กรุงเทพมหานคร\r'),(63,'รพ.เปาโลเมโมเรียล นวมินทร์ ','นพ.นิพนธ์ ธีราโมก ','โทร. 0-2944-7111 ','โทรสาร. 0-2944-8060 ','กรุงเทพมหานคร\r'),(64,'รพ.ศิครินทร์ ','นพ.ธงชัย ฉัตรยิ่งมงคล ','โทร. 0-2383-4391-9 ','โทรสาร. 0-2383-4414 ','กรุงเทพมหานคร\r'),(65,'รพ.ศูนย์มะเร็งกรุงเทพฯ ','นพ.เทอดศักดิ์ ปรมากูล ','โทร. 0-2278-5716 ','โทรสาร. 0-2278-0274 ','กรุงเทพมหานคร\r'),(66,'รพ.สมิติเวช สุขุมวิท ','นพ.โชคชัย จารุศิริพิพัฒน์ ','โทร. 0-2392-0011 ','โทรสาร. 0-2391-1290 ','กรุงเทพมหานคร\r'),(67,'รพ.สมิติเวชศรีนครินทร์ ','นพ.ดุลย์ ดำรงศักดิ์ ','โทร. 0-2378-9277 ','โทรสาร. 0-2731-7358 ','กรุงเทพมหานคร\r'),(68,'รพ.สายไหม ','น.ท.พญ.ลักษมี ว่องกุศลกิจ ','โทร. 0-2991-8999 ','โทรสาร. 0-2563-5222 ','กรุงเทพมหานคร\r'),(69,'รพ.สินแพทย์ ','นพ.ศิริพงษ์ เหลืองวารินกุล ','โทร. 0-2948-5380-90 ','โทรสาร. 0-2948-5816 ','กรุงเทพมหานคร\r'),(70,'รพ.สุขุมวิท ','นพ.ดาวิน นารูลา ','โทร. 0-2391-0011 ','โทรสาร. 0-2714-0081 ','กรุงเทพมหานคร\r'),(71,'รพ.หัวเฉียว ','นพ.พรชัย ตั้งลัคนวาณิชย์ ','โทร. 0-2223-1351 ','โทรสาร. 0-2223-1351 ','กรุงเทพมหานคร\r'),(72,'รพ.มนารมย์ ','นพ.ไกรสิทธิ์ นฤขัตพิชัย ','โทร. 0-2725-9595 ','โทรสาร. 0-2725-9599 ','กรุงเทพมหานคร\r'),(73,'รพ.เกษมราษฎร์รัตนาธิฯ ','นพ.ตุลวรรธน์ พัชราภา ','โทร. 0-2594-0020-6 ','โทรสาร. 0-2594-0067 ','นนทบุรี\r'),(74,'รพ.แม่น้ำ ','คุณกมลวรรณ ลักษณะกาญจน์ ','โทร. 0-2960-9655 ','โทรสาร. 0-2960-9666 ','นนทบุรี\r'),(75,'รพ.นนทเวช ','นพ.พรมพันธ์ พรมมาส ','โทร. 0-2589-5490-1 ','โทรสาร. 0-2589-8753 ','นนทบุรี\r'),(76,'รพ.อนันต์พัฒนา 2 ','นพ.อนันต์ ธรรมจำรัสศรี ','โทร. 0-2883-9922 ','โทรสาร. 0-2883-9990 ','นนทบุรี\r'),(77,'รพ.กรุงสยามเซนต์คาร์ลอส ','นพ.สุชัย หยองอนุกูล ','โทร. 0-2975-6700 ','โทรสาร. 0-2998-9000 ','ปทุมธานี\r'),(78,'รพ.แพทย์รังสิต ','นพ.กฤชรัตน์ ตระกูลช่าง ','โทร. 0-2531-2151-60 ','โทรสาร. 0-2531-3589 ','ปทุมธานี\r'),(79,'รพ.ภัทร-ธนบุรี ','คุณพูนศักดิ์ จรูญศิริ ','โทร. 0-2901-8400-8 ','โทรสาร. 0-2901-8082 ','ปทุมธานี\r'),(80,'รพ.เอกปทุม ','นพ.สุนทร อันตรเสน ','โทร. 0-2996-2211-15 ','โทรสาร. 0-2996-2207 ','ปทุมธานี\r'),(81,'รพ.นวนครการแพทย์ ','นพ.ส่งเสริม พานิชาภรณ์ ','โทร. 0-2529-4533 ','โทรสาร. 0-2909-2223 ','ปทุมธานี\r'),(82,'รพ.ปทุมเวช ','นพ.สุธีร์ สทุมถิระ ','โทร. 0-2567-1991-9 ','โทรสาร. 0-2958-4528 ','ปทุมธานี\r'),(83,'รพ.ราชธานี ','นพ.บุญชัย อิศราพิสิษฐ์ ','โทร. 0-3533-5555 ','โทรสาร. 0-3533-5555 ','พระนครศรีอยุธยา\r'),(84,'รพ.ศุภมิตรเสนา ','คุณวิโรจน์ อภิสิทธิ์วิทยา ','โทร. 0-3528-9572-7 ','โทรสาร. 0-3528-9583 ','พระนครศรีอยุธยา\r'),(85,'รพ.กรุงเทพพระประแดง ','นพ.ณรงค์ฤทธิ์ ฮาวรังษี ','โทร. 0-2425-0029 ','โทรสาร. 0-2815-7151 ','สมุทรปราการ\r'),(86,'รพ.จุฬารัตน์ ','นพ.กำพล พลัสสินทร์ ','โทร. 0-2316-6198-9 ','โทรสาร. 0-2750-5146 ','สมุทรปราการ\r'),(87,'รพ.จุฬารัตน์ 3 ','นพ.กำพล พลัสสินทร์ ','โทร. 0-2769-2900 ','โทรสาร. 0-2769-2997 ','สมุทรปราการ\r'),(88,'รพ.จุฬารัตน์ 9 ','นพ.ยุทธนา สงวนศักดิ์โกศล ','โทร. 0-2738-9900-9 ','โทรสาร. 0-2738-9740 ','สมุทรปราการ\r'),(89,'รพ.ชัยปราการ ','นพ.ภาสกร รักษ์กุล ','โทร. 0-2363-9222 ','โทรสาร. 0-2394-4237 ','สมุทรปราการ\r'),(90,'รพ.เซ็นทรัลปาร์ค ','นพ.อนันต์ อธิพันธุ์อำไพ ','โทร. 0-2312-7261-9 ','โทรสาร. 0-2750-9735 ','สมุทรปราการ\r'),(91,'รพ.บางปะกอก 3 ','นพ.นิคม ศิริชัย ','โทร. 0-2818-7555 ','โทรสาร. 0-2818-7509 ','สมุทรปราการ\r'),(92,'รพ.ปิยะมินทร์ ','นพ.ต่อพงศ์ อัศวิษณุ ','โทร. 0-2316-0026-7 ','โทรสาร. 0-2316-0062 ','สมุทรปราการ\r'),(93,'รพ.เมืองสมุทร ','นพ.พิพัฒน์ พงศ์รัตนามาน ','โทร. 0-2173-7772 ','โทรสาร. 0-2173-7783 ','สมุทรปราการ\r'),(94,'รพ.เมืองสมุทรปู่เจ้าฯ ','นพ.พิพัฒน์ พงศ์รัตนามาน ','โทร. 0-2754-2800-9 ','โทรสาร. 0-2754-2514 ','สมุทรปราการ\r'),(95,'รพ.รวมชัยประชารักษ์ ','คุณธนวัฒน์ ทวีชัยถาวร ','โทร. 0-2708-7500-10 ','โทรสาร. 0-2708-7542 ','สมุทรปราการ\r'),(96,'รพ.รัทรินทร์ ','นพ.เขตโสภณ จัตวัฒนกุล ','โทร. 0-2323-2991-9 ','โทรสาร. 0-23232985 ','สมุทรปราการ\r'),(97,'รพ.เปาโลเมโมเรียล สมุทรปราการ ','นพ.โอภาส สินเพิ่มสุขสกุล ','โทร. 0-2389-2555 ','โทรสาร. 0-2389-4916 ','สมุทรปราการ\r'),(98,'รพ.สำโรงการแพทย์ ','นพ.ศิริพงษ์ วิทยเลิศปัญญา ','โทร. 0-2361-0070-9 ','โทรสาร. 0-2756-8465 ','สมุทรปราการ\r'),(99,'รพ.รวมแพทย์ ชัยนาท ','นพ.สุเทพ วัตถุศิลป์ ','โทร. 0-5641-3017-8 ','โทรสาร. 0-5641-3019 ','ชัยนาท\r'),(100,'รพ.สุวรรณเวช ','นพ.พงษ์เทพ เลิศสุวรรณสิทธิ์ ','โทร. 0-5645-1400 ','โทรสาร. 056-451-440 ','ชัยนาท\r'),(101,'รพ.เบญจรมย์ ','นพ.วราศักดิ์ ไกรฤกษ์ ','โทร. 0-3641-3933 ','โทรสาร. 0-3661-0515 ','ลพบุรี\r'),(102,'รพ.เมืองนารายณ์ ','พญ.วรินทร อัศวนิก ','โทร. 0-3661-6300 ','โทรสาร. 0-3661-6301 ','ลพบุรี\r'),(103,'รพ.เกษมราษฎร์ สระบุรี ','นพ.สมเจษฎ์ ไกรโรจนานันท์ ','โทร. 0-3631-5555 ','โทรสาร. 0-3631-5501 ','สระบุรี\r'),(104,'รพ.มิตรภาพ เมโมเรียล ','นพ.พนม สนิทประชากร ','โทร. 0-3621-2131-4 ','โทรสาร. 0-3622-2197 ','สระบุรี\r'),(105,'รพ.คริสเตียนไชยวัฒน์ ','คุณไชยวัฒน์ วีระสมบัติ ','โทร. 0-3658-1294 ','โทรสาร. 0-3658-1296 ','สิงหบุรี\r'),(106,'รพ.สิงห์บุรีเวชการ ','นพ.ประเจิด สุรีย์จามร ','โทร. 0-3652-0517 ','โทรสาร. 0-3651-2784 ','สิงหบุรี\r'),(107,'รพ.ธนบุรี-อู่ทอง ','นพ.วิวัฒน์ กิตติวัฒนโชติ ','โทร. 0-3540-4053-9 ','โทรสาร. 0-3555-2890 ','สุพรรณบุรี\r'),(108,'รพ.หมอสำเริง ','นพ.สำเริง ศรีผุดผ่อง ','โทร. 0-3557-8959 ','โทรสาร. 0-3557-8959 ','สุพรรณบุรี\r'),(109,'รพ.พรชัย ','นพ.บุญชัย บุญแสง ','โทร. 0-3550-3531-5 ','โทรสาร. 0-3550-3432 ','สุพรรณบุรี\r'),(110,'รพ.ศุภมิตร ','นพ.เมธ โชคชัยชาญ ','โทร. 0-3550-0283-8 ','โทรสาร. 0-3550-1406 ','สุพรรณบุรี\r'),(111,'รพ.ปิยราษฎร์ ','นพ.ทรงกิจ สุทธิกาญจน์ ','โทร. 0-3555-2724-8 ','โทรสาร. 0-3555-2665 ','สุพรรณบุรี\r'),(112,'รพ.กรุงเทพจันทบุรี ','นพ.จารุวัฑ ใช้ความเพียร ','โทร. 0-3935-1467 ','โทรสาร. 0-3932-1202 ','จันทบุรี\r'),(113,'รพ.สิริเวช ','นพ.กำธร ศิริธัญญาลักษณ์ ','โทร. 0-3934-4244 ','โทรสาร. 0-3932-2995 ','จันทบุรี\r'),(114,'รพ.จุฬารัตน์ 11 ','พญ.ชุติมา ปิ่นเจริญ ','โทร. 0-3853-8511-3 ','โทรสาร. 0-3853-8798 ','ฉะเชิงเทรา\r'),(115,'รพ.โสธราเวช ','นพ.การุณ พุทธภาวนา ','โทร. 0-3881-2702-19 ','โทรสาร. 0-3881-2720 ','ฉะเชิงเทรา\r'),(116,'รพ.กรุงเทพพัทยา ','นพ.พิชิต กังวลกิจ ','โทร. 0-3825-9999 ','โทรสาร. 0-3872-7307 ','ชลบุรี\r'),(117,'รพ.ชลเวช ','พญ.วิมล สุรินทราบูรณ์ ','โทร. 0-3828-4354-5 ','โทรสาร. 0-3827-1990 ','ชลบุรี\r'),(118,'รพ.พญาไทศรีราชา ','นพ.ธนาคม แมนธนานนท์ ','โทร. 0-3877-0200-8 ','โทรสาร. 0-3877-0213 ','ชลบุรี\r'),(119,'รพ.พัทยาเมโมเรียล ','นพ.สมเกียรติ ธนไพศาลพิพัฒน์ ','โทร. 0-3848-8777 ','โทรสาร. 0-3842-2740 ','ชลบุรี\r'),(120,'รพ.พัทยาอินเตอร์ ','คุณอุไรวรรณ เทพนมรัตน์ ','โทร. 0-3842-8374-5 ','โทรสาร. 0-3842-2773 ','ชลบุรี\r'),(121,'รพ.สมิติเวช ศรีราชา ','นพ.ชัยรัตน์ ปัณฑุรอัมพร ','โทร. 0-3832-4100-11 ','โทรสาร. 0-3832-4123 ','ชลบุรี\r'),(122,'รพ.แหลมฉบังอินเตอร์ ','ผศ.รังสรรค์ สุฉันทบุตร ','โทร. 0-3849-1888 ','โทรสาร. 0-3849-1878 ','ชลบุรี\r'),(123,'รพ.เอกชล ','นพ.จรัล ใจแพทย์ ','โทร. 0-3827-3840 ','โทรสาร. 0-3827-3848 ','ชลบุร\r'),(124,'รพ.เอกชล 2 ','นพ.สานิตย์ ชากฤษณ์ ','โทร. 0-3893-9888 ','โทรสาร. 0-3893-9800 ','ชลบุร\r'),(125,'รพ.กรุงเทพตราด ','พญ.สุดจิต ลิขสิทธิ์ศุภการ ','โทร. 0-3953-2735 ','โทรสาร. 0-3953-2599 ','ตราด\r'),(126,'รพ.มงกุฎ ระยอง ','นพ.นิยม สลิสอำไพ ','โทร. 0-3868-2136-9 ','โทรสาร. 0-3868-1459 ','ระยอง\r'),(127,'รพ.รวมแพทย์ระยอง ','นพ.กริช สัตยบุตร ','โทร. 0-3886-0890-3 ','โทรสาร. 0-3886-1279 ','ระยอง\r'),(128,'รพ.กรุงเทพคริสเตียน ','นพ.วิโรจน์ ดิเรกสถาพร ','โทร. 0-3421-3453-60 ','โทรสาร. 0-3427-0088 ','นครปฐม\r'),(129,'รพ.เทพากร ','นพ.วรวิทย์ วัชโรทยางกูร ','โทร. 0-3421-2718-26 ','โทรสาร. 0-34241-314 ','นครปฐม\r'),(130,'รพ.ศาลายา ','นพ.จรัสพงษ์ ทังสุบุตร ','โทร. 0-2889-2601-7 ','โทรสาร. 0-2889-3550 ','นครปฐม\r'),(131,'รพ.สนามจันทร์ ','นพ.ทรงชัย ศรีโรจนกุล ','โทร. 0-3421-9600 ','โทรสาร. 0-3421-7817 ','นครปฐม\r'),(132,'รพ.ซาน เปา โล หัวหิน ','นพ.เอกลาภ ทองบริสุทธิ์ ','โทร. 0-3253-2576 ','โทรสาร. 0-3253-2582 ','ประจวบคีรีขันธ์\r'),(133,'รพ.เมืองเพชร-ธนบุรี ','ภญ.รพีพร กิตติวงศ์โสภณ ','โทร. 0-3241-5191-9 ','โทรสาร. 0-3241-5188 ','เพชรบุรี\r'),(134,'รพ.เพชรรัชต์ ','นพ.สัมฤทธิ์ สินธัญญาธรรม ','โทร. 0-3241-7070-9 ','โทรสาร. 0-3241-1689 ','เพชรบุรี\r'),(135,'รพ.ซานคามิลโล ','คุณจิรวัฒน์ สุจิรานุธรรม ','โทร. 0-3221-1143 ','โทรสาร. 0-3220-1256 ','ราชบุรี\r'),(136,'รพ.พร้อมแพทย์ ','นพ.ประสงค์ ประภาวงศ์ ','โทร. 0-3231-5234-9 ','โทรสาร. 0-3231-5385 ','ราชบุรี\r'),(137,'รพ.เมืองราช ','นพ.กมิล ปั้นประสงค์ ','โทร. 0-3232-2274-80 ','โทรสาร. 0-3231-2685-6 ','ราชบุรี\r'),(138,'รพ.แม่กลอง 2 ','พญ.สุวรรณา ชูพิศาลยโรจน์ ','โทร. 0-3471-5001-5 ','โทรสาร. 0-34718679 ','สมุทรสงคราม\r'),(139,'รพ.มหาชัย ','นพ.อิทธิ ฉันศิริกาญจน ','โทร. 0-3442-4990 ','โทรสาร. 0-3481-0778 ','สมุทรสาคร\r'),(140,'รพ.มหาชัย 2 ','พญ.ดาวัลย์ อนุวุฒินาวิน ','โทร. 0-2810-3442 ','โทรสาร. 0-2420-0251 ','สมุทรสาคร\r'),(141,'รพ.ศรีวิชัย 3 ','นพ.พงษ์ศักดิ์ วัฒนา ','โทร. 0-2431-0070 ','โทรสาร. 0-2431-0940 ','สมุทรสาคร\r'),(142,'รพ.ศรีวิชัย 5 ','พญ.สายสุนี วรรณดุรงค์วรรณ ','โทร. 0-3482-6708 ','โทรสาร. 0-3482-6706 ','สมุทรสาคร\r'),(143,'รพ.เอกชัย ','นพ.เกรียงไกร จีระแพทย์ ','โทร. 0-3441-7999 ','โทรสาร. 0-3441-7903 ','สมุทรสาคร\r'),(144,'รพ.บัวใหญ่รวมแพทย์ ','นพ.โกวิท คำพิทักษ์ ','โทร. 0-4429-2249-53 ','โทรสาร. 0-4429-2252 ','นครราชสีมา\r'),(145,'รพ.ป.แพทย์ ','นพ.ประณีต สงวนตระกูล ','โทร. 0-4423-0530-3 ','โทรสาร. 0-4425-1120 ','นครราชสีมา\r'),(146,'รพ.กรุงเทพราชสีมา ','นพ.ธนรัชต์ สมุทรเพชร ','โทร. 0-4442-9999 ','โทรสาร. 0-4425-6421 ','นครราชสีมา\r'),(147,'รพ.เซ็นต์เมรี่ ','นพ.บรรพต พึ่งชัยพัฒน์ ','โทร. 0-4424-2385 ','โทรสาร. 0-4425-6600 ','นครราชสีมา\r'),(148,'รพ.เอกชนบุรีรัมย์ ','นพ.วรพงษ์ ศักดิ์ศิรินุกูล ','โทร. 0-4461-4100 ','โทรสาร. 0-4461-4110 ','บุรีรัมย์\r'),(149,'รพ.รวมแพทย์สุรินทร์(หมออนันต์) ','นพ.อิสระ อริยะชัยพาณิชย์ ','โทร. 0-4451-5700 ','โทรสาร. 0-4451-2496 ','สุรินทร์\r'),(150,'รพ.ธีรวัฒน์ ','นพ.ธีรวัฒน์ ร่มไทรทอง ','โทร. 0-4381-1757 ','โทรสาร. 0-4381-2142 ','กาฬสินธุ์\r'),(151,'รพ.ขอนแก่นราม ','นพ.สมชาย กิตติพงษ์หรรษา ','โทร. 0-4333-3901 ','โทรสาร. 0-4333-3899 ','ขอนแก่น\r'),(152,'รพ.ราชพฤกษ์ ','นพ.ธีระวัฒน์ ศรีนัครินทร์ ','โทร. 0-4333-3555 ','โทรสาร. 0-4323-8833 ','ขอนแก่น\r'),(153,'รพ.เวชประสิทธิ์ ','คุณอนัญพร พูลนิติพร ','โทร. 0-4324-5544 ','โทรสาร. 0-4324-5644 ','ขอนแก่น\r'),(154,'รพ.เมืองเลยราม ','นพ.บุญชัย จิตตนาสวัสดิ์ ','โทร. 0-4283-3400 ','โทรสาร. 0-4283-2522 ','เลย\r'),(155,'รพ.รักษ์สกล ','คุณสมคิด ปิยะธรรมวุฒิกุล ','โทร. 0-4271-2800 ','โทรสาร. 0-4271-2584 ','สกลนคร\r'),(156,'รพ.นอร์ทอีสเทร์น-วัฒนา ','พญ.ศุภวรรณ ตั้งสืบกุล ','โทร. 0-4224-1031-3 ','โทรสาร. 0-4224-1956 ','อุดรธานี\r'),(157,'รพ.ปัญญาเวช ','นพ.ปัญญา อยู่ประเสริฐ ','โทร. 0-4234-3111 ','โทรสาร. 0-4234-3065 ','อุดรธานี\r'),(158,'รพ.เอกอุดร ','คุณวิเชียร ชมดง ','โทร. 0-4234-2555 ','โทรสาร. 0-4234-1033 ','อุดรธานี\r'),(159,'รพ.มุกดาหารอินเตอร์ ','นพ.ธีระยุทธ นิยากูล ','โทร. 0-4263-3301-9 ','โทรสาร. 0-4263-3310 ','มุกดาหาร\r'),(160,'รพ.นายแพทย์หาญ ','นพ.หาญ สุฉันทบุตร ','โทร. 0-4571-1356 ','โทรสาร. 0-4571-1020 ','ยโสธร\r'),(161,'รพ.ยโสธรรวมแพทย์ ','นพ.หาญ สุฉันทบุตร ','โทร. 0-4571-2141-2 ','โทรสาร. 0-4572-0378 ','ยโสธร\r'),(162,'รพ.กรุงเทพจุรีเวช ','พญ.กฤษณา โฆษิตจิรนันท์ ','โทร. 0-4352-7111 ','โทรสาร. 0-4352-7699 ','ร้อยเอ็ด\r'),(163,'รพ.ประชารักษ์ ','ภก.สมพร จึงศิรกุลวิทย์ ','โทร. 0-4563-1313 ','โทรสาร. 0-4561-4202 ','ศรีสะเกษ\r'),(164,'รพ.อุบลรักษ์ ธนบุรี ','นพ.สุรชัย สุพันธมาตย์ ','โทร. 0-4526-0285 ','โทรสาร. 0-4524-3654 ','อุบลราชธานี\r'),(165,'รพ.แพทย์บัณฑิต ','นพ.นภดล ลุประสงค์ ','โทร. 0-5572-2044 ','โทรสาร. 0-5572-2044 ','กำแพงเพชร\r'),(166,'รพ.รวมแพทย์ นครสวรรค์ ','นพ.กิตติ ตั้งบรรเจิดสุข ','โทร. 0-5622-3600 ','โทรสาร. 0-5622-5912 ','นครสวรรค์\r'),(167,'รพ.ศรีสวรรค์ ','นพ.ชวลิต วิมลเฉลา ','โทร. 0-5631-1626 ','โทรสาร. 0-5622-2388 ','นครสวรรค์\r'),(168,'รพ.ปากน้ำโพ ','นพ.วิสิทธิ์ อวิรุทธ์นันท์ ','โทร. 0-5622-5501 ','โทรสาร. 0-5622-7179 ','นครสวรรค์\r'),(169,'รพ.ร่มฉัตร ','นพ.พรชัย สัตยาประเสริฐ ','โทร. 0-5631-2481-90 ','โทรสาร. 0-5622-8015 ','นครสวรรค์\r'),(170,'รพ.รัตนเวช นครสวรรค์ ','พญ.สุรางค์รัตน์ วรรธนภูติ ','โทร. 0-5622-0320-8 ','โทรสาร. 0-5621-2164 ','นครสวรรค์\r'),(171,'รพ.พัฒนเวชสุโขทัย ','นพ.สุชาติ กุละพัฒน์ ','โทร. 0-5562-1502-7 ','โทรสาร. 0-5561-2007 ','สุโขทัย\r'),(172,'รพ.รวมแพทย์สุโขทัย ','นพ.พจนารถ จันทโรจวงศ์ ','โทร. 0-5561-2189-90 ','โทรสาร. 0-5561-2221 ','สุโขทัย\r'),(173,'รพ.ตะพานหินรวมแพทย์ ','คุณบุญเลิศ คำนึงสิทธิ ','โทร. 0-5666-2678-80 ','โทรสาร. 0-5662-2208 ','พิจิตร\r'),(174,'รพ.สหเวชพิจิตร ','นพ.เสริมสุข เหลาหชัยอรุณ ','โทร. 0-5661-2791-3 ','โทรสาร. 0-5661-2794 ','พิจิตร\r'),(175,'รพ.พิษณุเวช ','นพ.สุเทพ นิ่มพิทักษ์พงศ์ ','โทร. 0-5524-4911-20 ','โทรสาร. 0-5525-2754 ','พิษณุโลก\r'),(176,'รพ.รวมแพทย์ พิษณุโลก ','นพ.พีระเชษฐ์ ภู่เกียรติ ','โทร. 0-5521-9307 ','โทรสาร. 0-5524-1934 ','พิษณุโลก\r'),(177,'รพ.รัตนเวช พิษณุโลก ','นพ.อุดม วาริทนันท์ ','โทร. 0-5521-0819-28 ','โทรสาร. 0-5521-1943 ','พิษณุโลก\r'),(178,'รพ.อินเตอร์เวชการ ','นพ.ยงยศ จริยวิทยาวัฒน์ ','โทร. 0-5521-8777 ','โทรสาร. 0-5524-5678 ','พิษณุโลก\r'),(179,'รพ.นครหล่ม ','นพ.พิเชษฐ์ อิศวสัมฤทธิ์ ','โทร. 0-5670-2015-7 ','โทรสาร. 0-5670-2018 ','เพชรบูรณ์\r'),(180,'รพ.เพชรรัตน์ ','ทพ.ประจวบ จันทรคิด ','โทร. 0-5672-0600-4 ','โทรสาร. 0-5672-0679 ','เพชรบูรณ์\r'),(181,'รพ.แพร่คริสเตียน ','นพ.สถาปน์ ชินวงศ์ ','โทร. 0-5451-1017 ','โทรสาร. 0-5452-2853 ','แพร่\r'),(182,'รพ.แพร่-ราม ','นพ.วรชัย วงศ์วรกุล ','โทร. 0-5452-2911-3 ','โทรสาร. 0-5453-0007 ','แพร่\r'),(183,'รพ.เกษมราษฎร์ศรีบุรินทร์ ','นพ.สมชัย ตั้งพร้อมพันธ์ ','โทร. 0-5371-7499 ','โทรสาร. 0-5371-7032 ','เชียงราย\r'),(184,'รพ.โอเวอร์บรุ๊ค ','นพ.วิฑูรย์ ยงเมธาวุฒิ ','โทร. 0-5371-5830-4 ','โทรสาร. 0-5371-6755 ','เชียงราย\r'),(185,'รพ.ช้างเผือก ','นพ.อำนวย ชิงชยานุรักษ์ ','โทร. 0-5322-0022 ','โทรสาร. 0-5321-8120 ','เชียงใหม่\r'),(186,'รพ.เชียงใหม่ใกล้หมอ ','นพ.ศยาม เวศกิจกุล ','โทร. 0-5320-0002 ','โทรสาร. 0-5320-0002 ','เชียงใหม่\r'),(187,'รพ.เชียงใหม่ราม ','นพ.วรพันธ์ อุณจักร ','โทร. 0-5322-4861 ','โทรสาร. 0-5322-4880 ','เชียงใหม่\r'),(188,'รพ.เซ็นทรัลเชียงใหม่ ','คุณวรัญญา เลี้ยงลักษณ์เลิศ ','โทร. 0-5381-9333 ','โทรสาร. 0-5327-1624 ','เชียงใหม่\r'),(189,'รพ.เทพปัญญา ','นพ.วรพันธ์ อุณจักร ','โทร. 0-5385-2590 ','โทรสาร. 0-5385-2590 ต่อ 3500 ','เชียงใหม่\r'),(190,'รพ.แมคคอร์มิค ','tนพ.อดุล วรินทรเวช ','โทร. 0-5392-1777 ','โทรสาร. 0-5392-1734 ','เชียงใหม่\r'),(191,'รพ.แมคเคน ','นพ.สมชาย อบบุญ ','โทร. 0-5381-7170 ','โทรสาร. 0-5312-4264 ','เชียงใหม่\r'),(192,'รพ.รวมแพทย์ เชียงใหม่ ','นพ.สุมิน พฤกษิกานนท์ ','โทร. 0-5327-0144-8 ','โทรสาร. 0-5327-9256 ','เชียงใหม่\r'),(193,'รพ.ราชเวชเชียงใหม่ ','ศ.นพ.ชาลี พรพัฒน์กุล ','โทร. 0-5380-1999 ','โทรสาร. 0-5380-1440 ','เชียงใหม่\r'),(194,'รพ.ลานนา ','นพ.ดุสิต ศรีสกุล ','โทร. 0-5399-9701 ','โทรสาร. 0-5399-9799 ','เชียงใหม่\r'),(195,'รพ.พะเยาราม ','นพ.ฐานิสร์ กาญจนรัตนากร ','โทร. 0-5441-1111-29 ','โทรสาร. 0-5441-1130 ','พะเยา\r'),(196,'รพ.เขลางค์ ','นพ.บุญจง ชูชัยแสงรัตน์ ','โทร. 0-5422-5100 ','โทรสาร. 0-5422-5105 ','ลำปาง\r'),(197,'รพ.หริภุญชัยเมโมเรียล ','นพ.วัชระ สนธิชัย ','โทร. 0-5358-1600-6 ','โทรสาร. 0-5358-1606 ','ลำพูน\r'),(198,'รพ.วิรัชศิลป์ ','นพ.ประสิทธิ์ วิรัชสุขสมบัติ ','โทร. 0-7750-3238 ','โทรสาร. 0-7750-1163 ','ชุมพร\r'),(199,'รพ.นครคริสเตียน ','นพ.ปรีชา มิตรกูล ','โทร. 0-7535-6214 ','โทรสาร. 0-7531-7110 ','นครศรีธรรมราช\r'),(200,'รพ.นครพัฒน์ ','นพ.พรชัย ลีานิพนธ์ ','โทร. 0-7530-5999 ','โทรสาร. 0-7530-5954 ','นครศรีธรรมราช\r'),(201,'รพ.นครินทร์ ','นพ.วิเชียร วิชานศวกุล ','โทร. 0-7531-2800-5 ','โทรสาร. 0-7531-7110 ','นครศรีธรรมราช\r'),(202,'รพ.รวมแพทย์ทุ่งสง ','พญ.กษมาพร เที่ยงธรรม ','โทร. 0-7541-1330 ','โทรสาร. 0-7542-0685 ','นครศรีธรรมราช\r'),(203,'รพ.กรุงเทพภูเก็ต ','นพ.ก้องเกียรติ เกษเพ็ชร ','โทร. 0-7625-4421-9 ','โทรสาร. 0-7625-4430 ','ภูเก็ต\r'),(204,'รพ.สิริโรจน์ ','นพ.อนุโรจน์ ธารสิริโรจน์ ','โทร. 0-7624-9400 ','โทรสาร. 0-7621-0936 ','ภูเก็ต\r'),(205,'รพ.ทักษิณ ','นพ.บรรจบ มานะกุล ','โทร. 0-7728-5701-5 ','โทรสาร. 0-7728-5701 ','สุราษฎร์ธานี\r'),(206,'รพ.ไทยอินเตอร์เนชั่นแนล ','คุณกริชพงศ์ เค้าอุทัย ','โทร. 0-7724-5721-6 ','โทรสาร. 0-7724-5690 ','สุราษฎร์ธานี\r'),(207,'รพ.บ้านดอนอินเตอร์ เกาะสมุย ','นพ.ชุมโชค จันทร์วิเมลือง ','โทร. 0-7724-5236 ','โทรสาร. 0-7748-5342 ','สุราษฎร์ธานี\r'),(208,'รพ.ตรังรวมแพทย์ ','นพ.สมชัย เจียรนัยศิลป์ ','โทร. 0-7521-8988 ','โทรสาร. 0-7521-4684 ','ตรัง\r'),(209,'รพ.วัฒนแพทย์ตรัง ','นพ.วิศิษฐ์ อมรวิทยารักษ์ ','โทร. 0-7520-5555 ','โทรสาร. 0-7520-5460 ','ตรัง\r'),(210,'รพ.รวมแพทย์พัทลุง ','พญ.ศศินี โภคโต ','โทร. 0-7461-3166 ','โทรสาร. 0-7462-7370 ','พัทลุง\r'),(211,'รพ.กรุงเทพหาดใหญ่ ','นพ.ณรงค์ฤทธิ์ ฮาวรังษี ','โทร. 0-7436-5780-9 ','โทรสาร. 0-7427-2840 ','สงขลา\r'),(212,'รพ.มูลนิธิมิตรภาพสามัคคี ','นพ.จำลอง บ่อเกิด ','โทร. 0-7424-6446 ','โทรสาร. 0-7424-3549 ','สงขลา\r'),(213,'รพ.ราษฎร์ยินดี ','คุณปิยพล ศรียะพันธุ์ ','โทร. 0-7420-0200 ','โทรสาร. 0-7420-0292 ','สงขลา\r'),(214,'รพ.ศิครินทร์หาดใหญ่ ','นพ.อาคเนย์ สุขอยู่ ','โทร. 0-7436-6966 ','โทรสาร. 0-7436-6955 ','สงขลา');
/*!40000 ALTER TABLE `hospitals` ENABLE KEYS */;
UNLOCK TABLES;

--
-- Table structure for table `invoice_orders`
--

DROP TABLE IF EXISTS `invoice_orders`;
/*!40101 SET @saved_cs_client     = @@character_set_client */;
/*!40101 SET character_set_client = utf8 */;
CREATE TABLE `invoice_orders` (
  `id` int(10) NOT NULL AUTO_INCREMENT,
  `invoice_id` int(10) NOT NULL,
  `order_id` int(10) NOT NULL,
  `payment_term` varchar(50) DEFAULT NULL,
  PRIMARY KEY (`id`)
) ENGINE=MyISAM AUTO_INCREMENT=103 DEFAULT CHARSET=utf8 COMMENT='invoice_id  <= transaction_id';
/*!40101 SET character_set_client = @saved_cs_client */;

--
-- Dumping data for table `invoice_orders`
--

LOCK TABLES `invoice_orders` WRITE;
/*!40000 ALTER TABLE `invoice_orders` DISABLE KEYS */;
INSERT INTO `invoice_orders` VALUES (100,92,130,NULL),(101,95,132,NULL),(102,95,135,NULL);
/*!40000 ALTER TABLE `invoice_orders` ENABLE KEYS */;
UNLOCK TABLES;

--
-- Table structure for table `manufacturing_items`
--

DROP TABLE IF EXISTS `manufacturing_items`;
/*!40101 SET @saved_cs_client     = @@character_set_client */;
/*!40101 SET character_set_client = utf8 */;
CREATE TABLE `manufacturing_items` (
  `id` int(11) NOT NULL,
  `request_id` int(11) DEFAULT NULL,
  `process_type` varchar(45) DEFAULT NULL,
  `output_unit` varchar(45) DEFAULT NULL,
  `output_count` varchar(45) DEFAULT NULL,
  `__label__` varchar(45) DEFAULT NULL,
  `transaction_items_transaction_id` int(11) NOT NULL,
  PRIMARY KEY (`id`),
  KEY `manufacturing_item_request` (`request_id`),
  KEY `fk_manufacturing_items_transaction_items1` (`transaction_items_transaction_id`),
  CONSTRAINT `manufacturing_item_request` FOREIGN KEY (`request_id`) REFERENCES `manufacturing_requests` (`id`) ON DELETE NO ACTION ON UPDATE NO ACTION
) ENGINE=InnoDB DEFAULT CHARSET=utf8;
/*!40101 SET character_set_client = @saved_cs_client */;

--
-- Dumping data for table `manufacturing_items`
--

LOCK TABLES `manufacturing_items` WRITE;
/*!40000 ALTER TABLE `manufacturing_items` DISABLE KEYS */;
/*!40000 ALTER TABLE `manufacturing_items` ENABLE KEYS */;
UNLOCK TABLES;

--
-- Table structure for table `manufacturing_logs`
--

DROP TABLE IF EXISTS `manufacturing_logs`;
/*!40101 SET @saved_cs_client     = @@character_set_client */;
/*!40101 SET character_set_client = utf8 */;
CREATE TABLE `manufacturing_logs` (
  `request_id` int(11) NOT NULL,
  `timestamp` timestamp NULL DEFAULT NULL,
  PRIMARY KEY (`request_id`),
  KEY `logs_manufacturing` (`request_id`),
  CONSTRAINT `logs_manufacturing` FOREIGN KEY (`request_id`) REFERENCES `manufacturing_requests` (`id`) ON DELETE NO ACTION ON UPDATE NO ACTION
) ENGINE=InnoDB DEFAULT CHARSET=utf8;
/*!40101 SET character_set_client = @saved_cs_client */;

--
-- Dumping data for table `manufacturing_logs`
--

LOCK TABLES `manufacturing_logs` WRITE;
/*!40000 ALTER TABLE `manufacturing_logs` DISABLE KEYS */;
/*!40000 ALTER TABLE `manufacturing_logs` ENABLE KEYS */;
UNLOCK TABLES;

--
-- Table structure for table `manufacturing_requests`
--

DROP TABLE IF EXISTS `manufacturing_requests`;
/*!40101 SET @saved_cs_client     = @@character_set_client */;
/*!40101 SET character_set_client = utf8 */;
CREATE TABLE `manufacturing_requests` (
  `id` int(11) NOT NULL,
  `transaction_id` int(11) DEFAULT NULL,
  PRIMARY KEY (`id`),
  KEY `transaction_manufacture` (`transaction_id`),
  CONSTRAINT `transaction_manufacture` FOREIGN KEY (`transaction_id`) REFERENCES `orders` (`id`) ON DELETE NO ACTION ON UPDATE NO ACTION
) ENGINE=InnoDB DEFAULT CHARSET=utf8;
/*!40101 SET character_set_client = @saved_cs_client */;

--
-- Dumping data for table `manufacturing_requests`
--

LOCK TABLES `manufacturing_requests` WRITE;
/*!40000 ALTER TABLE `manufacturing_requests` DISABLE KEYS */;
/*!40000 ALTER TABLE `manufacturing_requests` ENABLE KEYS */;
UNLOCK TABLES;

--
-- Table structure for table `order_items`
--

DROP TABLE IF EXISTS `order_items`;
/*!40101 SET @saved_cs_client     = @@character_set_client */;
/*!40101 SET character_set_client = utf8 */;
CREATE TABLE `order_items` (
  `id` int(11) NOT NULL AUTO_INCREMENT,
  `order_id` int(11) NOT NULL,
  `product_id` int(11) DEFAULT NULL,
  `order_per_day` varchar(45) DEFAULT NULL,
  `consume_time` varchar(45) DEFAULT NULL,
  `price` decimal(10,4) DEFAULT NULL,
  `quantity` decimal(10,6) DEFAULT NULL,
  `weight` decimal(10,6) DEFAULT NULL,
  `remarks` text,
  `unit_id` int(11) DEFAULT NULL,
  PRIMARY KEY (`id`),
  KEY `FK_order_items_orders` (`order_id`),
  KEY `FK_order_items_products` (`product_id`),
  KEY `FK_order_items_product_unit` (`unit_id`)
) ENGINE=MyISAM AUTO_INCREMENT=2440 DEFAULT CHARSET=utf8;
/*!40101 SET character_set_client = @saved_cs_client */;

--
-- Dumping data for table `order_items`
--

LOCK TABLES `order_items` WRITE;
/*!40000 ALTER TABLE `order_items` DISABLE KEYS */;
INSERT INTO `order_items` VALUES (2413,128,1,'500','[\"morning_and_evening\"]',15000.0000,NULL,NULL,NULL,NULL),(2414,128,6,'10','[\"morning_and_evening\"]',300.0000,NULL,NULL,NULL,NULL),(2415,128,8,'100','[\"morning_and_evening\"]',3000.0000,NULL,NULL,NULL,NULL),(2416,128,18,'100','[\"morning_and_evening\"]',3000.0000,NULL,NULL,NULL,NULL),(2417,128,32,'50','[\"morning_and_evening\"]',1500.0000,NULL,NULL,NULL,NULL),(2418,128,38,'50','[\"morning_and_evening\"]',1500.0000,NULL,NULL,NULL,NULL),(2419,128,58,'100','[\"morning_and_evening\"]',3000.0000,NULL,NULL,NULL,NULL),(2420,127,1,'1000','[\"morning_and_evening\"]',30000.0000,NULL,NULL,NULL,NULL),(2421,127,3,'5','[\"morning_and_evening\"]',150.0000,NULL,NULL,NULL,NULL),(2422,127,7,'300','[\"morning_and_evening\"]',9000.0000,NULL,NULL,NULL,NULL),(2423,126,1,'1000','[\"morning_and_evening\"]',30000.0000,NULL,NULL,NULL,NULL),(2424,126,3,'5','[\"morning_and_evening\"]',150.0000,NULL,NULL,NULL,NULL),(2425,126,8,'400','[\"morning_and_evening\"]',12000.0000,NULL,NULL,NULL,NULL),(2426,126,10,'200','[\"morning\",\"bedtime\"]',6000.0000,NULL,NULL,NULL,NULL),(2427,121,1,'100','[\"morning_and_evening\"]',3000.0000,NULL,NULL,NULL,NULL),(2428,121,8,'40','[\"morning_and_evening\"]',1200.0000,NULL,NULL,NULL,NULL),(2429,130,1,'1000','[\"morning_and_evening\"]',30000.0000,NULL,NULL,NULL,NULL),(2430,132,6,'10','[\"morning_and_evening\"]',300.0000,NULL,NULL,NULL,NULL),(2431,134,1,'500','[\"morning_and_evening\"]',15000.0000,NULL,NULL,NULL,NULL),(2432,135,1,'400','[\"morning_and_evening\"]',12000.0000,NULL,NULL,NULL,NULL),(2433,135,146,'50','[\"morning_and_evening\"]',1500.0000,NULL,NULL,NULL,NULL),(2434,141,1,'100','[\"morning_and_evening\"]',1500.0000,NULL,NULL,NULL,NULL),(2435,141,3,'200','[\"morning_and_evening\"]',6000.0000,NULL,NULL,NULL,NULL),(2436,142,1,'100','[\"morning_and_evening\"]',1500.0000,NULL,NULL,NULL,NULL),(2437,142,3,'200','[\"morning_and_evening\"]',6000.0000,NULL,NULL,NULL,NULL),(2438,142,7,'100','[\"morning_and_evening\"]',3000.0000,NULL,NULL,NULL,NULL),(2439,142,17,'100','[\"morning_and_evening\"]',3000.0000,NULL,NULL,NULL,NULL);
/*!40000 ALTER TABLE `order_items` ENABLE KEYS */;
UNLOCK TABLES;

--
-- Table structure for table `order_logs`
--

DROP TABLE IF EXISTS `order_logs`;
/*!40101 SET @saved_cs_client     = @@character_set_client */;
/*!40101 SET character_set_client = utf8 */;
CREATE TABLE `order_logs` (
  `order_id` int(11) NOT NULL,
  `updated` timestamp NOT NULL DEFAULT CURRENT_TIMESTAMP,
  `category` varchar(45) DEFAULT NULL,
  `msg` varchar(200) NOT NULL,
  KEY `logs_transaction` (`order_id`),
  KEY `time` (`updated`)
) ENGINE=MyISAM DEFAULT CHARSET=utf8;
/*!40101 SET character_set_client = @saved_cs_client */;

--
-- Dumping data for table `order_logs`
--

LOCK TABLES `order_logs` WRITE;
/*!40000 ALTER TABLE `order_logs` DISABLE KEYS */;
INSERT INTO `order_logs` VALUES (1,'2011-08-02 14:37:06','UPDATES','updated order 1'),(18,'2011-08-02 14:37:06','UPDATES','updated order 18'),(5,'2011-08-02 14:37:06','UPDATES','updated order 5'),(6,'2011-08-02 14:37:06','UPDATES','updated order 6'),(7,'2011-08-02 14:37:06','UPDATES','updated order 7'),(8,'2011-08-02 14:37:06','UPDATES','updated order 8'),(9,'2011-08-02 14:37:06','UPDATES','updated order 9'),(10,'2011-08-02 14:37:06','UPDATES','updated order 10'),(11,'2011-08-02 14:37:06','UPDATES','updated order 11'),(12,'2011-08-02 14:37:06','UPDATES','updated order 12'),(14,'2011-08-02 14:37:06','UPDATES','updated order 14'),(15,'2011-08-02 14:37:06','UPDATES','updated order 15'),(16,'2011-08-02 14:37:06','UPDATES','updated order 16'),(17,'2011-08-02 14:37:06','UPDATES','updated order 17'),(85,'2011-08-02 14:37:06','UPDATES','updated order 85'),(2,'2011-08-02 14:37:06','UPDATES','updated order 2'),(3,'2011-08-02 14:37:06','UPDATES','updated order 3'),(84,'2011-08-02 14:37:06','UPDATES','updated order 84'),(83,'2011-08-02 14:37:06','UPDATES','updated order 83'),(19,'2011-08-02 14:37:06','UPDATES','updated order 19'),(20,'2011-08-02 14:37:06','UPDATES','updated order 20'),(21,'2011-08-02 14:37:06','UPDATES','updated order 21'),(22,'2011-08-02 14:37:06','UPDATES','updated order 22'),(23,'2011-08-02 14:37:06','UPDATES','updated order 23'),(24,'2011-08-02 14:37:06','UPDATES','updated order 24'),(25,'2011-08-02 14:37:06','UPDATES','updated order 25'),(26,'2011-08-02 14:37:06','UPDATES','updated order 26'),(27,'2011-08-02 14:37:06','UPDATES','updated order 27'),(28,'2011-08-02 14:37:06','UPDATES','updated order 28'),(29,'2011-08-02 14:37:06','UPDATES','updated order 29'),(30,'2011-08-02 14:37:06','UPDATES','updated order 30'),(31,'2011-08-02 14:37:06','UPDATES','updated order 31'),(32,'2011-08-02 14:37:06','UPDATES','updated order 32'),(33,'2011-08-02 14:37:06','UPDATES','updated order 33'),(34,'2011-08-02 14:37:06','UPDATES','updated order 34'),(35,'2011-08-02 14:37:06','UPDATES','updated order 35'),(36,'2011-08-02 14:37:06','UPDATES','updated order 36'),(37,'2011-08-02 14:37:06','UPDATES','updated order 37'),(38,'2011-08-02 14:37:06','UPDATES','updated order 38'),(39,'2011-08-02 14:37:06','UPDATES','updated order 39'),(40,'2011-08-02 14:37:06','UPDATES','updated order 40'),(41,'2011-08-02 14:37:06','UPDATES','updated order 41'),(42,'2011-08-02 14:37:06','UPDATES','updated order 42'),(43,'2011-08-02 14:37:06','UPDATES','updated order 43'),(44,'2011-08-02 14:37:06','UPDATES','updated order 44'),(45,'2011-08-02 14:37:06','UPDATES','updated order 45'),(46,'2011-08-02 14:37:06','UPDATES','updated order 46'),(47,'2011-08-02 14:37:06','UPDATES','updated order 47'),(48,'2011-08-02 14:37:06','UPDATES','updated order 48'),(49,'2011-08-02 14:37:06','UPDATES','updated order 49'),(50,'2011-08-02 14:37:06','UPDATES','updated order 50'),(51,'2011-08-02 14:37:06','UPDATES','updated order 51'),(52,'2011-08-02 14:37:06','UPDATES','updated order 52'),(53,'2011-08-02 14:37:06','UPDATES','updated order 53'),(54,'2011-08-02 14:37:06','UPDATES','updated order 54'),(55,'2011-08-02 14:37:06','UPDATES','updated order 55'),(56,'2011-08-02 14:37:06','UPDATES','updated order 56'),(57,'2011-08-02 14:37:06','UPDATES','updated order 57'),(58,'2011-08-02 14:37:06','UPDATES','updated order 58'),(59,'2011-08-02 14:37:06','UPDATES','updated order 59'),(60,'2011-08-02 14:37:06','UPDATES','updated order 60'),(61,'2011-08-02 14:37:06','UPDATES','updated order 61'),(62,'2011-08-02 14:37:06','UPDATES','updated order 62'),(63,'2011-08-02 14:37:06','UPDATES','updated order 63'),(64,'2011-08-02 14:37:06','UPDATES','updated order 64'),(65,'2011-08-02 14:37:06','UPDATES','updated order 65'),(66,'2011-08-02 14:37:06','UPDATES','updated order 66'),(67,'2011-08-02 14:37:06','UPDATES','updated order 67'),(68,'2011-08-02 14:37:06','UPDATES','updated order 68'),(69,'2011-08-02 14:37:06','UPDATES','updated order 69'),(70,'2011-08-02 14:37:06','UPDATES','updated order 70'),(71,'2011-08-02 14:37:06','UPDATES','updated order 71'),(72,'2011-08-02 14:37:06','UPDATES','updated order 72'),(73,'2011-08-02 14:37:06','UPDATES','updated order 73'),(74,'2011-08-02 14:37:06','UPDATES','updated order 74'),(75,'2011-08-02 14:37:06','UPDATES','updated order 75'),(76,'2011-08-02 14:37:06','UPDATES','updated order 76'),(77,'2011-08-02 14:37:06','UPDATES','updated order 77'),(78,'2011-08-02 14:37:06','UPDATES','updated order 78'),(79,'2011-08-02 14:37:06','UPDATES','updated order 79'),(80,'2011-08-02 14:37:06','UPDATES','updated order 80'),(81,'2011-08-02 14:37:06','UPDATES','updated order 81'),(82,'2011-08-02 14:37:06','UPDATES','updated order 82'),(10,'2011-08-10 05:08:33','UPDATED','saved'),(10,'2011-08-10 05:09:45','UPDATED','saved by 1'),(10,'2011-08-10 05:11:27','UPDATED','saved by 1'),(9,'2011-08-10 05:20:35','DELETED','deleted by 1'),(9,'2011-08-10 05:21:29','DELETED','deleted by 1'),(9,'2011-08-10 05:32:24','DELETED','deleted by 1'),(28,'2011-08-10 05:33:07','DELETED','deleted by 1'),(1,'2011-08-10 05:39:49','APPROVED','approved by 1'),(1,'2011-08-10 05:39:49','UPDATED','saved by 1'),(5,'2011-08-10 05:41:33','APPROVED','approved by 1'),(5,'2011-08-10 05:41:33','UPDATED','saved by 1'),(12,'2011-08-10 05:41:49','DELETED','deleted by 1'),(18,'2011-08-10 05:42:09','DELETED','deleted by 1'),(17,'2011-08-10 05:42:17','DELETED','deleted by 1'),(15,'2011-08-10 05:42:24','DELETED','deleted by 1'),(22,'2011-08-10 05:42:32','DELETED','deleted by 1'),(29,'2011-08-10 05:42:39','DELETED','deleted by 1'),(37,'2011-08-10 05:42:47','DELETED','deleted by 1'),(35,'2011-08-10 05:42:56','DELETED','deleted by 1'),(42,'2011-08-10 05:43:03','DELETED','deleted by 1'),(38,'2011-08-10 05:43:12','DELETED','deleted by 1'),(32,'2011-08-10 05:43:20','DELETED','deleted by 1'),(39,'2011-08-10 05:43:31','DELETED','deleted by 1'),(49,'2011-08-10 05:43:41','DELETED','deleted by 1'),(54,'2011-08-10 05:43:50','DELETED','deleted by 1'),(16,'2011-08-10 05:45:16','DELETED','deleted by 1'),(58,'2011-08-10 05:45:25','APPROVED','approved by 1'),(58,'2011-08-10 05:45:25','UPDATED','saved by 1'),(86,'2011-08-10 05:45:48','DELETED','deleted by 1'),(2,'2011-08-09 18:13:29','APPROVED','approved by 1'),(2,'2011-08-09 18:13:29','UPDATED','saved by 1'),(3,'2011-08-09 18:19:43','APPROVED','approved by 1'),(3,'2011-08-09 18:19:43','UPDATED','saved by 1'),(6,'2011-08-10 06:02:01','APPROVED','approved by 1'),(6,'2011-08-09 18:22:01','UPDATED','saved by 1'),(7,'2011-08-10 06:28:23','APPROVED','approved by 1'),(7,'2011-08-09 18:28:24','UPDATED','saved by 1'),(87,'2011-08-09 18:30:15','UPDATED','saved by 1'),(87,'2011-08-09 18:30:16','UPDATED','saved by 1'),(87,'2011-08-09 18:30:16','UPDATED','saved by 1'),(87,'2011-08-09 18:30:16','UPDATED','saved by 1'),(87,'2011-08-09 18:32:57','UPDATED','saved by 1'),(87,'2011-08-10 06:34:38','UPDATED','saved by 1'),(87,'2011-08-10 06:38:35','UPDATED','saved by 1'),(88,'2011-08-10 06:39:49','UPDATED','saved by 1'),(88,'2011-08-10 06:39:50','UPDATED','saved by 1'),(88,'2011-08-10 06:39:50','UPDATED','saved by 1'),(88,'2011-08-10 06:39:50','UPDATED','saved by 1'),(89,'2011-08-10 06:44:45','UPDATED','saved by 1'),(89,'2011-08-10 06:44:46','UPDATED','saved by 1'),(89,'2011-08-10 06:44:46','UPDATED','saved by 1'),(89,'2011-08-10 06:44:46','UPDATED','saved by 1'),(73,'2011-08-10 07:56:28','UPDATED','saved by 1'),(89,'2011-08-10 08:04:34','UPDATED','saved by 1'),(90,'2011-08-29 01:06:26','UPDATED','saved by 1'),(90,'2011-08-29 01:06:26','UPDATED','saved by 1'),(90,'2011-08-29 01:06:26','UPDATED','saved by 1'),(90,'2011-08-29 01:06:26','UPDATED','saved by 1'),(90,'2011-08-29 01:07:04','UPDATED','saved by 1'),(90,'2011-08-29 01:07:06','UPDATED','saved by 1'),(91,'2011-08-29 01:07:33','UPDATED','saved by 1'),(91,'2011-08-29 01:07:34','UPDATED','saved by 1'),(91,'2011-08-29 01:07:34','UPDATED','saved by 1'),(91,'2011-08-29 01:07:34','UPDATED','saved by 1'),(92,'2011-08-29 01:08:30','UPDATED','saved by 1'),(92,'2011-08-29 01:08:30','UPDATED','saved by 1'),(92,'2011-08-29 01:08:30','UPDATED','saved by 1'),(92,'2011-08-29 01:08:30','UPDATED','saved by 1'),(93,'2011-08-29 01:09:23','UPDATED','saved by 1'),(93,'2011-08-29 01:09:23','UPDATED','saved by 1'),(93,'2011-08-29 01:09:23','UPDATED','saved by 1'),(93,'2011-08-29 01:09:23','UPDATED','saved by 1'),(94,'2011-09-01 16:09:16','UPDATED','saved by 1'),(95,'2011-09-01 16:10:03','UPDATED','saved by 1'),(95,'2011-09-01 16:10:03','UPDATED','saved by 1'),(95,'2011-09-01 16:10:03','UPDATED','saved by 1'),(95,'2011-09-01 16:10:03','UPDATED','saved by 1'),(34,'2011-09-01 16:44:43','APPROVED','approved by 1'),(34,'2011-09-01 16:44:43','UPDATED','saved by 1'),(96,'2011-09-01 16:58:35','UPDATED','saved by 1'),(96,'2011-09-01 16:58:35','UPDATED','saved by 1'),(96,'2011-09-01 16:58:35','UPDATED','saved by 1'),(96,'2011-09-01 16:58:35','UPDATED','saved by 1'),(96,'2011-09-01 17:07:59','APPROVED','approved by 1'),(96,'2011-09-01 17:07:59','UPDATED','saved by 1'),(97,'2011-09-09 04:50:07','UPDATED','saved by 1'),(97,'2011-09-09 04:50:07','UPDATED','saved by 1'),(97,'2011-09-09 04:50:10','UPDATED','saved by 1'),(97,'2011-09-09 04:50:10','UPDATED','saved by 1'),(97,'2011-09-09 04:50:10','UPDATED','saved by 1'),(97,'2011-09-09 04:50:31','UPDATED','saved by 1'),(97,'2011-09-09 04:50:49','UPDATED','saved by 1'),(97,'2011-09-09 04:51:06','UPDATED','saved by 1'),(97,'2011-09-09 04:51:19','UPDATED','saved by 1'),(97,'2011-09-09 04:59:04','UPDATED','saved by 1'),(92,'2011-09-09 05:36:42','UPDATED','saved by 1'),(92,'2011-09-09 05:37:26','UPDATED','saved by 1'),(92,'2011-09-09 05:37:42','UPDATED','saved by 1'),(97,'2011-09-09 05:43:06','UPDATED','saved by 1'),(90,'2011-09-13 19:51:58','UPDATED','saved by 1'),(90,'2011-09-13 19:52:03','UPDATED','saved by 1'),(90,'2011-09-13 19:52:13','UPDATED','saved by 1'),(91,'2011-09-13 20:52:49','UPDATED','saved by 1'),(93,'2011-09-13 20:52:49','UPDATED','saved by 1'),(95,'2011-09-13 20:52:49','UPDATED','saved by 1'),(96,'2011-09-13 20:52:49','UPDATED','saved by 1'),(97,'2011-09-13 20:52:49','UPDATED','saved by 1'),(91,'2011-09-13 20:53:23','UPDATED','saved by 1'),(93,'2011-09-13 20:53:23','UPDATED','saved by 1'),(95,'2011-09-13 20:53:23','UPDATED','saved by 1'),(96,'2011-09-13 20:53:23','UPDATED','saved by 1'),(97,'2011-09-13 20:53:23','UPDATED','saved by 1'),(90,'2011-09-13 20:53:38','UPDATED','saved by 1'),(91,'2011-09-13 20:53:38','UPDATED','saved by 1'),(92,'2011-09-13 20:53:38','UPDATED','saved by 1'),(93,'2011-09-13 20:53:38','UPDATED','saved by 1'),(95,'2011-09-13 20:53:38','UPDATED','saved by 1'),(96,'2011-09-13 20:53:38','UPDATED','saved by 1'),(97,'2011-09-13 20:53:38','UPDATED','saved by 1'),(95,'2011-09-14 07:44:14','UPDATED','saved by 1'),(98,'2011-09-14 08:56:55','UPDATED','saved by 1'),(98,'2011-09-14 08:56:55','UPDATED','saved by 1'),(98,'2011-09-14 08:56:57','UPDATED','saved by 1'),(98,'2011-09-14 08:56:57','UPDATED','saved by 1'),(98,'2011-09-14 08:56:57','UPDATED','saved by 1'),(98,'2011-09-14 08:57:21','UPDATED','saved by 1'),(98,'2011-09-14 08:57:35','UPDATED','saved by 1'),(98,'2011-09-14 08:58:57','UPDATED','saved by 1'),(98,'2011-09-14 09:02:38','UPDATED','saved by 1'),(98,'2011-09-14 09:42:23','UPDATED','saved by 1'),(98,'2011-09-14 09:46:29','UPDATED','saved by 1'),(98,'2011-09-14 09:48:59','UPDATED','saved by 1'),(98,'2011-09-14 09:52:20','UPDATED','saved by 1'),(98,'2011-09-14 09:54:55','UPDATED','saved by 1'),(99,'2011-09-15 14:19:01','UPDATED','saved by 1'),(99,'2011-09-15 14:19:01','UPDATED','saved by 1'),(99,'2011-09-15 14:19:06','UPDATED','saved by 1'),(99,'2011-09-15 14:19:06','UPDATED','saved by 1'),(99,'2011-09-15 14:19:06','UPDATED','saved by 1'),(99,'2011-09-15 14:19:25','UPDATED','saved by 1'),(99,'2011-09-15 14:20:10','UPDATED','saved by 1'),(99,'2011-09-15 14:20:23','UPDATED','saved by 1'),(99,'2011-09-15 14:20:41','UPDATED','saved by 1'),(98,'2011-09-16 08:57:37','UPDATED','saved by 1'),(98,'2011-09-16 08:58:15','UPDATED','saved by 1'),(98,'2011-09-16 08:58:15','UPDATED','saved by 1'),(98,'2011-09-16 08:58:15','UPDATED','saved by 1'),(98,'2011-09-16 08:58:15','UPDATED','saved by 1'),(98,'2011-09-16 08:58:15','UPDATED','saved by 1'),(98,'2011-09-16 08:58:15','UPDATED','saved by 1'),(98,'2011-09-16 08:58:15','UPDATED','saved by 1'),(98,'2011-09-16 08:58:15','UPDATED','saved by 1'),(98,'2011-09-16 08:58:15','UPDATED','saved by 1'),(98,'2011-09-16 08:58:16','UPDATED','saved by 1'),(98,'2011-09-16 08:58:59','UPDATED','saved by 1'),(98,'2011-09-16 08:59:47','UPDATED','saved by 1'),(97,'2011-09-16 09:08:53','UPDATED','saved by 1'),(91,'2011-09-16 09:14:18','UPDATED','saved by 1'),(91,'2011-09-16 09:15:23','UPDATED','saved by 1'),(98,'2011-09-16 09:16:12','UPDATED','saved by 1'),(98,'2011-09-16 09:16:12','UPDATED','saved by 1'),(98,'2011-09-16 09:16:12','UPDATED','saved by 1'),(98,'2011-09-16 09:16:12','UPDATED','saved by 1'),(98,'2011-09-16 09:16:29','UPDATED','saved by 1'),(98,'2011-09-16 09:16:29','UPDATED','saved by 1'),(98,'2011-09-16 09:16:29','UPDATED','saved by 1'),(98,'2011-09-16 09:16:29','UPDATED','saved by 1'),(98,'2011-09-16 09:16:29','UPDATED','saved by 1'),(98,'2011-09-16 09:16:29','UPDATED','saved by 1'),(98,'2011-09-16 09:16:52','UPDATED','saved by 1'),(98,'2011-09-16 09:16:52','UPDATED','saved by 1'),(98,'2011-09-16 09:16:52','UPDATED','saved by 1'),(98,'2011-09-16 09:16:52','UPDATED','saved by 1'),(98,'2011-09-16 09:17:32','UPDATED','saved by 1'),(98,'2011-09-16 09:17:32','UPDATED','saved by 1'),(98,'2011-09-16 09:17:54','UPDATED','saved by 1'),(98,'2011-09-16 09:17:54','UPDATED','saved by 1'),(98,'2011-09-16 09:17:54','UPDATED','saved by 1'),(98,'2011-09-16 09:17:54','UPDATED','saved by 1'),(92,'2011-09-16 09:20:40','UPDATED','saved by 1'),(92,'2011-09-16 09:20:40','UPDATED','saved by 1'),(92,'2011-09-16 09:22:21','UPDATED','saved by 1'),(92,'2011-09-16 09:22:21','UPDATED','saved by 1'),(92,'2011-09-16 09:22:21','UPDATED','saved by 1'),(92,'2011-09-16 09:22:21','UPDATED','saved by 1'),(100,'2011-09-16 12:22:43','UPDATED','saved by 1'),(100,'2011-09-16 12:22:43','UPDATED','saved by 1'),(100,'2011-09-16 12:22:48','UPDATED','saved by 1'),(100,'2011-09-16 12:22:48','UPDATED','saved by 1'),(100,'2011-09-16 12:22:48','UPDATED','saved by 1'),(100,'2011-09-16 12:24:01','UPDATED','saved by 1'),(101,'2011-09-16 12:27:55','UPDATED','saved by 1'),(101,'2011-09-16 12:27:55','UPDATED','saved by 1'),(101,'2011-09-16 12:27:59','UPDATED','saved by 1'),(101,'2011-09-16 12:28:00','UPDATED','saved by 1'),(101,'2011-09-16 12:28:00','UPDATED','saved by 1'),(101,'2011-09-16 12:28:49','UPDATED','saved by 1'),(101,'2011-09-16 12:29:15','UPDATED','saved by 1'),(101,'2011-09-16 12:33:06','UPDATED','saved by 1'),(101,'2011-09-16 12:33:11','UPDATED','saved by 1'),(102,'2011-09-16 13:59:38','UPDATED','saved by 1'),(102,'2011-09-16 13:59:38','UPDATED','saved by 1'),(102,'2011-09-16 13:59:42','UPDATED','saved by 1'),(102,'2011-09-16 13:59:42','UPDATED','saved by 1'),(102,'2011-09-16 13:59:42','UPDATED','saved by 1'),(102,'2011-09-16 14:06:50','UPDATED','saved by 1'),(102,'2011-09-16 14:07:05','UPDATED','saved by 1'),(102,'2011-09-16 14:08:26','UPDATED','saved by 1'),(102,'2011-09-16 14:08:50','UPDATED','saved by 1'),(102,'2011-09-16 14:09:05','UPDATED','saved by 1'),(102,'2011-09-16 14:09:20','UPDATED','saved by 1'),(102,'2011-09-16 14:10:08','UPDATED','saved by 1'),(102,'2011-09-16 14:26:25','UPDATED','saved by 1'),(102,'2011-09-16 14:29:39','UPDATED','saved by 1'),(102,'2011-09-16 14:33:04','UPDATED','saved by 1'),(102,'2011-09-16 14:33:36','UPDATED','saved by 1'),(102,'2011-09-16 14:36:32','UPDATED','saved by 1'),(102,'2011-09-16 14:37:21','UPDATED','saved by 1'),(102,'2011-09-16 14:51:32','UPDATED','saved by 1'),(102,'2011-09-16 14:53:03','UPDATED','saved by 1'),(102,'2011-09-16 14:53:33','UPDATED','saved by 1'),(102,'2011-09-16 14:53:48','UPDATED','saved by 1'),(102,'2011-09-16 15:09:45','UPDATED','saved by 1'),(102,'2011-09-16 15:10:20','UPDATED','saved by 1'),(102,'2011-09-16 15:15:57','UPDATED','saved by 1'),(102,'2011-09-16 15:16:32','UPDATED','saved by 1'),(102,'2011-09-16 15:16:55','UPDATED','saved by 1'),(102,'2011-09-16 15:17:17','UPDATED','saved by 1'),(102,'2011-09-16 15:17:37','UPDATED','saved by 1'),(102,'2011-09-16 15:18:56','UPDATED','saved by 1'),(102,'2011-09-16 15:18:56','UPDATED','saved by 1'),(102,'2011-09-16 15:19:26','UPDATED','saved by 1'),(102,'2011-09-16 15:19:26','UPDATED','saved by 1'),(102,'2011-09-16 15:19:45','UPDATED','saved by 1'),(102,'2011-09-16 15:19:45','UPDATED','saved by 1'),(102,'2011-09-16 15:20:11','UPDATED','saved by 1'),(102,'2011-09-16 15:20:11','UPDATED','saved by 1'),(102,'2011-09-16 15:21:43','UPDATED','saved by 1'),(102,'2011-09-16 15:21:43','UPDATED','saved by 1'),(102,'2011-09-16 15:21:43','UPDATED','saved by 1'),(102,'2011-09-16 15:21:43','UPDATED','saved by 1'),(102,'2011-09-16 15:23:13','UPDATED','saved by 1'),(102,'2011-09-16 15:23:13','UPDATED','saved by 1'),(102,'2011-09-16 15:23:32','UPDATED','saved by 1'),(102,'2011-09-16 15:23:32','UPDATED','saved by 1'),(102,'2011-09-16 15:24:17','UPDATED','saved by 1'),(102,'2011-09-16 15:24:17','UPDATED','saved by 1'),(102,'2011-09-16 15:24:34','UPDATED','saved by 1'),(102,'2011-09-16 15:24:34','UPDATED','saved by 1'),(102,'2011-09-16 15:28:22','UPDATED','saved by 1'),(102,'2011-09-16 15:28:22','UPDATED','saved by 1'),(102,'2011-09-16 15:28:52','UPDATED','saved by 1'),(102,'2011-09-16 15:29:45','UPDATED','saved by 1'),(102,'2011-09-16 15:30:28','UPDATED','saved by 1'),(102,'2011-09-16 15:32:03','UPDATED','saved by 1'),(102,'2011-09-16 15:32:21','UPDATED','saved by 1'),(102,'2011-09-16 15:32:41','UPDATED','saved by 1'),(102,'2011-09-16 15:49:25','UPDATED','saved by 1'),(102,'2011-09-16 15:50:35','UPDATED','saved by 1'),(102,'2011-09-16 15:51:10','UPDATED','saved by 1'),(102,'2011-09-16 15:51:29','UPDATED','saved by 1'),(102,'2011-09-16 15:52:18','UPDATED','saved by 1'),(102,'2011-09-16 15:54:49','UPDATED','saved by 1'),(102,'2011-09-16 15:55:20','UPDATED','saved by 1'),(102,'2011-09-16 16:07:57','UPDATED','saved by 1'),(102,'2011-09-16 16:08:33','UPDATED','saved by 1'),(102,'2011-09-16 16:09:59','UPDATED','saved by 1'),(102,'2011-09-16 16:11:58','UPDATED','saved by 1'),(102,'2011-09-16 16:12:25','UPDATED','saved by 1'),(102,'2011-09-16 16:13:06','UPDATED','saved by 1'),(103,'2011-09-18 15:06:21','UPDATED','saved by 1'),(103,'2011-09-18 15:06:21','UPDATED','saved by 1'),(103,'2011-09-18 15:06:21','UPDATED','saved by 1'),(103,'2011-09-18 15:06:21','UPDATED','saved by 1'),(103,'2011-09-18 15:06:31','UPDATED','saved by 1'),(103,'2011-09-18 15:06:31','UPDATED','saved by 1'),(104,'2011-09-18 15:07:16','UPDATED','saved by 1'),(104,'2011-09-18 15:07:16','UPDATED','saved by 1'),(104,'2011-09-18 15:07:16','UPDATED','saved by 1'),(104,'2011-09-18 15:07:16','UPDATED','saved by 1'),(104,'2011-09-18 15:07:23','UPDATED','saved by 1'),(104,'2011-09-18 15:07:23','UPDATED','saved by 1'),(100,'2011-09-18 15:08:24','UPDATED','saved by 1'),(100,'2011-09-18 15:08:24','UPDATED','saved by 1'),(100,'2011-09-18 15:09:12','UPDATED','saved by 1'),(100,'2011-09-18 15:09:12','UPDATED','saved by 1'),(100,'2011-09-18 15:09:55','UPDATED','saved by 1'),(100,'2011-09-18 15:09:55','UPDATED','saved by 1'),(100,'2011-09-18 15:12:31','UPDATED','saved by 1'),(100,'2011-09-18 15:12:31','UPDATED','saved by 1'),(100,'2011-09-18 15:12:31','UPDATED','saved by 1'),(99,'2011-09-19 13:08:13','UPDATED','saved by 1'),(99,'2011-09-19 13:08:13','UPDATED','saved by 1'),(99,'2011-09-19 13:08:13','UPDATED','saved by 1'),(92,'2011-09-19 13:08:35','UPDATED','saved by 1'),(92,'2011-09-19 13:08:35','UPDATED','saved by 1'),(92,'2011-09-19 13:08:35','UPDATED','saved by 1'),(92,'2011-09-19 13:08:35','UPDATED','saved by 1'),(92,'2011-09-19 13:08:57','UPDATED','saved by 1'),(92,'2011-09-19 13:08:57','UPDATED','saved by 1'),(100,'2011-09-19 13:16:45','UPDATED','saved by 1'),(100,'2011-09-19 13:16:45','UPDATED','saved by 1'),(100,'2011-09-19 13:16:45','UPDATED','saved by 1'),(92,'2011-09-19 15:29:28','UPDATED','saved by 1'),(92,'2011-09-19 15:29:28','UPDATED','saved by 1'),(92,'2011-09-19 15:30:39','UPDATED','saved by 1'),(92,'2011-09-19 15:30:39','UPDATED','saved by 1'),(105,'2011-09-21 17:07:48','UPDATED','saved by 1'),(105,'2011-09-21 17:07:48','UPDATED','saved by 1'),(105,'2011-09-21 17:07:48','UPDATED','saved by 1'),(105,'2011-09-21 17:07:48','UPDATED','saved by 1'),(105,'2011-09-21 17:07:59','UPDATED','saved by 1'),(105,'2011-09-21 17:07:59','UPDATED','saved by 1'),(105,'2011-09-21 17:08:24','UPDATED','saved by 1'),(105,'2011-09-21 17:08:24','UPDATED','saved by 1'),(105,'2011-09-21 17:09:17','UPDATED','saved by 1'),(105,'2011-09-21 17:09:17','UPDATED','saved by 1'),(105,'2011-09-21 17:09:30','UPDATED','saved by 1'),(105,'2011-09-21 17:09:30','UPDATED','saved by 1'),(105,'2011-09-21 17:10:51','UPDATED','saved by 1'),(105,'2011-09-21 17:10:51','UPDATED','saved by 1'),(105,'2011-09-21 17:11:12','UPDATED','saved by 1'),(105,'2011-09-21 17:11:12','UPDATED','saved by 1'),(105,'2011-09-21 17:11:24','UPDATED','saved by 1'),(105,'2011-09-21 17:11:24','UPDATED','saved by 1'),(105,'2011-09-21 17:12:09','UPDATED','saved by 1'),(105,'2011-09-21 17:12:09','UPDATED','saved by 1'),(105,'2011-09-21 17:13:20','UPDATED','saved by 1'),(105,'2011-09-21 17:13:20','UPDATED','saved by 1'),(105,'2011-09-21 17:14:01','UPDATED','saved by 1'),(105,'2011-09-21 17:14:01','UPDATED','saved by 1'),(105,'2011-09-21 17:25:53','UPDATED','saved by 1'),(105,'2011-09-21 17:25:53','UPDATED','saved by 1'),(105,'2011-09-21 17:26:06','UPDATED','saved by 1'),(105,'2011-09-21 17:26:06','UPDATED','saved by 1'),(106,'2011-09-22 04:18:07','UPDATED','saved by 1'),(106,'2011-09-22 04:18:07','UPDATED','saved by 1'),(106,'2011-09-22 04:18:08','UPDATED','saved by 1'),(106,'2011-09-22 04:18:08','UPDATED','saved by 1'),(106,'2011-09-22 04:18:22','UPDATED','saved by 1'),(106,'2011-09-22 04:18:22','UPDATED','saved by 1'),(106,'2011-09-22 04:18:33','UPDATED','saved by 1'),(106,'2011-09-22 04:18:33','UPDATED','saved by 1'),(106,'2011-09-22 04:21:26','UPDATED','saved by 1'),(106,'2011-09-22 04:21:26','UPDATED','saved by 1'),(106,'2011-09-22 04:21:56','UPDATED','saved by 1'),(106,'2011-09-22 04:21:56','UPDATED','saved by 1'),(106,'2011-09-22 04:27:23','UPDATED','saved by 1'),(106,'2011-09-22 04:27:23','UPDATED','saved by 1'),(106,'2011-09-22 04:40:18','UPDATED','saved by 1'),(106,'2011-09-22 04:40:18','UPDATED','saved by 1'),(106,'2011-09-22 04:40:18','UPDATED','saved by 1'),(106,'2011-09-22 04:42:04','UPDATED','saved by 1'),(106,'2011-09-22 04:43:09','UPDATED','saved by 1'),(106,'2011-09-22 04:43:09','UPDATED','saved by 1'),(106,'2011-09-22 04:43:09','UPDATED','saved by 1'),(106,'2011-09-22 04:43:09','UPDATED','saved by 1'),(106,'2011-09-22 04:43:09','UPDATED','saved by 1'),(106,'2011-09-22 04:43:09','UPDATED','saved by 1'),(106,'2011-09-22 04:43:09','UPDATED','saved by 1'),(106,'2011-09-22 04:52:41','UPDATED','saved by 1'),(107,'2011-09-22 08:13:22','UPDATED','saved by 1'),(107,'2011-09-22 08:13:22','UPDATED','saved by 1'),(107,'2011-09-22 08:13:22','UPDATED','saved by 1'),(107,'2011-09-22 08:13:22','UPDATED','saved by 1'),(107,'2011-09-22 08:13:27','UPDATED','saved by 1'),(107,'2011-09-22 08:13:27','UPDATED','saved by 1'),(107,'2011-09-22 08:13:58','UPDATED','saved by 1'),(107,'2011-09-22 08:13:58','UPDATED','saved by 1'),(107,'2011-09-22 08:14:59','UPDATED','saved by 1'),(107,'2011-09-22 08:14:59','UPDATED','saved by 1'),(107,'2011-09-22 08:15:43','UPDATED','saved by 1'),(107,'2011-09-22 08:15:43','UPDATED','saved by 1'),(107,'2011-09-22 08:18:58','UPDATED','saved by 1'),(107,'2011-09-22 08:18:58','UPDATED','saved by 1'),(107,'2011-09-22 08:23:22','UPDATED','saved by 1'),(107,'2011-09-22 08:23:22','UPDATED','saved by 1'),(107,'2011-09-22 08:34:16','UPDATED','saved by 1'),(107,'2011-09-22 08:34:16','UPDATED','saved by 1'),(107,'2011-09-22 08:34:16','UPDATED','saved by 1'),(107,'2011-09-22 08:34:16','UPDATED','saved by 1'),(107,'2011-09-22 08:34:59','UPDATED','saved by 1'),(107,'2011-09-22 08:34:59','UPDATED','saved by 1'),(107,'2011-09-22 08:35:37','UPDATED','saved by 1'),(107,'2011-09-22 08:35:37','UPDATED','saved by 1'),(107,'2011-09-22 08:35:37','UPDATED','saved by 1'),(107,'2011-09-22 08:35:37','UPDATED','saved by 1'),(107,'2011-09-22 08:35:37','UPDATED','saved by 1'),(107,'2011-09-22 08:35:37','UPDATED','saved by 1'),(107,'2011-09-22 08:47:29','UPDATED','saved by 1'),(108,'2011-10-07 16:13:48','UPDATED','saved by 1'),(109,'2011-10-07 16:30:58','UPDATED','saved by 1'),(110,'2011-10-07 16:34:10','UPDATED','saved by 1'),(111,'2011-10-07 16:40:44','UPDATED','saved by 1'),(105,'2011-10-07 17:09:06','UPDATED','saved by 1'),(105,'2011-10-07 17:09:06','UPDATED','saved by 1'),(105,'2011-10-07 17:20:32','UPDATED','saved by 1'),(105,'2011-10-07 17:20:32','UPDATED','saved by 1'),(105,'2011-10-07 17:20:40','UPDATED','saved by 1'),(105,'2011-10-07 17:20:40','UPDATED','saved by 1'),(105,'2011-10-07 17:21:04','UPDATED','saved by 1'),(105,'2011-10-07 17:21:04','UPDATED','saved by 1'),(105,'2011-10-07 17:21:11','UPDATED','saved by 1'),(105,'2011-10-07 17:21:11','UPDATED','saved by 1'),(97,'2011-10-07 17:22:03','UPDATED','saved by 1'),(97,'2011-10-07 17:22:03','UPDATED','saved by 1'),(97,'2011-10-07 17:22:13','UPDATED','saved by 1'),(97,'2011-10-07 17:22:13','UPDATED','saved by 1'),(98,'2011-10-07 17:24:46','UPDATED','saved by 1'),(98,'2011-10-07 17:24:46','UPDATED','saved by 1'),(98,'2011-10-07 17:24:55','UPDATED','saved by 1'),(98,'2011-10-07 17:24:55','UPDATED','saved by 1'),(97,'2011-10-07 17:37:28','UPDATED','saved by 1'),(97,'2011-10-07 17:37:28','UPDATED','saved by 1'),(97,'2011-10-07 17:37:36','UPDATED','saved by 1'),(97,'2011-10-07 17:37:36','UPDATED','saved by 1'),(112,'2011-10-13 17:15:03','UPDATED','saved by 1'),(113,'2011-10-13 17:31:51','UPDATED','saved by 1'),(114,'2011-10-13 17:33:06','UPDATED','saved by 1'),(115,'2011-10-13 17:33:28','UPDATED','saved by 1'),(116,'2011-10-13 17:36:57','UPDATED','saved by 1'),(117,'2011-10-13 17:38:00','UPDATED','saved by 1'),(118,'2011-10-13 17:40:02','UPDATED','saved by 1'),(119,'2011-10-13 17:43:15','UPDATED','saved by 1'),(119,'2011-10-13 17:43:41','UPDATED','saved by 1'),(119,'2011-10-13 17:43:41','UPDATED','saved by 1'),(119,'2011-10-13 17:43:55','UPDATED','saved by 1'),(119,'2011-10-13 17:43:55','UPDATED','saved by 1'),(119,'2011-10-13 17:44:25','UPDATED','saved by 1'),(119,'2011-10-13 17:44:25','UPDATED','saved by 1'),(119,'2011-10-13 17:45:10','UPDATED','saved by 1'),(119,'2011-10-13 17:45:10','UPDATED','saved by 1'),(120,'2011-10-13 17:48:35','UPDATED','saved by 1'),(121,'2011-10-13 17:51:50','UPDATED','saved by 1'),(122,'2011-10-13 17:54:22','UPDATED','saved by 1'),(123,'2011-10-13 17:54:35','UPDATED','saved by 1'),(124,'2011-10-13 17:59:29','UPDATED','saved by 1'),(125,'2011-10-13 18:00:31','UPDATED','saved by 1'),(126,'2011-10-13 18:00:37','UPDATED','saved by 1'),(126,'2011-10-13 18:00:37','UPDATED','saved by 1'),(126,'2011-10-13 18:00:37','UPDATED','saved by 1'),(126,'2011-10-13 18:00:37','UPDATED','saved by 1'),(126,'2011-10-13 18:00:48','UPDATED','saved by 1'),(126,'2011-10-13 18:00:48','UPDATED','saved by 1'),(126,'2011-10-13 18:00:54','UPDATED','saved by 1'),(126,'2011-10-13 18:00:54','UPDATED','saved by 1'),(127,'2011-10-13 18:01:55','UPDATED','saved by 1'),(128,'2011-10-13 18:02:27','UPDATED','saved by 1'),(128,'2011-10-13 18:02:27','UPDATED','saved by 1'),(128,'2011-10-13 18:02:27','UPDATED','saved by 1'),(128,'2011-10-13 18:02:27','UPDATED','saved by 1'),(128,'2011-10-13 18:02:56','UPDATED','saved by 1'),(128,'2011-10-13 18:02:56','UPDATED','saved by 1'),(128,'2011-10-13 18:03:48','UPDATED','saved by 1'),(128,'2011-10-13 18:03:48','UPDATED','saved by 1'),(128,'2011-10-13 18:04:28','UPDATED','saved by 1'),(128,'2011-10-13 18:04:28','UPDATED','saved by 1'),(128,'2011-10-13 18:05:28','UPDATED','saved by 1'),(128,'2011-10-13 18:05:28','UPDATED','saved by 1'),(128,'2011-10-13 18:07:00','UPDATED','saved by 1'),(128,'2011-10-13 18:07:00','UPDATED','saved by 1'),(128,'2011-10-14 18:29:38','UPDATED','saved by 1'),(128,'2011-10-14 18:29:38','UPDATED','saved by 1'),(128,'2011-10-14 18:29:38','UPDATED','saved by 1'),(128,'2011-10-14 18:29:38','UPDATED','saved by 1'),(128,'2011-10-14 18:29:38','UPDATED','saved by 1'),(128,'2011-10-14 18:29:38','UPDATED','saved by 1'),(128,'2011-10-14 18:29:38','UPDATED','saved by 1'),(128,'2011-10-14 18:29:38','UPDATED','saved by 1'),(128,'2011-10-14 18:29:38','UPDATED','saved by 1'),(128,'2011-10-14 18:29:38','UPDATED','saved by 1'),(127,'2011-10-14 18:34:20','UPDATED','saved by 1'),(127,'2011-10-14 18:34:20','UPDATED','saved by 1'),(127,'2011-10-14 18:34:30','UPDATED','saved by 1'),(127,'2011-10-14 18:34:30','UPDATED','saved by 1'),(127,'2011-10-14 18:34:35','UPDATED','saved by 1'),(127,'2011-10-14 18:34:35','UPDATED','saved by 1'),(127,'2011-10-14 18:35:17','UPDATED','saved by 1'),(127,'2011-10-14 18:35:17','UPDATED','saved by 1'),(127,'2011-10-14 18:41:52','UPDATED','saved by 1'),(127,'2011-10-14 18:41:52','UPDATED','saved by 1'),(127,'2011-10-14 18:41:52','UPDATED','saved by 1'),(127,'2011-10-14 18:41:52','UPDATED','saved by 1'),(127,'2011-10-14 18:47:30','UPDATED','saved by 1'),(127,'2011-10-14 18:47:57','UPDATED','saved by 1'),(127,'2011-10-14 18:47:57','UPDATED','saved by 1'),(127,'2011-10-14 18:48:43','UPDATED','saved by 1'),(127,'2011-10-14 18:48:43','UPDATED','saved by 1'),(127,'2011-10-14 18:49:07','UPDATED','saved by 1'),(127,'2011-10-14 18:49:07','UPDATED','saved by 1'),(127,'2011-10-14 18:49:07','UPDATED','saved by 1'),(127,'2011-10-14 19:02:00','UPDATED','saved by 1'),(128,'2011-10-14 19:02:00','UPDATED','saved by 1'),(126,'2011-10-14 19:02:52','UPDATED','saved by 1'),(126,'2011-10-14 19:02:52','UPDATED','saved by 1'),(126,'2011-10-14 19:03:00','UPDATED','saved by 1'),(126,'2011-10-14 19:03:00','UPDATED','saved by 1'),(126,'2011-10-14 19:03:22','UPDATED','saved by 1'),(126,'2011-10-14 19:03:22','UPDATED','saved by 1'),(126,'2011-10-14 19:03:29','UPDATED','saved by 1'),(126,'2011-10-14 19:03:29','UPDATED','saved by 1'),(126,'2011-10-14 19:03:35','UPDATED','saved by 1'),(126,'2011-10-14 19:03:35','UPDATED','saved by 1'),(126,'2011-10-14 19:03:47','UPDATED','saved by 1'),(126,'2011-10-14 19:03:47','UPDATED','saved by 1'),(126,'2011-10-14 19:06:28','UPDATED','saved by 1'),(126,'2011-10-14 19:07:51','UPDATED','saved by 1'),(128,'2011-10-14 19:15:34','UPDATED','saved by 1'),(128,'2011-10-14 19:15:34','UPDATED','saved by 1'),(128,'2011-10-14 19:15:40','UPDATED','saved by 1'),(128,'2011-10-14 19:15:40','UPDATED','saved by 1'),(128,'2011-10-14 19:17:13','UPDATED','saved by 1'),(128,'2011-10-14 19:17:13','UPDATED','saved by 1'),(121,'2011-10-14 19:17:36','UPDATED','saved by 1'),(121,'2011-10-14 19:17:36','UPDATED','saved by 1'),(121,'2011-10-14 19:18:04','UPDATED','saved by 1'),(121,'2011-10-14 19:18:04','UPDATED','saved by 1'),(121,'2011-10-14 19:18:27','UPDATED','saved by 1'),(121,'2011-10-14 19:18:27','UPDATED','saved by 1'),(121,'2011-10-14 19:18:51','UPDATED','saved by 1'),(121,'2011-10-14 19:18:51','UPDATED','saved by 1'),(121,'2011-10-14 19:19:04','UPDATED','saved by 1'),(121,'2011-10-14 19:19:04','UPDATED','saved by 1'),(121,'2011-10-14 19:21:35','UPDATED','saved by 1'),(121,'2011-10-14 19:21:35','UPDATED','saved by 1'),(121,'2011-10-14 19:21:41','UPDATED','saved by 1'),(121,'2011-10-14 19:21:41','UPDATED','saved by 1'),(121,'2011-10-14 19:21:49','UPDATED','saved by 1'),(121,'2011-10-14 19:21:49','UPDATED','saved by 1'),(121,'2011-10-14 19:23:49','UPDATED','saved by 1'),(121,'2011-10-15 04:11:45','UPDATED','saved by 1'),(121,'2011-10-15 04:12:35','UPDATED','saved by 1'),(126,'2011-10-15 04:12:35','UPDATED','saved by 1'),(127,'2011-10-15 04:16:31','UPDATED','saved by 1'),(128,'2011-10-15 04:20:08','UPDATED','saved by 1'),(129,'2011-10-15 04:23:55','UPDATED','saved by 1'),(130,'2011-10-15 04:24:17','UPDATED','saved by 1'),(130,'2011-10-15 04:24:17','UPDATED','saved by 1'),(130,'2011-10-15 04:24:17','UPDATED','saved by 1'),(130,'2011-10-15 04:24:17','UPDATED','saved by 1'),(130,'2011-10-15 04:24:26','UPDATED','saved by 1'),(130,'2011-10-15 04:24:26','UPDATED','saved by 1'),(130,'2011-10-15 04:24:39','UPDATED','saved by 1'),(130,'2011-10-15 04:24:39','UPDATED','saved by 1'),(130,'2011-10-15 04:24:47','UPDATED','saved by 1'),(130,'2011-10-15 04:24:47','UPDATED','saved by 1'),(130,'2011-10-15 04:25:00','UPDATED','saved by 1'),(130,'2011-10-15 04:25:00','UPDATED','saved by 1'),(130,'2011-10-15 04:25:08','UPDATED','saved by 1'),(130,'2011-10-15 04:25:08','UPDATED','saved by 1'),(130,'2011-10-15 04:25:17','UPDATED','saved by 1'),(130,'2011-10-15 04:25:17','UPDATED','saved by 1'),(131,'2011-10-15 04:25:38','UPDATED','saved by 1'),(132,'2011-10-15 04:25:50','UPDATED','saved by 1'),(132,'2011-10-15 04:25:50','UPDATED','saved by 1'),(132,'2011-10-15 04:25:50','UPDATED','saved by 1'),(132,'2011-10-15 04:25:50','UPDATED','saved by 1'),(132,'2011-10-15 04:25:57','UPDATED','saved by 1'),(132,'2011-10-15 04:25:57','UPDATED','saved by 1'),(132,'2011-10-15 04:26:08','UPDATED','saved by 1'),(132,'2011-10-15 04:26:08','UPDATED','saved by 1'),(132,'2011-10-15 04:26:17','UPDATED','saved by 1'),(132,'2011-10-15 04:26:17','UPDATED','saved by 1'),(132,'2011-10-15 04:26:24','UPDATED','saved by 1'),(132,'2011-10-15 04:26:24','UPDATED','saved by 1'),(130,'2011-10-15 04:27:34','UPDATED','saved by 1'),(132,'2011-10-15 04:27:34','UPDATED','saved by 1'),(130,'2011-10-15 04:40:27','UPDATED','saved by 1'),(132,'2011-10-15 04:40:57','UPDATED','saved by 1'),(130,'2011-10-15 04:44:23','UPDATED','saved by 1'),(132,'2011-10-15 04:44:46','UPDATED','saved by 1'),(130,'2011-10-15 04:48:11','UPDATED','saved by 1'),(132,'2011-10-15 04:48:30','UPDATED','saved by 1'),(130,'2011-10-15 05:04:39','UPDATED','saved by 1'),(132,'2011-10-15 05:05:11','UPDATED','saved by 1'),(130,'2011-10-15 05:05:49','UPDATED','saved by 1'),(130,'2011-10-15 05:06:46','UPDATED','saved by 1'),(130,'2011-10-15 05:11:21','UPDATED','saved by 1'),(132,'2011-10-15 05:12:38','UPDATED','saved by 1'),(130,'2011-10-15 06:17:53','UPDATED','saved by 1'),(132,'2011-10-15 06:17:53','UPDATED','saved by 1'),(133,'2011-10-16 07:55:39','UPDATED','saved by 1'),(134,'2011-10-16 08:07:01','UPDATED','saved by 1'),(135,'2011-10-16 08:07:48','UPDATED','saved by 1'),(136,'2011-10-16 08:10:16','UPDATED','saved by 1'),(130,'2011-10-16 08:19:30','UPDATED','saved by 1'),(132,'2011-10-16 08:19:30','UPDATED','saved by 1'),(130,'2011-10-16 08:22:09','UPDATED','saved by 1'),(132,'2011-10-16 08:22:09','UPDATED','saved by 1'),(130,'2011-10-16 08:23:19','UPDATED','saved by 1'),(132,'2011-10-16 08:23:19','UPDATED','saved by 1'),(134,'2011-10-16 10:01:21','UPDATED','saved by 1'),(134,'2011-10-16 10:01:21','UPDATED','saved by 1'),(134,'2011-10-16 10:01:28','UPDATED','saved by 1'),(134,'2011-10-16 10:01:28','UPDATED','saved by 1'),(134,'2011-10-16 10:01:43','UPDATED','saved by 1'),(134,'2011-10-16 10:01:43','UPDATED','saved by 1'),(134,'2011-10-16 10:02:23','UPDATED','saved by 1'),(134,'2011-10-16 10:02:23','UPDATED','saved by 1'),(134,'2011-10-16 10:02:31','UPDATED','saved by 1'),(134,'2011-10-16 10:02:31','UPDATED','saved by 1'),(134,'2011-10-16 10:03:06','UPDATED','saved by 1'),(137,'2011-10-16 15:43:09','UPDATED','saved by 1'),(138,'2011-10-16 15:44:34','UPDATED','saved by 1'),(139,'2011-10-16 15:45:18','UPDATED','saved by 1'),(140,'2011-10-16 15:49:03','UPDATED','saved by 1'),(135,'2011-10-16 17:06:31','UPDATED','saved by 1'),(135,'2011-10-16 17:06:31','UPDATED','saved by 1'),(135,'2011-10-16 17:06:38','UPDATED','saved by 1'),(135,'2011-10-16 17:06:38','UPDATED','saved by 1'),(135,'2011-10-16 17:06:45','UPDATED','saved by 1'),(135,'2011-10-16 17:06:45','UPDATED','saved by 1'),(135,'2011-10-16 17:07:27','UPDATED','saved by 1'),(135,'2011-10-16 17:07:27','UPDATED','saved by 1'),(135,'2011-10-16 17:07:27','UPDATED','saved by 1'),(135,'2011-10-16 17:08:06','UPDATED','saved by 1'),(135,'2011-10-16 17:08:06','UPDATED','saved by 1'),(135,'2011-10-16 17:08:06','UPDATED','saved by 1'),(135,'2011-10-16 17:08:06','UPDATED','saved by 1'),(135,'2011-10-16 17:08:06','UPDATED','saved by 1'),(135,'2011-10-16 17:08:06','UPDATED','saved by 1'),(135,'2011-10-16 17:08:06','UPDATED','saved by 1'),(135,'2011-10-16 17:08:06','UPDATED','saved by 1'),(135,'2011-10-18 01:42:28','UPDATED','saved by 1'),(135,'2011-10-18 01:42:28','UPDATED','saved by 1'),(135,'2011-10-18 01:42:28','UPDATED','saved by 1'),(135,'2011-10-18 01:44:48','UPDATED','saved by 1'),(135,'2011-10-18 01:44:48','UPDATED','saved by 1'),(135,'2011-10-18 01:44:48','UPDATED','saved by 1'),(135,'2011-10-18 01:45:03','UPDATED','saved by 1'),(135,'2011-10-18 01:45:03','UPDATED','saved by 1'),(135,'2011-10-18 01:45:03','UPDATED','saved by 1'),(135,'2011-10-18 01:45:03','UPDATED','saved by 1'),(141,'2011-10-18 01:47:50','UPDATED','saved by 1'),(141,'2011-10-18 01:47:50','UPDATED','saved by 1'),(141,'2011-10-18 01:47:50','UPDATED','saved by 1'),(141,'2011-10-18 01:47:50','UPDATED','saved by 1'),(141,'2011-10-18 01:48:12','UPDATED','saved by 1'),(141,'2011-10-18 01:48:12','UPDATED','saved by 1'),(141,'2011-10-18 01:49:14','UPDATED','saved by 1'),(141,'2011-10-18 01:49:14','UPDATED','saved by 1'),(141,'2011-10-18 02:14:56','UPDATED','saved by 1'),(141,'2011-10-18 02:14:56','UPDATED','saved by 1'),(141,'2011-10-18 02:16:37','UPDATED','saved by 1'),(142,'2011-10-18 02:25:18','UPDATED','saved by 1'),(142,'2011-10-18 02:25:18','UPDATED','saved by 1'),(142,'2011-10-18 02:25:18','UPDATED','saved by 1'),(142,'2011-10-18 02:25:18','UPDATED','saved by 1'),(142,'2011-10-18 02:25:23','UPDATED','saved by 1'),(142,'2011-10-18 02:25:23','UPDATED','saved by 1'),(130,'2011-10-18 02:58:25','UPDATED','saved by 1'),(132,'2011-10-18 03:00:39','UPDATED','saved by 1'),(135,'2011-10-18 03:00:39','UPDATED','saved by 1');
/*!40000 ALTER TABLE `order_logs` ENABLE KEYS */;
UNLOCK TABLES;

--
-- Table structure for table `order_processing`
--

DROP TABLE IF EXISTS `order_processing`;
/*!40101 SET @saved_cs_client     = @@character_set_client */;
/*!40101 SET character_set_client = utf8 */;
CREATE TABLE `order_processing` (
  `id` int(10) DEFAULT NULL,
  `order_id` int(10) DEFAULT NULL,
  `station_id` int(10) DEFAULT NULL,
  `updated` int(10) DEFAULT NULL,
  `operator` int(10) DEFAULT NULL,
  `remarks` varchar(500) DEFAULT NULL
) ENGINE=InnoDB DEFAULT CHARSET=utf8;
/*!40101 SET character_set_client = @saved_cs_client */;

--
-- Dumping data for table `order_processing`
--

LOCK TABLES `order_processing` WRITE;
/*!40000 ALTER TABLE `order_processing` DISABLE KEYS */;
/*!40000 ALTER TABLE `order_processing` ENABLE KEYS */;
UNLOCK TABLES;

--
-- Table structure for table `order_station`
--

DROP TABLE IF EXISTS `order_station`;
/*!40101 SET @saved_cs_client     = @@character_set_client */;
/*!40101 SET character_set_client = utf8 */;
CREATE TABLE `order_station` (
  `id` int(10) NOT NULL AUTO_INCREMENT,
  `order_id` int(10) DEFAULT NULL,
  `station_id` int(10) DEFAULT NULL,
  `remarks` varchar(500) DEFAULT NULL,
  `operator_id` int(10) DEFAULT NULL,
  `updated` datetime DEFAULT NULL,
  PRIMARY KEY (`id`)
) ENGINE=InnoDB AUTO_INCREMENT=156 DEFAULT CHARSET=utf8;
/*!40101 SET character_set_client = @saved_cs_client */;

--
-- Dumping data for table `order_station`
--

LOCK TABLES `order_station` WRITE;
/*!40000 ALTER TABLE `order_station` DISABLE KEYS */;
INSERT INTO `order_station` VALUES (27,NULL,NULL,'Remarks...',NULL,'2011-09-16 15:40:34'),(28,NULL,NULL,'Remarks...',NULL,'2011-09-16 15:41:08'),(29,NULL,NULL,'Remarks...',NULL,'2011-09-16 15:43:02'),(30,NULL,NULL,'Remarks...',NULL,'2011-09-16 15:43:02'),(31,NULL,NULL,'234234',NULL,'2011-09-16 15:44:34'),(32,NULL,NULL,'test',NULL,'2011-09-16 15:44:34'),(33,NULL,NULL,'test',NULL,'2011-09-16 15:44:34'),(34,NULL,NULL,'Remarks...',NULL,'2011-09-16 15:47:18'),(35,NULL,NULL,'Remarks...',NULL,'2011-09-16 15:47:18'),(36,98,109,'Remarks...',1,'2011-09-16 15:51:21'),(37,98,110,'Remarks...',1,'2011-09-16 15:51:21'),(38,98,104,'Remarks...',1,'2011-09-16 15:53:33'),(39,98,106,'Remarks...',1,'2011-09-16 15:53:33'),(40,98,107,'Remarks...',1,'2011-09-16 15:53:33'),(41,98,100,'Remarks...',1,'2011-09-16 15:58:15'),(42,98,101,'Remarks...',1,'2011-09-16 15:58:15'),(43,98,102,'Remarks...',1,'2011-09-16 15:58:15'),(44,98,103,'Remarks...',1,'2011-09-16 15:58:15'),(45,98,104,'Remarks...',1,'2011-09-16 15:58:15'),(46,98,105,'Remarks...',1,'2011-09-16 15:58:15'),(47,98,106,'Remarks...',1,'2011-09-16 15:58:15'),(48,98,107,'Remarks...',1,'2011-09-16 15:58:15'),(49,98,108,'Remarks...',1,'2011-09-16 15:58:15'),(50,98,109,'Remarks...',1,'2011-09-16 15:58:15'),(51,98,107,'Remarks...',1,'2011-09-16 15:59:35'),(52,98,108,'Remarks...',1,'2011-09-16 15:59:35'),(53,98,109,'Remarks...',1,'2011-09-16 15:59:35'),(54,98,110,'done!',1,'2011-09-16 15:59:47'),(55,97,100,'Remarks...',1,'2011-09-16 16:08:12'),(56,97,101,'Remarks...',1,'2011-09-16 16:08:12'),(57,97,102,'Remarks...',1,'2011-09-16 16:08:12'),(58,97,107,'Remarks...',1,'2011-09-16 16:08:36'),(59,97,108,'Remarks...',1,'2011-09-16 16:08:36'),(60,97,109,'Remarks...',1,'2011-09-16 16:08:36'),(61,97,110,'Remarks...',1,'2011-09-16 16:08:53'),(62,91,104,'Remarks...',1,'2011-09-16 16:13:46'),(63,91,104,'Remarks...',1,'2011-09-16 16:14:17'),(64,91,104,'Remarks...',1,'2011-09-16 16:15:23'),(65,98,104,'Remarks...',1,'2011-09-16 16:16:12'),(66,98,105,'Remarks...',1,'2011-09-16 16:16:12'),(67,98,105,'Remarks...',1,'2011-09-16 16:16:29'),(68,98,106,'Remarks...',1,'2011-09-16 16:16:29'),(69,98,107,'Remarks...',1,'2011-09-16 16:16:29'),(70,98,102,'Remarks...',1,'2011-09-16 16:16:52'),(71,98,103,'Remarks...',1,'2011-09-16 16:16:52'),(72,98,105,'Remarks...',1,'2011-09-16 16:17:31'),(73,98,105,'Remarks...',1,'2011-09-16 16:17:54'),(74,98,106,'Remarks...',1,'2011-09-16 16:17:54'),(75,92,106,'Remarks...',1,'2011-09-16 16:20:40'),(76,92,102,'Remarks...',1,'2011-09-16 16:22:21'),(77,92,103,'Remarks...',1,'2011-09-16 16:22:21'),(78,100,100,'Remarks...',1,'2011-09-18 22:12:31'),(79,100,101,'Remarks...',1,'2011-09-18 22:12:31'),(80,100,102,'Remarks...',1,'2011-09-18 22:12:31'),(81,99,100,'Remarks...',1,'2011-09-19 20:08:12'),(82,99,101,'Remarks...',1,'2011-09-19 20:08:13'),(83,99,102,'Remarks...',1,'2011-09-19 20:08:13'),(84,92,100,'Remarks...',1,'2011-09-19 20:08:35'),(85,92,101,'Remarks...',1,'2011-09-19 20:08:35'),(86,92,102,'Remarks...',1,'2011-09-19 20:08:35'),(87,92,103,'Remarks...',1,'2011-09-19 20:08:35'),(88,92,107,'Remarks...',1,'2011-09-19 20:08:57'),(89,92,108,'Remarks...',1,'2011-09-19 20:08:57'),(90,100,103,'Remarks...',1,'2011-09-19 20:16:45'),(91,100,104,'Remarks...',1,'2011-09-19 20:16:45'),(92,100,105,'Remarks...',1,'2011-09-19 20:16:45'),(93,106,101,'Remarks...',1,'2011-09-22 11:40:18'),(94,106,102,'Remarks...',1,'2011-09-22 11:40:18'),(95,106,103,'Remarks...',1,'2011-09-22 11:40:18'),(96,106,104,'Remarks...',1,'2011-09-22 11:42:04'),(97,106,105,'Remarks...',1,'2011-09-22 11:43:09'),(98,106,106,'Remarks...',1,'2011-09-22 11:43:09'),(99,106,107,'Remarks...',1,'2011-09-22 11:43:09'),(100,106,108,'Remarks...',1,'2011-09-22 11:43:09'),(101,106,109,'Remarks...',1,'2011-09-22 11:43:09'),(102,106,110,'Remarks...',1,'2011-09-22 11:43:09'),(103,107,100,'Remarks...',1,'2011-09-22 15:34:16'),(104,107,101,'Remarks...',1,'2011-09-22 15:34:16'),(105,107,102,'Remarks...',1,'2011-09-22 15:34:16'),(106,107,103,'Remarks...',1,'2011-09-22 15:34:16'),(107,107,104,'Remarks...',1,'2011-09-22 15:34:58'),(108,107,105,'Remarks...',1,'2011-09-22 15:34:59'),(109,107,106,'Remarks...',1,'2011-09-22 15:35:37'),(110,107,107,'Remarks...',1,'2011-09-22 15:35:37'),(111,107,108,'Remarks...',1,'2011-09-22 15:35:37'),(112,107,109,'Remarks...',1,'2011-09-22 15:35:37'),(113,107,110,'Remarks...',1,'2011-09-22 15:35:37'),(114,128,101,'Remarks...',1,'2011-10-15 01:29:38'),(115,128,102,'Remarks...',1,'2011-10-15 01:29:38'),(116,128,103,'Remarks...',1,'2011-10-15 01:29:38'),(117,128,105,'Remarks...',1,'2011-10-15 01:29:38'),(118,128,106,'Remarks...',1,'2011-10-15 01:29:38'),(119,128,107,'Remarks...',1,'2011-10-15 01:29:38'),(120,128,108,'Remarks...',1,'2011-10-15 01:29:38'),(121,128,109,'Remarks...',1,'2011-10-15 01:29:38'),(122,128,110,'Remarks...',1,'2011-10-15 01:29:38'),(123,127,101,'test',1,'2011-10-15 01:35:17'),(124,127,102,'test',1,'2011-10-15 01:35:17'),(125,127,103,'te',12,'2011-10-15 01:41:52'),(126,127,104,'te',12,'2011-10-15 01:41:52'),(127,127,105,'te',12,'2011-10-15 01:41:52'),(128,127,106,'te3',12,'2011-10-15 01:41:52'),(129,127,104,'yyyyy',1,'2011-10-15 01:47:30'),(130,127,104,'888',1,'2011-10-15 01:47:57'),(131,127,105,'888',1,'2011-10-15 01:47:57'),(132,127,107,'tw',1,'2011-10-15 01:48:43'),(133,127,108,'wwe',1,'2011-10-15 01:48:43'),(134,127,109,'7879',12,'2011-10-15 01:49:07'),(135,127,110,'789789',12,'2011-10-15 01:49:07'),(136,135,102,'a',1,'2011-10-17 00:07:27'),(137,135,103,'b',1,'2011-10-17 00:07:27'),(138,135,104,'c',1,'2011-10-17 00:07:27'),(139,135,101,'1',1,'2011-10-17 00:08:06'),(140,135,105,'2',1,'2011-10-17 00:08:06'),(141,135,106,'3',1,'2011-10-17 00:08:06'),(142,135,107,'4',1,'2011-10-17 00:08:06'),(143,135,108,'5',1,'2011-10-17 00:08:06'),(144,135,109,'7',1,'2011-10-17 00:08:06'),(145,135,110,'8',1,'2011-10-17 00:08:06'),(146,135,101,'a',1,'2011-10-18 08:42:27'),(147,135,102,'a',1,'2011-10-18 08:42:28'),(148,135,103,'a',1,'2011-10-18 08:42:28'),(149,135,101,'test',1,'2011-10-18 08:44:47'),(150,135,102,'test',1,'2011-10-18 08:44:48'),(151,135,103,'etet',1,'2011-10-18 08:44:48'),(152,135,101,'-',1,'2011-10-18 08:45:03'),(153,135,102,'-',1,'2011-10-18 08:45:03'),(154,135,103,'-',1,'2011-10-18 08:45:03'),(155,135,104,'-',1,'2011-10-18 08:45:03');
/*!40000 ALTER TABLE `order_station` ENABLE KEYS */;
UNLOCK TABLES;

--
-- Table structure for table `orders`
--

DROP TABLE IF EXISTS `orders`;
/*!40101 SET @saved_cs_client     = @@character_set_client */;
/*!40101 SET character_set_client = utf8 */;
CREATE TABLE `orders` (
  `id` int(11) NOT NULL AUTO_INCREMENT,
  `uuid` varchar(45) NOT NULL DEFAULT 'xxxx-xxx-xxxxxx',
  `status_id` int(10) NOT NULL,
  `request_received` timestamp NULL DEFAULT NULL,
  `quote_price` decimal(10,2) DEFAULT NULL,
  `delivery_date` date DEFAULT NULL,
  `customer_id` int(11) NOT NULL,
  `patient_id` int(11) NOT NULL,
  `days` int(10) NOT NULL DEFAULT '0',
  `amount` double DEFAULT NULL,
  `amount_total` double DEFAULT NULL,
  `additional_charge` double DEFAULT NULL,
  `discount_factor` decimal(5,2) DEFAULT NULL,
  `marketing_charge` varchar(200) DEFAULT NULL,
  `monthly_price` decimal(20,4) DEFAULT NULL,
  `daily_price` decimal(20,4) DEFAULT NULL,
  `total_weight` double DEFAULT NULL,
  `data` text,
  `invoice_id` int(10) DEFAULT NULL,
  `station_id` int(10) DEFAULT NULL,
  `remarks` varchar(500) DEFAULT NULL,
  `lot_number` int(10) DEFAULT '0',
  `clinician_id` int(10) DEFAULT NULL,
  PRIMARY KEY (`id`),
  KEY `transaction_patient` (`patient_id`),
  KEY `transaction_customer` (`customer_id`)
) ENGINE=MyISAM AUTO_INCREMENT=143 DEFAULT CHARSET=utf8 COMMENT='(request, quotation)';
/*!40101 SET character_set_client = @saved_cs_client */;

--
-- Dumping data for table `orders`
--

LOCK TABLES `orders` WRITE;
/*!40000 ALTER TABLE `orders` DISABLE KEYS */;
INSERT INTO `orders` VALUES (129,'1110-002-000000',0,NULL,NULL,'0000-00-00',2,55,30,0,0,NULL,NULL,NULL,0.0000,0.0000,NULL,NULL,NULL,NULL,NULL,0,2),(130,'1110-002-000130',6,'2011-10-15 04:24:17',NULL,'0000-00-00',2,55,30,30000,35000,5000,0.00,'',35000.0000,1166.6667,NULL,NULL,92,NULL,'',1,2),(131,'1110-002-000000',0,NULL,NULL,'0000-00-00',2,55,30,0,0,NULL,NULL,NULL,0.0000,0.0000,NULL,NULL,NULL,NULL,NULL,0,2),(132,'1110-002-000132',6,'2011-10-15 04:25:50',NULL,'0000-00-00',2,55,30,300,300,NULL,0.00,'',300.0000,10.0000,NULL,NULL,95,NULL,'',2,2),(133,'1110-002-000000',0,NULL,NULL,'0000-00-00',2,55,30,0,0,NULL,NULL,NULL,0.0000,0.0000,NULL,NULL,NULL,NULL,NULL,0,2),(134,'1110-002-000134',6,NULL,NULL,'0000-00-00',2,55,30,15000,15000,NULL,0.00,'',15000.0000,500.0000,NULL,NULL,83,NULL,'',3,2),(135,'1110-002-000135',6,NULL,NULL,'0000-00-00',2,55,30,13500,13500,NULL,0.00,'',13500.0000,450.0000,NULL,NULL,95,104,'',4,2),(136,'1110-002-000000',0,NULL,NULL,'0000-00-00',2,55,30,0,0,NULL,NULL,NULL,0.0000,0.0000,NULL,NULL,NULL,NULL,NULL,0,2),(137,'1110-002-000000',0,NULL,NULL,'0000-00-00',2,55,30,0,0,NULL,NULL,NULL,0.0000,0.0000,NULL,NULL,NULL,NULL,NULL,0,2),(138,'1110-002-000000',0,NULL,NULL,'0000-00-00',2,55,30,0,0,NULL,NULL,NULL,0.0000,0.0000,NULL,NULL,NULL,NULL,NULL,0,2),(139,'1110-002-000000',0,NULL,NULL,'0000-00-00',2,55,30,0,0,NULL,NULL,NULL,0.0000,0.0000,NULL,NULL,NULL,NULL,NULL,0,2),(140,'1110-002-000000',0,NULL,NULL,'0000-00-00',2,55,30,0,0,NULL,NULL,NULL,0.0000,0.0000,NULL,NULL,NULL,NULL,NULL,0,2),(141,'1110-002-000141',1,'2011-10-18 01:47:50',NULL,'0000-00-00',2,56,30,7500,7500,NULL,0.00,'',7500.0000,250.0000,NULL,NULL,NULL,NULL,'ชุดยาพิเศษ',0,2),(142,'1110-002-000142',1,'2011-10-18 02:25:18',NULL,'0000-00-00',2,56,30,13500,13500,NULL,0.00,'',13500.0000,450.0000,NULL,NULL,NULL,NULL,'',0,2);
/*!40000 ALTER TABLE `orders` ENABLE KEYS */;
UNLOCK TABLES;

--
-- Table structure for table `patients`
--

DROP TABLE IF EXISTS `patients`;
/*!40101 SET @saved_cs_client     = @@character_set_client */;
/*!40101 SET character_set_client = utf8 */;
CREATE TABLE `patients` (
  `id` int(11) NOT NULL AUTO_INCREMENT,
  `name` varchar(45) DEFAULT NULL,
  `hn` varchar(20) NOT NULL DEFAULT '0',
  `customer_id` int(10) DEFAULT NULL,
  PRIMARY KEY (`id`)
) ENGINE=MyISAM AUTO_INCREMENT=59 DEFAULT CHARSET=utf8;
/*!40101 SET character_set_client = @saved_cs_client */;

--
-- Dumping data for table `patients`
--

LOCK TABLES `patients` WRITE;
/*!40000 ALTER TABLE `patients` DISABLE KEYS */;
INSERT INTO `patients` VALUES (55,'Jub','Jub/1234',2),(56,'Template','-',2),(57,'Soup','Soup/1234',2),(58,'Bulk','-',2);
/*!40000 ALTER TABLE `patients` ENABLE KEYS */;
UNLOCK TABLES;

--
-- Table structure for table `product_inventory`
--

DROP TABLE IF EXISTS `product_inventory`;
/*!40101 SET @saved_cs_client     = @@character_set_client */;
/*!40101 SET character_set_client = utf8 */;
CREATE TABLE `product_inventory` (
  `id` int(10) NOT NULL AUTO_INCREMENT,
  `product_id` int(10) NOT NULL,
  `in` decimal(16,6) NOT NULL,
  `out` decimal(16,6) NOT NULL,
  `count` decimal(16,6) NOT NULL,
  `updated` timestamp NOT NULL DEFAULT CURRENT_TIMESTAMP,
  `remarks` text NOT NULL,
  `operator_id` int(11) NOT NULL,
  PRIMARY KEY (`id`)
) ENGINE=MyISAM AUTO_INCREMENT=56 DEFAULT CHARSET=utf8;
/*!40101 SET character_set_client = @saved_cs_client */;

--
-- Dumping data for table `product_inventory`
--

LOCK TABLES `product_inventory` WRITE;
/*!40000 ALTER TABLE `product_inventory` DISABLE KEYS */;
INSERT INTO `product_inventory` VALUES (4,28,0.000000,0.000000,990.000000,'2011-08-04 04:54:18','First created',1),(5,29,0.000000,0.000000,5000.000000,'2011-08-10 03:57:35','First created',1),(6,30,0.000000,0.000000,100.000000,'2011-08-31 02:52:28','First created',1),(7,31,0.000000,0.000000,100.000000,'2011-09-01 02:06:53','First created',1),(8,32,0.000000,0.000000,1000.000000,'2011-09-01 02:08:03','First created',1),(9,33,0.000000,0.000000,1234.000000,'2011-09-01 02:09:42','First created',1),(10,34,0.000000,0.000000,1234.000000,'2011-09-01 03:46:15','First created',1),(11,35,0.000000,0.000000,1234.000000,'2011-09-01 03:46:54','First created',1),(12,36,0.000000,0.000000,53245.000000,'2011-09-01 03:48:38','First created',1),(13,37,0.000000,0.000000,53245.000000,'2011-09-01 03:49:20','First created',1),(14,38,0.000000,0.000000,4564.000000,'2011-09-01 03:50:52','First created',1),(42,3,0.000000,0.000000,1500.000000,'2011-09-16 11:35:37','test',1),(45,3,2066.000000,0.000000,3566.000000,'2011-09-16 11:41:07','etst',1),(44,3,0.000000,0.000000,1500.000000,'2011-09-16 11:35:44','test',1),(43,3,0.000000,0.000000,1500.000000,'2011-09-16 11:35:40','test',1),(41,3,0.000000,0.000000,1500.000000,'2011-09-16 11:35:07','test',1),(40,3,0.000000,0.000000,1500.000000,'2011-09-16 11:35:04','test',1),(39,3,0.000000,0.000000,1500.000000,'2011-09-16 11:34:34','test',1),(38,3,0.000000,0.000000,1500.000000,'2011-09-16 11:34:28','test',1),(37,3,0.000000,0.000000,1500.000000,'2011-09-16 11:33:54','test',1),(36,3,0.000000,0.000000,1500.000000,'2011-09-16 11:33:52','test',1),(35,3,-1500.000000,0.000000,1500.000000,'2011-09-16 11:32:41','test',1),(34,1,0.000000,-300.000000,1200.000000,'2011-09-16 11:14:59','test',1),(33,1,0.000000,0.000000,1500.000000,'2011-09-16 11:14:32','test',1),(30,1,-500.000000,0.000000,1000.000000,'2011-09-16 11:12:40','test',1),(32,1,0.000000,0.000000,1500.000000,'2011-09-16 11:14:21','test',1),(31,1,0.000000,0.000000,1500.000000,'2011-09-16 11:13:19','test',1),(46,3,0.000000,0.000000,3566.000000,'2011-09-16 11:41:47','etst',1),(47,3,0.000000,0.000000,3566.000000,'2011-09-16 11:41:56','etst',1),(48,3,434.000000,0.000000,4000.000000,'2011-09-16 11:42:07','etst',1),(49,3,0.000000,-3950.000000,50.000000,'2011-09-16 11:44:28','check out for Order # 0095',1),(50,3,0.000000,0.000000,50.000000,'2011-09-16 11:46:20','check out for Order # 0095',1),(51,3,0.000000,0.000000,50.000000,'2011-09-16 11:46:52','check out for Order # 0095',1),(52,2,5000.000000,0.000000,5000.000000,'2011-09-16 11:49:53','add new batch',1),(53,2,0.000000,0.000000,5000.000000,'2011-09-16 11:50:14','add new batch',1),(54,2,0.000000,0.000000,5000.000000,'2011-09-16 11:51:01','add new batch',1),(55,2,95000.000000,0.000000,100000.000000,'2011-09-16 11:51:23','buy new',1);
/*!40000 ALTER TABLE `product_inventory` ENABLE KEYS */;
UNLOCK TABLES;

--
-- Table structure for table `product_unit`
--

DROP TABLE IF EXISTS `product_unit`;
/*!40101 SET @saved_cs_client     = @@character_set_client */;
/*!40101 SET character_set_client = utf8 */;
CREATE TABLE `product_unit` (
  `id` int(11) NOT NULL DEFAULT '0',
  `display_rank` int(10) DEFAULT NULL,
  `display_name` varchar(100) DEFAULT NULL,
  `gram_conversion_factor` decimal(20,6) DEFAULT NULL,
  PRIMARY KEY (`id`)
) ENGINE=MyISAM DEFAULT CHARSET=utf8;
/*!40101 SET character_set_client = @saved_cs_client */;

--
-- Dumping data for table `product_unit`
--

LOCK TABLES `product_unit` WRITE;
/*!40000 ALTER TABLE `product_unit` DISABLE KEYS */;
INSERT INTO `product_unit` VALUES (1,1,'mg',1000.000000),(2,2,'g',1.000000),(3,3,'nano gram',1000000.000000),(4,4,'capsule',NULL),(5,5,'AU',NULL),(6,6,'softgel',NULL),(7,7,'box',NULL);
/*!40000 ALTER TABLE `product_unit` ENABLE KEYS */;
UNLOCK TABLES;

--
-- Table structure for table `products`
--

DROP TABLE IF EXISTS `products`;
/*!40101 SET @saved_cs_client     = @@character_set_client */;
/*!40101 SET character_set_client = utf8 */;
CREATE TABLE `products` (
  `id` int(11) NOT NULL AUTO_INCREMENT,
  `code` varchar(10) NOT NULL DEFAULT '0',
  `display_name` varchar(500) DEFAULT NULL,
  `category_id` bigint(11) NOT NULL,
  `unit_id` int(10) NOT NULL,
  `default_consume_time` varchar(100) DEFAULT NULL,
  `note` text,
  `recommended_dosage` varchar(200) DEFAULT NULL,
  `inactive` tinyint(1) NOT NULL DEFAULT '0',
  `price_base` double DEFAULT NULL,
  `price_formula` varchar(1000) DEFAULT NULL,
  `price_var` double DEFAULT NULL,
  `volume_base` double DEFAULT NULL,
  `volume_formula` varchar(1000) DEFAULT NULL,
  `volume_var` double DEFAULT NULL,
  `stock_balance` decimal(20,8) DEFAULT NULL,
  `description` varchar(1000) DEFAULT NULL,
  PRIMARY KEY (`id`),
  KEY `FK_products_categories` (`category_id`),
  KEY `FK_products_product_unit` (`unit_id`)
) ENGINE=MyISAM AUTO_INCREMENT=127 DEFAULT CHARSET=utf8;
/*!40101 SET character_set_client = @saved_cs_client */;

--
-- Dumping data for table `products`
--

LOCK TABLES `products` WRITE;
/*!40000 ALTER TABLE `products` DISABLE KEYS */;
INSERT INTO `products` VALUES (1,'0','L-Arginine ; mg                                     ',1,1,'[\"morning_and_evening\"]','','100',0,1,'$PRICE * $QUANTITY / 2;',NULL,1,'$VOLUME * $QUANTITY;',NULL,0.00000000,''),(2,'0','L-Carnitine ; mg',1,1,'[\"morning_and_evening\"]',NULL,'100',0,1,'$PRICE * $QUANTITY;',NULL,1,'$VOLUME * $QUANTITY;',NULL,0.00000000,NULL),(3,'0','L-Carnosine ; mg',1,1,'[\"morning_and_evening\"]',NULL,'100-1,000',0,1,'$PRICE * $QUANTITY;',NULL,1,'$VOLUME * $QUANTITY;',NULL,0.00000000,NULL),(4,'0','L-Cystine ; mg                                  ',1,1,'[\"morning_and_evening\"]',NULL,'100',0,1,'$PRICE * $QUANTITY;',NULL,1,'$VOLUME * $QUANTITY;',NULL,0.00000000,NULL),(5,'0','L-Glutamic Acid ; mg                                ',1,1,'[\"morning_and_evening\"]',NULL,'100',0,1,'$PRICE * $QUANTITY;',NULL,1,'$VOLUME * $QUANTITY;',NULL,0.00000000,NULL),(6,'0','L-Glutamine ; mg                                 ',1,1,'[\"morning_and_evening\"]',NULL,'100',0,1,'$PRICE * $QUANTITY;',NULL,1,'$VOLUME * $QUANTITY;',NULL,0.00000000,NULL),(7,'0','L-Lysine Monohydrochloride ; mg              ',1,1,'[\"morning_and_evening\"]',NULL,'100-250',0,1,'$PRICE * $QUANTITY;',NULL,1,'$VOLUME * $QUANTITY;',NULL,0.00000000,NULL),(8,'0','L-Methionine ; mg                                    ',1,1,'[\"morning_and_evening\"]',NULL,'100',0,1,'$PRICE * $QUANTITY;',NULL,1,'$VOLUME * $QUANTITY;',NULL,0.00000000,NULL),(9,'0','L-Ornithine ; mg',1,1,'[\"morning_and_evening\"]',NULL,'100',0,1,'$PRICE * $QUANTITY;',NULL,1,'$VOLUME * $QUANTITY;',NULL,0.00000000,NULL),(10,'0','L-Phenylalanine ; mg                             ',1,1,'[\"morning_and_evening\"]',NULL,'100',0,1,'$PRICE * $QUANTITY;',NULL,1,'$VOLUME * $QUANTITY;',NULL,0.00000000,NULL),(11,'0','L-Tryptophan ; mg                                     ',1,1,'[\"morning_and_evening\"]',NULL,'100-1,000',0,1,'$PRICE * $QUANTITY;',NULL,1,'$VOLUME * $QUANTITY;',NULL,0.00000000,NULL),(12,'0','L-Tyrosine ; mg                                     ',1,1,'[\"morning_and_evening\"]',NULL,'100',0,1,'$PRICE * $QUANTITY;',NULL,1,'$VOLUME * $QUANTITY;',NULL,0.00000000,NULL),(13,'0','Taurine ; mg                                           ',1,1,'[\"morning_and_evening\"]',NULL,'100',0,1,'$PRICE * $QUANTITY;',NULL,1,'$VOLUME * $QUANTITY;',NULL,0.00000000,NULL),(14,'0','Alpha Lipoic Acid ; mg',2,1,'[\"morning_and_evening\"]',NULL,'100',0,1,'$PRICE * $QUANTITY;',NULL,1,'$VOLUME * $QUANTITY;',NULL,0.00000000,NULL),(15,'0','Astaxanthin ; mg',2,1,'[\"morning_and_evening\"]',NULL,'2-6',0,1,'$PRICE * $QUANTITY;',NULL,1,'$VOLUME * $QUANTITY;',NULL,0.00000000,NULL),(16,'0','Coenzyme Q10 ; mg',2,1,'[\"morning_and_evening\"]',NULL,'30',0,1,'$PRICE * $QUANTITY;',NULL,1,'$VOLUME * $QUANTITY;',NULL,0.00000000,NULL),(17,'0','Grape Seed Extract ; mg',2,1,'[\"morning_and_evening\"]',NULL,'300',0,1,'$PRICE * $QUANTITY;',NULL,1,'$VOLUME * $QUANTITY;',NULL,0.00000000,NULL),(18,'0','Green Tea Extract Decaff ; mg',2,1,'[\"morning_and_evening\"]',NULL,'100-1,500',0,1,'$PRICE * $QUANTITY;',NULL,1,'$VOLUME * $QUANTITY;',NULL,0.00000000,NULL),(19,'0','L-Glutathione ; mg                                   ',2,1,'[\"morning_and_evening\"]',NULL,'50',0,1,'$PRICE * $QUANTITY;',NULL,1,'$VOLUME * $QUANTITY;',NULL,0.00000000,NULL),(20,'0','Lycopene, Tomato Extract ; mg                                        ',2,1,'[\"morning_and_evening\"]',NULL,'20',0,1,'$PRICE * $QUANTITY;',NULL,1,'$VOLUME * $QUANTITY;',NULL,0.00000000,NULL),(21,'0','Milk Thistle Silymarin ; mg',2,1,'[\"morning_and_evening\"]',NULL,'160-800',0,1,'$PRICE * $QUANTITY;',NULL,1,'$VOLUME * $QUANTITY;',NULL,0.00000000,NULL),(22,'0','N-Acetyl-L-Cysteine ; mg                             ',2,1,'[\"morning_and_evening\"]',NULL,'100',0,1,'$PRICE * $QUANTITY;',NULL,1,'$VOLUME * $QUANTITY;',NULL,0.00000000,NULL),(23,'0','Pomegranate ; mg',2,1,'[\"morning_and_evening\"]',NULL,'500',0,1,'$PRICE * $QUANTITY;',NULL,1,'$VOLUME * $QUANTITY;',NULL,0.00000000,NULL),(24,'0','Pycnogynol, Pine Extract ; mg',2,1,'[\"morning_and_evening\"]',NULL,'50-360',0,1,'$PRICE * $QUANTITY;',NULL,1,'$VOLUME * $QUANTITY;',NULL,0.00000000,NULL),(25,'0','Resveratrol ; mg',2,1,'[\"morning_and_evening\"]',NULL,'250',0,1,'$PRICE * $QUANTITY;',NULL,1,'$VOLUME * $QUANTITY;',NULL,0.00000000,NULL),(26,'0','Chondroitin SCP ; mg',3,1,'[\"morning_and_evening\"]',NULL,'800',0,1,'$PRICE * $QUANTITY;',NULL,1,'$VOLUME * $QUANTITY;',NULL,0.00000000,NULL),(27,'0','Glucosamine Hydrochoride ; mg                          ',3,1,'[\"morning_and_evening\"]',NULL,'500-1,000',0,1,'$PRICE * $QUANTITY;',NULL,1,'$VOLUME * $QUANTITY;',NULL,0.00000000,NULL),(28,'0','Citicoline ; mg',4,1,'[\"morning_and_evening\"]',NULL,'100',0,1,'$PRICE * $QUANTITY;',NULL,1,'$VOLUME * $QUANTITY;',NULL,0.00000000,NULL),(29,'0','Ginkgo Biloba Phytosome ; mg',4,1,'[\"morning_and_evening\"]',NULL,'100-1,000',0,1,'$PRICE * $QUANTITY;',NULL,1,'$VOLUME * $QUANTITY;',NULL,0.00000000,NULL),(30,'0','Ginkgo Serine ; mg',4,1,'[\"morning_and_evening\"]',NULL,'100',0,1,'$PRICE * $QUANTITY;',NULL,1,'$VOLUME * $QUANTITY;',NULL,0.00000000,NULL),(31,'0','Lecithin ; mg',4,1,'[\"morning_and_evening\"]',NULL,'500',0,1,'$PRICE * $QUANTITY;',NULL,1,'$VOLUME * $QUANTITY;',NULL,0.00000000,NULL),(32,'0','Digestzyme ; mg',5,1,'[\"morning_and_evening\"]',NULL,'250-500',0,1,'$PRICE * $QUANTITY;',NULL,1,'$VOLUME * $QUANTITY;',NULL,0.00000000,NULL),(33,'0','Fiber FOS ; mg',5,1,'[\"morning_and_evening\"]',NULL,'3,000',0,1,'$PRICE * $QUANTITY;',NULL,1,'$VOLUME * $QUANTITY;',NULL,0.00000000,NULL),(34,'0','Fiber Psyllium Husk ; mg',5,1,'[\"morning_and_evening\"]',NULL,'1,000',0,1,'$PRICE * $QUANTITY;',NULL,1,'$VOLUME * $QUANTITY;',NULL,0.00000000,NULL),(35,'0','Lactobacillus Acidophilus ; mg (6 billion units/g)',5,1,'[\"morning_and_evening\"]',NULL,'150',0,1,'$PRICE * $QUANTITY;',NULL,1,'$VOLUME * $QUANTITY;',NULL,0.00000000,NULL),(36,'0','Ashwagandha Extract ; mg',6,1,'[\"morning_and_evening\"]',NULL,'450',0,1,'$PRICE * $QUANTITY;',NULL,1,'$VOLUME * $QUANTITY;',NULL,0.00000000,NULL),(37,'0','Bacopin, Bacopa Monniera ; mg',6,1,'[\"morning_and_evening\"]',NULL,'50-300',0,1,'$PRICE * $QUANTITY;',NULL,1,'$VOLUME * $QUANTITY;',NULL,0.00000000,NULL),(38,'0','Beta Glucan ; mg',6,1,'[\"morning_and_evening\"]',NULL,'40-500',0,1,'$PRICE * $QUANTITY;',NULL,1,'$VOLUME * $QUANTITY;',NULL,0.00000000,NULL),(39,'0','Butea, Red Kwao Krua ; mg',6,1,'[\"morning_and_evening\"]',NULL,'300-1,000',0,1,'$PRICE * $QUANTITY;',NULL,1,'$VOLUME * $QUANTITY;',NULL,0.00000000,NULL),(40,'0','Bilberry ; mg',6,1,'[\"morning_and_evening\"]',NULL,'80-200',0,1,'$PRICE * $QUANTITY;',NULL,1,'$VOLUME * $QUANTITY;',NULL,0.00000000,NULL),(41,'0','BioPerine, Black Pepper ; mg',6,1,'[\"morning_and_evening\"]',NULL,'5-100',0,1,'$PRICE * $QUANTITY;',NULL,1,'$VOLUME * $QUANTITY;',NULL,0.00000000,NULL),(42,'0','Black Cohosh ; mg',6,1,'[\"morning_and_evening\"]',NULL,'80',0,1,'$PRICE * $QUANTITY;',NULL,1,'$VOLUME * $QUANTITY;',NULL,0.00000000,NULL),(43,'0','Centellin, Gotu Kola ; mg',6,1,'[\"morning_and_evening\"]',NULL,'60-350',0,1,'$PRICE * $QUANTITY;',NULL,1,'$VOLUME * $QUANTITY;',NULL,0.00000000,NULL),(44,'0','Chlorophyll ; mg',6,1,'[\"morning_and_evening\"]',NULL,'100',0,1,'$PRICE * $QUANTITY;',NULL,1,'$VOLUME * $QUANTITY;',NULL,0.00000000,NULL),(45,'0','Citrus Bioflavonoids ; mg',6,1,'[\"morning_and_evening\"]',NULL,'300-1,000',0,1,'$PRICE * $QUANTITY;',NULL,1,'$VOLUME * $QUANTITY;',NULL,0.00000000,NULL),(46,'0','Curbilene, Pumpkin Seed ; mg',6,1,'[\"morning_and_evening\"]',NULL,'100',0,1,'$PRICE * $QUANTITY;',NULL,1,'$VOLUME * $QUANTITY;',NULL,0.00000000,NULL),(47,'0','Curcumin C3 ; mg',6,1,'[\"morning_and_evening\"]',NULL,'100-3,000',0,1,'$PRICE * $QUANTITY;',NULL,1,'$VOLUME * $QUANTITY;',NULL,0.00000000,NULL),(48,'0','Emblic Extract ; mg',6,1,'[\"morning_and_evening\"]',NULL,'100-1,000',0,1,'$PRICE * $QUANTITY;',NULL,1,'$VOLUME * $QUANTITY;',NULL,0.00000000,NULL),(49,'0','Gamma Oryzanol, Rice Extract ; mg',6,1,'[\"morning_and_evening\"]',NULL,'600',0,1,'$PRICE * $QUANTITY;',NULL,1,'$VOLUME * $QUANTITY;',NULL,0.00000000,NULL),(50,'0','Garlic ; mg',6,1,'[\"morning_and_evening\"]',NULL,'600',0,1,'$PRICE * $QUANTITY;',NULL,1,'$VOLUME * $QUANTITY;',NULL,0.00000000,NULL),(51,'0','Ginseng ; mg',6,1,'[\"morning_and_evening\"]',NULL,'200',0,1,'$PRICE * $QUANTITY;',NULL,1,'$VOLUME * $QUANTITY;',NULL,0.00000000,NULL),(52,'0','Hawthron Extract ; mg',6,1,'[\"morning_and_evening\"]',NULL,'100-1,200',0,1,'$PRICE * $QUANTITY;',NULL,1,'$VOLUME * $QUANTITY;',NULL,0.00000000,NULL),(53,'0','Horsetail ; mg',6,1,'[\"morning_and_evening\"]',NULL,'300-6,000',0,1,'$PRICE * $QUANTITY;',NULL,1,'$VOLUME * $QUANTITY;',NULL,0.00000000,NULL),(54,'0','Indole-3-Carbinol ; mg',6,1,'[\"morning_and_evening\"]',NULL,'300',0,1,'$PRICE * $QUANTITY;',NULL,1,'$VOLUME * $QUANTITY;',NULL,0.00000000,NULL),(55,'0','Licorice ; mg',6,1,'[\"morning_and_evening\"]',NULL,'500-4,000',0,1,'$PRICE * $QUANTITY;',NULL,1,'$VOLUME * $QUANTITY;',NULL,0.00000000,NULL),(56,'0','Madeglucyl ; mg',6,1,'[\"morning_and_evening\"]',NULL,'500-1,500',0,1,'$PRICE * $QUANTITY;',NULL,1,'$VOLUME * $QUANTITY;',NULL,0.00000000,NULL),(57,'0','Oleaselect, Olive Pulp Extract ; mg',6,1,'[\"morning_and_evening\"]',NULL,'25-100',0,1,'$PRICE * $QUANTITY;',NULL,1,'$VOLUME * $QUANTITY;',NULL,0.00000000,NULL),(58,'0','Phytosterol ; mg',6,1,'[\"morning_and_evening\"]',NULL,'800',0,1,'$PRICE * $QUANTITY;',NULL,1,'$VOLUME * $QUANTITY;',NULL,0.00000000,NULL),(59,'0','Policosanol, Saccharum Officinarum ; mg',6,1,'[\"morning_and_evening\"]',NULL,'5-50',0,1,'$PRICE * $QUANTITY;',NULL,1,'$VOLUME * $QUANTITY;',NULL,0.00000000,NULL),(60,'0','Rosemary ; mg',6,1,'[\"morning_and_evening\"]',NULL,'5-3,000',0,1,'$PRICE * $QUANTITY;',NULL,1,'$VOLUME * $QUANTITY;',NULL,0.00000000,NULL),(61,'0','Safflower Extract ; mg',6,1,'[\"morning_and_evening\"]',NULL,'100-1,000',0,1,'$PRICE * $QUANTITY;',NULL,1,'$VOLUME * $QUANTITY;',NULL,0.00000000,NULL),(62,'0','Saw Palmetto Serenoa ; mg ',6,1,'[\"morning_and_evening\"]',NULL,'320',0,1,'$PRICE * $QUANTITY;',NULL,1,'$VOLUME * $QUANTITY;',NULL,0.00000000,NULL),(63,'0','Soy Isoflavone ; mg',6,1,'[\"morning_and_evening\"]',NULL,'100-1,000',0,1,'$PRICE * $QUANTITY;',NULL,1,'$VOLUME * $QUANTITY;',NULL,0.00000000,NULL),(64,'0','Soy Peptide ; mg',6,1,'[\"morning_and_evening\"]',NULL,'200',0,1,'$PRICE * $QUANTITY;',NULL,1,'$VOLUME * $QUANTITY;',NULL,0.00000000,NULL),(65,'0','Silyphos ; mg',6,1,'[\"morning_and_evening\"]',NULL,'180-600',0,1,'$PRICE * $QUANTITY;',NULL,1,'$VOLUME * $QUANTITY;',NULL,0.00000000,NULL),(66,'0','Triphala, Terminalia Extract ; mg',6,1,'[\"morning_and_evening\"]',NULL,'150-500',0,1,'$PRICE * $QUANTITY;',NULL,1,'$VOLUME * $QUANTITY;',NULL,0.00000000,NULL),(67,'0','Valerian Extract ; mg',6,1,'[\"morning_and_evening\"]',NULL,'400-900',0,1,'$PRICE * $QUANTITY;',NULL,1,'$VOLUME * $QUANTITY;',NULL,0.00000000,NULL),(68,'0','Activator Formula (510 mg)',7,1,'[\"morning_and_evening\"]',NULL,'510',0,1,'$PRICE * $QUANTITY;',NULL,1,'$VOLUME * $QUANTITY;',NULL,0.00000000,NULL),(69,'0','Adrenal Support Formula (15 mg)',7,1,'[\"morning_and_evening\"]',NULL,'15',0,1,'$PRICE * $QUANTITY;',NULL,1,'$VOLUME * $QUANTITY;',NULL,0.00000000,NULL),(70,'0','Adrenal Support Advance Formula (25 mg)',7,1,'[\"morning_and_evening\"]',NULL,'25',0,1,'$PRICE * $QUANTITY;',NULL,1,'$VOLUME * $QUANTITY;',NULL,0.00000000,NULL),(71,'0','Pregnenolone (100 mg)',7,1,'[\"morning_and_evening\"]',NULL,'100',0,1,'$PRICE * $QUANTITY;',NULL,1,'$VOLUME * $QUANTITY;',NULL,0.00000000,NULL),(72,'0','Relax Formula (100 mg)',7,1,'[\"morning_and_evening\"]',NULL,'100',0,1,'$PRICE * $QUANTITY;',NULL,1,'$VOLUME * $QUANTITY;',NULL,0.00000000,NULL),(73,'0','Sleep Junior Formula (1 mg)',7,1,'[\"morning_and_evening\"]',NULL,'1',0,1,'$PRICE * $QUANTITY;',NULL,1,'$VOLUME * $QUANTITY;',NULL,0.00000000,NULL),(74,'0','Sleep Advance Formula (3 mg)',7,1,'[\"morning_and_evening\"]',NULL,'3',0,1,'$PRICE * $QUANTITY;',NULL,1,'$VOLUME * $QUANTITY;',NULL,0.00000000,NULL),(75,'0','Slim Advance Formula (100 mg)',7,1,'[\"morning_and_evening\"]',NULL,'100',0,1,'$PRICE * $QUANTITY;',NULL,1,'$VOLUME * $QUANTITY;',NULL,0.00000000,NULL),(76,'0','Ashitaba, Japanese Angelica ; mg',8,1,'[\"morning_and_evening\"]',NULL,'100-3,000',0,1,'$PRICE * $QUANTITY;',NULL,1,'$VOLUME * $QUANTITY;',NULL,0.00000000,NULL),(77,'0','Echinacea Extract ; mg',8,1,'[\"morning_and_evening\"]',NULL,'100-1,000',0,1,'$PRICE * $QUANTITY;',NULL,1,'$VOLUME * $QUANTITY;',NULL,0.00000000,NULL),(78,'0','AHCC Mushroom Mycelia Extract ; mg',8,1,'[\"morning_and_evening\"]',NULL,'750',0,1,'$PRICE * $QUANTITY;',NULL,1,'$VOLUME * $QUANTITY;',NULL,0.00000000,NULL),(79,'0','Reishi ; mg',8,1,'[\"morning_and_evening\"]',NULL,'100-3,000',0,1,'$PRICE * $QUANTITY;',NULL,1,'$VOLUME * $QUANTITY;',NULL,0.00000000,NULL),(80,'0','Boron, Chelate ; mg         ',9,1,'[\"morning_and_evening\"]',NULL,'1',0,1,'$PRICE * $QUANTITY;',NULL,1,'$VOLUME * $QUANTITY;',NULL,0.00000000,NULL),(81,'0','Calcium, Chelate ; mg',9,1,'[\"morning_and_evening\"]',NULL,'1,000',0,1,'$PRICE * $QUANTITY;',NULL,1,'$VOLUME * $QUANTITY;',NULL,0.00000000,NULL),(82,'0','Chromium, Chelate ; mcg         ',9,1,'[\"morning_and_evening\"]',NULL,'200',0,1,'$PRICE * $QUANTITY;',NULL,1,'$VOLUME * $QUANTITY;',NULL,0.00000000,NULL),(83,'0','Copper ; mg        ',9,1,'[\"morning_and_evening\"]',NULL,'2',0,1,'$PRICE * $QUANTITY;',NULL,1,'$VOLUME * $QUANTITY;',NULL,0.00000000,NULL),(84,'0','Iodine ; mcg',9,1,'[\"morning_and_evening\"]',NULL,'150',0,1,'$PRICE * $QUANTITY;',NULL,1,'$VOLUME * $QUANTITY;',NULL,0.00000000,NULL),(85,'0','Iron, Chelate ; mg                 ',9,1,'[\"morning_and_evening\"]',NULL,'M : 0 F : 10',0,1,'$PRICE * $QUANTITY;',NULL,1,'$VOLUME * $QUANTITY;',NULL,0.00000000,NULL),(86,'0','Magnesium, Chelate ; mg                              ',9,1,'[\"morning_and_evening\"]',NULL,'250',0,1,'$PRICE * $QUANTITY;',NULL,1,'$VOLUME * $QUANTITY;',NULL,0.00000000,NULL),(87,'0','Manganese, Chelate ; mg  ',9,1,'[\"morning_and_evening\"]',NULL,'4',0,1,'$PRICE * $QUANTITY;',NULL,1,'$VOLUME * $QUANTITY;',NULL,0.00000000,NULL),(88,'0','Molybdenum, Chelate ; mcg      ',9,1,'[\"morning_and_evening\"]',NULL,'100',0,1,'$PRICE * $QUANTITY;',NULL,1,'$VOLUME * $QUANTITY;',NULL,0.00000000,NULL),(89,'0','Phosphorus ; mg',9,1,'[\"morning_and_evening\"]',NULL,'100',0,1,'$PRICE * $QUANTITY;',NULL,1,'$VOLUME * $QUANTITY;',NULL,0.00000000,NULL),(90,'0','Potassium ; mg',9,1,'[\"morning_and_evening\"]',NULL,'600',0,1,'$PRICE * $QUANTITY;',NULL,1,'$VOLUME * $QUANTITY;',NULL,0.00000000,NULL),(91,'0','Selenium, Chelate ; mcg         ',9,1,'[\"morning_and_evening\"]',NULL,'200',0,1,'$PRICE * $QUANTITY;',NULL,1,'$VOLUME * $QUANTITY;',NULL,0.00000000,NULL),(92,'0','Vanadium, Chelate ; mcg      ',9,1,'[\"morning_and_evening\"]',NULL,'20',0,1,'$PRICE * $QUANTITY;',NULL,1,'$VOLUME * $QUANTITY;',NULL,0.00000000,NULL),(93,'0','Zinc, Chelate ; mg                                   ',9,1,'[\"morning_and_evening\"]',NULL,'20',0,1,'$PRICE * $QUANTITY;',NULL,1,'$VOLUME * $QUANTITY;',NULL,0.00000000,NULL),(94,'0','Vitamin A ; IU                  ',10,1,'[\"morning_and_evening\"]',NULL,'2,000',0,1,'$PRICE * $QUANTITY;',NULL,1,'$VOLUME * $QUANTITY;',NULL,0.00000000,NULL),(95,'0','Thiamin Hydrochloride (B1) ; mg         ',10,1,'[\"morning_and_evening\"]',NULL,'10',0,1,'$PRICE * $QUANTITY;',NULL,1,'$VOLUME * $QUANTITY;',NULL,0.00000000,NULL),(96,'0','Riboflavin-5-Phosphate (B2) ; mg        ',10,1,'[\"morning_and_evening\"]',NULL,'5',0,1,'$PRICE * $QUANTITY;',NULL,1,'$VOLUME * $QUANTITY;',NULL,0.00000000,NULL),(97,'0','Niacinamide (B3) ; mg         ',10,1,'[\"morning_and_evening\"]',NULL,'10',0,1,'$PRICE * $QUANTITY;',NULL,1,'$VOLUME * $QUANTITY;',NULL,0.00000000,NULL),(98,'0','Calcium-D-Pantothenate (B5) ; mg      ',10,1,'[\"morning_and_evening\"]',NULL,'10',0,1,'$PRICE * $QUANTITY;',NULL,1,'$VOLUME * $QUANTITY;',NULL,0.00000000,NULL),(99,'0','Pyridoxine Hydrochloride (B6) ; mg         ',10,1,'[\"morning_and_evening\"]',NULL,'10',0,1,'$PRICE * $QUANTITY;',NULL,1,'$VOLUME * $QUANTITY;',NULL,0.00000000,NULL),(100,'0','Biotin (Vit H) ; mcg       ',10,1,'[\"morning_and_evening\"]',NULL,'300',0,1,'$PRICE * $QUANTITY;',NULL,1,'$VOLUME * $QUANTITY;',NULL,0.00000000,NULL),(101,'0','Folic Acid (B9) ; mcg         ',10,1,'[\"morning_and_evening\"]',NULL,'400',0,1,'$PRICE * $QUANTITY;',NULL,1,'$VOLUME * $QUANTITY;',NULL,0.00000000,NULL),(102,'0','Cyanocobalamin (B12) ; mcg       ',10,1,'[\"morning_and_evening\"]',NULL,'10',0,1,'$PRICE * $QUANTITY;',NULL,1,'$VOLUME * $QUANTITY;',NULL,0.00000000,NULL),(103,'0','Inositol ; mg',10,1,'[\"morning_and_evening\"]',NULL,'250-500',0,1,'$PRICE * $QUANTITY;',NULL,1,'$VOLUME * $QUANTITY;',NULL,0.00000000,NULL),(104,'0','Vitamin C ; mg',10,1,'[\"morning_and_evening\"]',NULL,'1,000',0,1,'$PRICE * $QUANTITY;',NULL,1,'$VOLUME * $QUANTITY;',NULL,0.00000000,NULL),(105,'0','Vitamin D3 ; IU                      ',10,1,'[\"morning_and_evening\"]',NULL,'400',0,1,'$PRICE * $QUANTITY;',NULL,1,'$VOLUME * $QUANTITY;',NULL,0.00000000,NULL),(106,'0','Vitamin E ; IU',10,1,'[\"morning_and_evening\"]',NULL,'400',0,1,'$PRICE * $QUANTITY;',NULL,1,'$VOLUME * $QUANTITY;',NULL,0.00000000,NULL),(107,'0','D-Gamma Tocopherol ; IU',10,1,'[\"morning_and_evening\"]',NULL,'100',0,1,'$PRICE * $QUANTITY;',NULL,1,'$VOLUME * $QUANTITY;',NULL,0.00000000,NULL),(108,'0','Tocotrienol ; mg',10,1,'[\"morning_and_evening\"]',NULL,'100',0,1,'$PRICE * $QUANTITY;',NULL,1,'$VOLUME * $QUANTITY;',NULL,0.00000000,NULL),(109,'0','Black Ginger Extract ; mg',11,1,'[\"morning_and_evening\"]',NULL,'500-3,000',0,1,'$PRICE * $QUANTITY;',NULL,1,'$VOLUME * $QUANTITY;',NULL,0.00000000,NULL),(110,'0','Capsicum Extract ; mg',11,1,'[\"morning_and_evening\"]',NULL,'250-1,500',0,1,'$PRICE * $QUANTITY;',NULL,1,'$VOLUME * $QUANTITY;',NULL,0.00000000,NULL),(111,'0','Citrin, Garcinia Cambogia ; mg',11,1,'[\"morning_and_evening\"]',NULL,'250-2,000',0,1,'$PRICE * $QUANTITY;',NULL,1,'$VOLUME * $QUANTITY;',NULL,0.00000000,NULL),(112,'0','Conjugated Linoleic Acids ; mg',11,1,'[\"morning_and_evening\"]',NULL,'800',0,1,'$PRICE * $QUANTITY;',NULL,1,'$VOLUME * $QUANTITY;',NULL,0.00000000,NULL),(113,'0','Fabenol, White Kidney Bean ; mg',11,1,'[\"morning_and_evening\"]',NULL,'100-3,000',0,1,'$PRICE * $QUANTITY;',NULL,1,'$VOLUME * $QUANTITY;',NULL,0.00000000,NULL),(114,'0','Forslean, Coleus Forskohlii ; mg',11,1,'[\"morning_and_evening\"]',NULL,'50-500',0,1,'$PRICE * $QUANTITY;',NULL,1,'$VOLUME * $QUANTITY;',NULL,0.00000000,NULL),(115,'0','Garcinia Extract ; mg',11,1,'[\"morning_and_evening\"]',NULL,'500-2,800',0,1,'$PRICE * $QUANTITY;',NULL,1,'$VOLUME * $QUANTITY;',NULL,0.00000000,NULL),(116,'0','Gaurana ; mg',11,1,'[\"morning_and_evening\"]',NULL,'150-1,000',0,1,'$PRICE * $QUANTITY;',NULL,1,'$VOLUME * $QUANTITY;',NULL,0.00000000,NULL),(117,'0','Konjac ; mg',11,1,'[\"morning_and_evening\"]',NULL,'500-3,000',0,1,'$PRICE * $QUANTITY;',NULL,1,'$VOLUME * $QUANTITY;',NULL,0.00000000,NULL),(118,'0','Senna Extract ; mg',11,1,'[\"morning_and_evening\"]',NULL,'20-30',0,1,'$PRICE * $QUANTITY;',NULL,1,'$VOLUME * $QUANTITY;',NULL,0.00000000,NULL),(119,'0','Spirulina ; mg',11,1,'[\"morning_and_evening\"]',NULL,'100-2,000',0,1,'$PRICE * $QUANTITY;',NULL,1,'$VOLUME * $QUANTITY;',NULL,0.00000000,NULL),(120,'0','Evening Primrose Oil (500 mg)',12,1,'[\"morning_and_evening\"]',NULL,'500',0,1,'$PRICE * $QUANTITY;',NULL,1,'$VOLUME * $QUANTITY;',NULL,0.00000000,NULL),(121,'0','Fish Oil (1000 mg EPA180 / DHA120)',12,1,'[\"morning_and_evening\"]',NULL,'1,000',0,1,'$PRICE * $QUANTITY;',NULL,1,'$VOLUME * $QUANTITY;',NULL,0.00000000,NULL),(122,'0','Fish Oil (1000 mg EPA300 / DHA200)',12,1,'[\"morning_and_evening\"]',NULL,'1,000',0,1,'$PRICE * $QUANTITY;',NULL,1,'$VOLUME * $QUANTITY;',NULL,0.00000000,NULL),(123,'0','Flax Seed Oil (1000 mg) ',12,1,'[\"morning_and_evening\"]',NULL,'1,000',0,1,'$PRICE * $QUANTITY;',NULL,1,'$VOLUME * $QUANTITY;',NULL,0.00000000,NULL),(124,'0','Sustained Release Vit C (500 mg)',12,1,'[\"morning_and_evening\"]',NULL,'500',0,1,'$PRICE * $QUANTITY;',NULL,1,'$VOLUME * $QUANTITY;',NULL,0.00000000,NULL),(125,'0','Vitamin K (100 mcg)',12,1,'[\"morning_and_evening\"]',NULL,'100',0,1,'$PRICE * $QUANTITY;',NULL,1,'$VOLUME * $QUANTITY;',NULL,0.00000000,NULL),(126,'0','Whey Protein Isolate (31g)',12,1,'[\"morning_and_evening\"]',NULL,'31',0,1,'$PRICE * $QUANTITY;',NULL,1,'$VOLUME * $QUANTITY;',NULL,0.00000000,NULL);
/*!40000 ALTER TABLE `products` ENABLE KEYS */;
UNLOCK TABLES;

--
-- Table structure for table `status`
--

DROP TABLE IF EXISTS `status`;
/*!40101 SET @saved_cs_client     = @@character_set_client */;
/*!40101 SET character_set_client = utf8 */;
CREATE TABLE `status` (
  `id` int(10) NOT NULL DEFAULT '0',
  `name` varchar(50) DEFAULT NULL,
  `icon` varchar(100) DEFAULT NULL,
  `html` varchar(100) DEFAULT NULL,
  `remark` varchar(500) DEFAULT NULL,
  PRIMARY KEY (`id`)
) ENGINE=MyISAM DEFAULT CHARSET=utf8;
/*!40101 SET character_set_client = @saved_cs_client */;

--
-- Dumping data for table `status`
--

LOCK TABLES `status` WRITE;
/*!40000 ALTER TABLE `status` DISABLE KEYS */;
INSERT INTO `status` VALUES (0,'na','negative.gif',NULL,'test'),(1,'draft','action1.gif',NULL,NULL),(2,'request','white_ico.png',NULL,NULL),(3,'pending','new_messages.gif',NULL,NULL),(4,'confirmed','sm_lk6.gif',NULL,NULL),(5,'processing','status_pending.gif',NULL,NULL),(6,'complete','green_ico.png',NULL,NULL),(7,'approved','move2.gif',NULL,NULL),(101,'Print Manufacture Sheet',NULL,NULL,'Print Manufacture Sheet'),(102,'Inventory Check',NULL,NULL,'Inventory Check'),(103,'Recieved by Production',NULL,NULL,'Recieved by Production'),(104,'Weighing',NULL,NULL,NULL),(105,'Encapsulation',NULL,NULL,NULL),(106,'Pre-Packaging Check',NULL,NULL,NULL),(107,'Packing',NULL,NULL,NULL),(108,'Label Preparation',NULL,NULL,NULL),(109,'Final Check',NULL,NULL,NULL),(110,'On Delivery',NULL,NULL,NULL);
/*!40000 ALTER TABLE `status` ENABLE KEYS */;
UNLOCK TABLES;

--
-- Table structure for table `stock_cards`
--

DROP TABLE IF EXISTS `stock_cards`;
/*!40101 SET @saved_cs_client     = @@character_set_client */;
/*!40101 SET character_set_client = utf8 */;
CREATE TABLE `stock_cards` (
  `manufacturing_item_id` int(11) NOT NULL,
  `report_time` timestamp NULL DEFAULT NULL,
  `product_id` int(11) DEFAULT NULL,
  `inventory_count` decimal(10,7) DEFAULT NULL,
  `inventory_unit` varchar(45) DEFAULT NULL,
  PRIMARY KEY (`manufacturing_item_id`),
  KEY `manufacturing_stock_card` (`manufacturing_item_id`),
  KEY `stock_card_roduct` (`product_id`),
  CONSTRAINT `manufacturing_stock_card` FOREIGN KEY (`manufacturing_item_id`) REFERENCES `manufacturing_items` (`id`) ON DELETE NO ACTION ON UPDATE NO ACTION,
  CONSTRAINT `stock_card_roduct` FOREIGN KEY (`product_id`) REFERENCES `products` (`id`) ON DELETE NO ACTION ON UPDATE NO ACTION
) ENGINE=InnoDB DEFAULT CHARSET=utf8 COMMENT='Inventory (FIFO)';
/*!40101 SET character_set_client = @saved_cs_client */;

--
-- Dumping data for table `stock_cards`
--

LOCK TABLES `stock_cards` WRITE;
/*!40000 ALTER TABLE `stock_cards` DISABLE KEYS */;
/*!40000 ALTER TABLE `stock_cards` ENABLE KEYS */;
UNLOCK TABLES;

--
-- Table structure for table `transactions`
--

DROP TABLE IF EXISTS `transactions`;
/*!40101 SET @saved_cs_client     = @@character_set_client */;
/*!40101 SET character_set_client = utf8 */;
CREATE TABLE `transactions` (
  `id` int(10) NOT NULL AUTO_INCREMENT,
  `uuid` varchar(50) NOT NULL DEFAULT '0',
  `customer_id` int(10) DEFAULT NULL,
  `category` varchar(50) NOT NULL,
  `credit` decimal(20,4) DEFAULT NULL,
  `debit` decimal(20,4) DEFAULT NULL,
  `balance` decimal(20,4) DEFAULT NULL,
  `remarks` varchar(500) DEFAULT NULL,
  `updated` datetime DEFAULT NULL,
  `created` datetime DEFAULT NULL,
  `delivery_date` datetime DEFAULT NULL,
  `payment_date` datetime DEFAULT NULL,
  `due_date` datetime DEFAULT NULL,
  `paid` tinyint(1) DEFAULT NULL,
  PRIMARY KEY (`id`)
) ENGINE=MyISAM AUTO_INCREMENT=97 DEFAULT CHARSET=utf8 COMMENT='invoice,payment,deduction';
/*!40101 SET character_set_client = @saved_cs_client */;

--
-- Dumping data for table `transactions`
--

LOCK TABLES `transactions` WRITE;
/*!40000 ALTER TABLE `transactions` DISABLE KEYS */;
INSERT INTO `transactions` VALUES (92,'0',2,'1',37450.0000,0.0000,-37450.0000,NULL,'2011-10-18 09:58:50','2011-10-18 09:58:25','2011-10-18 00:00:00',NULL,'2011-11-18 00:00:00',1),(93,'0',2,'2',0.0000,10000.0000,-27450.0000,'','2011-10-18 09:58:50','2011-10-18 09:58:50',NULL,NULL,NULL,NULL),(94,'0',2,'2',0.0000,27450.0000,0.0000,'','2011-10-18 10:00:08','2011-10-18 10:00:08',NULL,NULL,NULL,NULL),(95,'0',2,'1',14766.0000,0.0000,-14766.0000,NULL,'2011-10-18 10:01:05','2011-10-18 10:00:39','2011-10-18 00:00:00',NULL,'2011-11-18 00:00:00',1),(96,'0',2,'2',0.0000,14766.0000,0.0000,'','2011-10-18 10:01:05','2011-10-18 10:01:05',NULL,NULL,NULL,NULL);
/*!40000 ALTER TABLE `transactions` ENABLE KEYS */;
UNLOCK TABLES;

--
-- Table structure for table `user_customer`
--

DROP TABLE IF EXISTS `user_customer`;
/*!40101 SET @saved_cs_client     = @@character_set_client */;
/*!40101 SET character_set_client = utf8 */;
CREATE TABLE `user_customer` (
  `user_id` int(11) DEFAULT NULL,
  `customer_id` int(11) DEFAULT NULL,
  `role` varchar(10) DEFAULT NULL,
  KEY `customer_users` (`user_id`),
  KEY `user_customer_id` (`customer_id`)
) ENGINE=MyISAM DEFAULT CHARSET=utf8;
/*!40101 SET character_set_client = @saved_cs_client */;

--
-- Dumping data for table `user_customer`
--

LOCK TABLES `user_customer` WRITE;
/*!40000 ALTER TABLE `user_customer` DISABLE KEYS */;
INSERT INTO `user_customer` VALUES (4,12,'OWNER'),(5,13,'OWNER'),(6,14,'OWNER'),(7,15,'OWNER'),(8,16,'OWNER'),(9,17,'OWNER'),(10,18,'OWNER'),(11,19,'OWNER'),(12,20,'OWNER'),(13,21,'OWNER'),(14,22,'OWNER'),(15,23,'OWNER'),(16,24,'OWNER'),(17,25,'OWNER'),(18,26,'OWNER'),(19,27,'OWNER'),(20,28,'OWNER'),(21,29,'OWNER'),(22,30,'OWNER'),(23,31,'OWNER'),(24,32,'OWNER'),(25,33,'OWNER'),(26,34,'OWNER'),(27,35,'OWNER'),(28,36,'OWNER'),(29,37,'OWNER'),(30,38,'OWNER'),(31,39,'OWNER'),(32,40,'OWNER'),(33,41,'OWNER'),(34,42,'OWNER'),(35,43,'OWNER'),(36,44,'OWNER'),(37,45,'OWNER'),(38,46,'OWNER'),(39,47,'OWNER'),(40,48,'OWNER'),(41,49,'OWNER'),(42,50,'OWNER'),(43,51,'OWNER'),(44,52,'OWNER'),(45,53,'OWNER'),(46,54,'OWNER'),(47,55,'OWNER'),(48,56,'OWNER'),(49,57,'OWNER'),(50,58,'OWNER'),(51,59,'OWNER'),(52,60,'OWNER'),(53,61,'OWNER'),(54,62,'OWNER'),(55,63,'OWNER'),(56,64,'OWNER'),(57,65,'OWNER'),(58,66,'OWNER'),(59,67,'OWNER'),(60,68,'OWNER'),(61,69,'OWNER'),(62,70,'OWNER'),(63,71,'OWNER'),(64,72,'OWNER'),(65,73,'OWNER'),(66,74,'OWNER'),(67,75,'OWNER'),(68,76,'OWNER'),(69,77,'OWNER'),(70,78,'OWNER'),(71,79,'OWNER'),(72,80,'OWNER'),(73,81,'OWNER'),(74,82,'OWNER'),(75,83,'OWNER'),(76,84,'OWNER'),(77,85,'OWNER'),(78,86,'OWNER'),(79,87,'OWNER'),(80,88,'OWNER'),(81,89,'OWNER'),(82,90,'OWNER'),(83,91,'OWNER'),(84,92,'OWNER'),(85,93,'OWNER'),(86,94,'OWNER'),(86,95,'OWNER'),(87,96,'OWNER'),(87,97,'OWNER'),(88,98,'OWNER'),(88,99,'OWNER'),(89,100,'OWNER'),(90,101,'OWNER'),(91,102,'OWNER'),(92,103,'OWNER'),(93,104,'OWNER'),(94,105,'OWNER'),(94,106,'OWNER'),(95,107,'OWNER'),(95,108,'OWNER'),(96,109,'OWNER'),(97,110,'OWNER'),(98,111,'OWNER'),(99,112,'OWNER'),(100,113,'OWNER'),(101,114,'OWNER'),(102,115,'OWNER'),(103,116,'OWNER'),(104,117,'OWNER'),(105,118,'OWNER'),(106,119,'OWNER'),(107,120,'OWNER'),(108,121,'OWNER'),(109,122,'OWNER'),(110,123,'OWNER'),(111,124,'OWNER'),(112,125,'OWNER'),(113,126,'OWNER'),(114,127,'OWNER'),(115,128,'OWNER'),(116,129,'OWNER'),(117,130,'OWNER'),(118,131,'OWNER'),(119,132,'OWNER'),(120,133,'OWNER'),(121,134,'OWNER'),(122,135,'OWNER'),(123,136,'OWNER'),(124,137,'OWNER'),(125,138,'OWNER'),(126,139,'OWNER'),(127,140,'OWNER'),(128,141,'OWNER'),(129,142,'OWNER'),(130,143,'OWNER'),(131,144,'OWNER'),(132,145,'OWNER'),(133,146,'OWNER'),(134,147,'OWNER'),(135,148,'OWNER'),(136,149,'OWNER'),(137,150,'OWNER'),(138,151,'OWNER'),(139,152,'OWNER'),(140,153,'OWNER'),(141,154,'OWNER'),(142,155,'OWNER'),(143,156,'OWNER'),(144,157,'OWNER'),(145,158,'OWNER'),(146,159,'OWNER'),(147,160,'OWNER'),(148,161,'OWNER'),(149,162,'OWNER'),(150,163,'OWNER'),(151,164,'OWNER'),(152,165,'OWNER'),(153,166,'OWNER'),(154,167,'OWNER'),(155,168,'OWNER'),(156,169,'OWNER'),(157,170,'OWNER'),(158,171,'OWNER'),(159,172,'OWNER'),(160,173,'OWNER'),(161,174,'OWNER'),(161,175,'OWNER'),(162,176,'OWNER'),(162,177,'OWNER'),(163,178,'OWNER'),(164,179,'OWNER'),(165,180,'OWNER'),(166,181,'OWNER'),(167,182,'OWNER'),(168,183,'OWNER'),(169,184,'OWNER'),(170,185,'OWNER'),(171,186,'OWNER'),(172,187,'OWNER'),(173,188,'OWNER'),(174,189,'OWNER'),(175,190,'OWNER'),(176,191,'OWNER'),(177,192,'OWNER'),(178,193,'OWNER'),(179,194,'OWNER'),(180,195,'OWNER'),(181,196,'OWNER'),(182,197,'OWNER'),(183,198,'OWNER'),(184,199,'OWNER'),(185,200,'OWNER'),(186,201,'OWNER'),(187,202,'OWNER'),(188,203,'OWNER'),(188,204,'OWNER'),(189,205,'OWNER'),(190,206,'OWNER'),(190,207,'OWNER'),(191,208,'OWNER'),(192,209,'OWNER'),(193,210,'OWNER'),(194,211,'OWNER'),(195,212,'OWNER'),(196,213,'OWNER'),(197,214,'OWNER'),(198,215,'OWNER'),(199,216,'OWNER'),(200,217,'OWNER'),(201,218,'OWNER'),(202,219,'OWNER'),(203,220,'OWNER'),(204,221,'OWNER'),(205,222,'OWNER'),(206,223,'OWNER'),(207,224,'OWNER'),(208,225,'OWNER'),(209,226,'OWNER'),(210,227,'OWNER'),(211,228,'OWNER'),(212,229,'OWNER'),(212,230,'OWNER'),(213,231,'OWNER'),(214,232,'OWNER'),(215,233,'OWNER');
/*!40000 ALTER TABLE `user_customer` ENABLE KEYS */;
UNLOCK TABLES;

--
-- Table structure for table `user_logs`
--

DROP TABLE IF EXISTS `user_logs`;
/*!40101 SET @saved_cs_client     = @@character_set_client */;
/*!40101 SET character_set_client = utf8 */;
CREATE TABLE `user_logs` (
  `updated` timestamp NULL DEFAULT CURRENT_TIMESTAMP,
  `user_id` int(11) NOT NULL,
  `category` varchar(45) DEFAULT NULL,
  `msg` varchar(500) DEFAULT NULL,
  KEY `logs_user` (`user_id`)
) ENGINE=MyISAM DEFAULT CHARSET=utf8 COMMENT='log user activity';
/*!40101 SET character_set_client = @saved_cs_client */;

--
-- Dumping data for table `user_logs`
--

LOCK TABLES `user_logs` WRITE;
/*!40000 ALTER TABLE `user_logs` DISABLE KEYS */;
INSERT INTO `user_logs` VALUES ('2011-09-01 15:17:34',1,'DELETE_PRODUCT','product id 33 deleted by user 1'),('2011-09-01 15:50:52',1,'PRODUCT_UPDATE','product id 38 created by user 1'),('2011-09-01 15:51:29',1,'PRODUCT_UPDATE','product id 37 deleted by user 1'),('2011-09-01 15:51:36',1,'PRODUCT_UPDATE','product id 38 deleted by user 1'),('2011-09-01 15:51:43',1,'PRODUCT_UPDATE','product id 36 deleted by user 1'),('2011-09-01 16:38:52',1,'PRODUCT_UPDATE','product id 1 updated by user 1'),('2011-09-19 13:17:57',1,'PRODUCT_UPDATE','product id 10 updated by user 1'),('2011-09-19 13:18:09',1,'PRODUCT_UPDATE','product id 10 updated by user 1'),('2011-10-07 16:07:07',1,'PRODUCT_UPDATE','product id 1 updated by user 1'),('2011-10-16 06:56:03',1,'PRODUCT_UPDATE','product id 1 updated by user 1'),('2011-10-16 06:56:23',1,'PRODUCT_UPDATE','product id 1 updated by user 1'),('2011-10-16 06:58:25',1,'PRODUCT_UPDATE','product id 1 updated by user 1'),('2011-10-18 01:48:56',1,'PRODUCT_UPDATE','product id 1 updated by user 1');
/*!40000 ALTER TABLE `user_logs` ENABLE KEYS */;
UNLOCK TABLES;

--
-- Table structure for table `user_pin`
--

DROP TABLE IF EXISTS `user_pin`;
/*!40101 SET @saved_cs_client     = @@character_set_client */;
/*!40101 SET character_set_client = utf8 */;
CREATE TABLE `user_pin` (
  `id` bigint(20) NOT NULL AUTO_INCREMENT,
  `user_id` bigint(20) NOT NULL,
  `pin` varchar(4) NOT NULL,
  PRIMARY KEY (`id`),
  UNIQUE KEY `pin` (`pin`)
) ENGINE=MyISAM AUTO_INCREMENT=3 DEFAULT CHARSET=utf8;
/*!40101 SET character_set_client = @saved_cs_client */;

--
-- Dumping data for table `user_pin`
--

LOCK TABLES `user_pin` WRITE;
/*!40000 ALTER TABLE `user_pin` DISABLE KEYS */;
INSERT INTO `user_pin` VALUES (1,12,'0123'),(2,1,'8888');
/*!40000 ALTER TABLE `user_pin` ENABLE KEYS */;
UNLOCK TABLES;

--
-- Table structure for table `users`
--

DROP TABLE IF EXISTS `users`;
/*!40101 SET @saved_cs_client     = @@character_set_client */;
/*!40101 SET character_set_client = utf8 */;
CREATE TABLE `users` (
  `id` int(11) NOT NULL AUTO_INCREMENT,
  `username` varchar(45) NOT NULL,
  `display_name` varchar(45) NOT NULL,
  `full_name` varchar(45) DEFAULT NULL,
  `password` varchar(45) NOT NULL,
  `salt` varchar(45) NOT NULL DEFAULT '1234',
  `email` varchar(45) DEFAULT NULL,
  `type` char(15) NOT NULL DEFAULT 'GUEST',
  `inactive` tinyint(1) DEFAULT '0',
  PRIMARY KEY (`id`),
  UNIQUE KEY `username` (`username`)
) ENGINE=MyISAM AUTO_INCREMENT=216 DEFAULT CHARSET=utf8 COMMENT='system user';
/*!40101 SET character_set_client = @saved_cs_client */;

--
-- Dumping data for table `users`
--

LOCK TABLES `users` WRITE;
/*!40000 ALTER TABLE `users` DISABLE KEYS */;
INSERT INTO `users` VALUES (1,'admin','Admin','Admin Person','ed2b1f468c5f915f3f1cf75d7068baae','1234','chayapan@gmail.com','ADMIN',0),(2,'test','tester1','Tester Number1','\'\'','1234',NULL,'GUEST',0),(3,'demo','demo','demo','2e5c7db760a33498023813489cfadc0b','28b206548469ce62182048fd9cf91760','webmaster@example.com','GUEST',0),(12,'admin1','doctor9','นพ.ธวัชชัย วานิชกร ','20349e69c2901e50fff1c27476659634','4e6b768967ed97.69858354','mml9@spam.la','ADMIN',0),(13,'admin2','doctor10','นพ.ชัยพฤกษ์ ปิยะเกศิน ','ed2b1f468c5f915f3f1cf75d7068baae','1234','mml10@spam.la','ADMIN',0),(14,'admin3','doctor11','นพ.นพรัตน์ สุจริตจันทร์ ','ed2b1f468c5f915f3f1cf75d7068baae','1234','mml11@spam.la','ADMIN',0),(15,'admin4','doctor12','นพ.จงเจตน์ อาวเจนพงษ์ ','ed2b1f468c5f915f3f1cf75d7068baae','1234','mml12@spam.la','ADMIN',0),(16,'manager1','manager1','นพ.จำเริญ สรพิพัฒน์ ','ed2b1f468c5f915f3f1cf75d7068baae','1234','mml13@spam.la','MANAGER',0),(17,'manager2','manager2','นพ.สุชัย หยองอนุกูล์ ','ed2b1f468c5f915f3f1cf75d7068baae','1234','mml14@spam.la','MANAGER',0),(18,'manager3','manager3','ศ.นพ.จิตร สิทธิอมร ','ed2b1f468c5f915f3f1cf75d7068baae','1234','mml15@spam.la','MANAGER',0),(19,'manager4','manager4','พญ.ลักษมี ว่องกุศลกิจ ','ed2b1f468c5f915f3f1cf75d7068baae','1234','mml16@spam.la','MANAGER',0),(21,'operator1','operator1','นพ.ศุภชัย โชติบุตร ','ed2b1f468c5f915f3f1cf75d7068baae','1234','mml18@spam.la','OPERATOR',0),(22,'operator2','operator2','ศ.นพ.เทพ หิมะทองคำ ','ed2b1f468c5f915f3f1cf75d7068baae','1234','mml19@spam.la','OPERATOR',0),(23,'operator3','operator3','นพ.เจริญ มีนสุข ','ed2b1f468c5f915f3f1cf75d7068baae','1234','mml20@spam.la','OPERATOR',0),(24,'operator4','operator4','คุณเฉลิมกุล อภิกุลโอภาส ','ed2b1f468c5f915f3f1cf75d7068baae','1234','mml21@spam.la','OPERATOR',0),(31,'sale1','sale1','นพ.วีระ อิงคภาสกร ','ed2b1f468c5f915f3f1cf75d7068baae','1234','mml28@spam.la','SALE',0),(32,'sale3','sale3','นพ.มานิตย์ จารุวรรณ ','ed2b1f468c5f915f3f1cf75d7068baae','1234','mml29@spam.la','SALE',0),(33,'sale4','sale4','พญ.ศศิธร พงษ์สามารถ ','ed2b1f468c5f915f3f1cf75d7068baae','1234','mml30@spam.la','SALE',0),(34,'sale2','sale2','นพ.เกตุ สายเพชร์ ','ed2b1f468c5f915f3f1cf75d7068baae','1234','mml31@spam.la','SALE',0),(41,'manufacture2','manufacture2','คุณไกรวิน ศรีไกรวิน ','ed2b1f468c5f915f3f1cf75d7068baae','1234','mml38@spam.la','MANUFACTURE',0),(42,'manufacture3','manufacture3','คุณธนา ถิรมนัส ','ed2b1f468c5f915f3f1cf75d7068baae','1234','mml39@spam.la','MANUFACTURE',0),(43,'manufacture1','manufacture1','นพ.อนันตศักดิ์ อภัยรัตน์ ','ed2b1f468c5f915f3f1cf75d7068baae','1234','mml40@spam.la','MANUFACTURE',0),(44,'manufacture4','manufacture4','นพ.ปรีชา เลิศศิวาพร ','ed2b1f468c5f915f3f1cf75d7068baae','1234','mml41@spam.la','MANUFACTURE',0),(51,'staff1','staff1','คุณสมชัย ชื่นจิตร ','ed2b1f468c5f915f3f1cf75d7068baae','1234','mml48@spam.la','CLINICIAN_STAFF',0),(52,'staff3','staff3','นพ.ภาวิต ปุญญฤทธ์ ','ed2b1f468c5f915f3f1cf75d7068baae','1234','mml49@spam.la','CLINICIAN_STAFF',0),(53,'staff2','staff2','นพ. เกริกยศ ชลายนเดชะ ','ed2b1f468c5f915f3f1cf75d7068baae','1234','mml50@spam.la','CLINICIAN_STAFF',0),(54,'staff4','staff4','นพ.ธวัชชัย เจริญวงศ์ ','ed2b1f468c5f915f3f1cf75d7068baae','1234','mml51@spam.la','CLINICIAN_STAFF',0);
/*!40000 ALTER TABLE `users` ENABLE KEYS */;
UNLOCK TABLES;
/*!40103 SET TIME_ZONE=@OLD_TIME_ZONE */;

/*!40101 SET SQL_MODE=@OLD_SQL_MODE */;
/*!40014 SET FOREIGN_KEY_CHECKS=@OLD_FOREIGN_KEY_CHECKS */;
/*!40014 SET UNIQUE_CHECKS=@OLD_UNIQUE_CHECKS */;
/*!40101 SET CHARACTER_SET_CLIENT=@OLD_CHARACTER_SET_CLIENT */;
/*!40101 SET CHARACTER_SET_RESULTS=@OLD_CHARACTER_SET_RESULTS */;
/*!40101 SET COLLATION_CONNECTION=@OLD_COLLATION_CONNECTION */;
/*!40111 SET SQL_NOTES=@OLD_SQL_NOTES */;

-- Dump completed on 2011-10-18 10:01:25
