# --------------------------------------------------------
# Host:                         127.0.0.1
# Server version:               5.5.8
# Server OS:                    Win32
# HeidiSQL version:             6.0.0.3603
# Date/time:                    2011-09-28 09:23:33
# --------------------------------------------------------

/*!40101 SET @OLD_CHARACTER_SET_CLIENT=@@CHARACTER_SET_CLIENT */;
/*!40101 SET NAMES utf8 */;
/*!40014 SET @OLD_FOREIGN_KEY_CHECKS=@@FOREIGN_KEY_CHECKS, FOREIGN_KEY_CHECKS=0 */;
/*!40101 SET @OLD_SQL_MODE=@@SQL_MODE, SQL_MODE='NO_AUTO_VALUE_ON_ZERO' */;

# Dumping structure for table mml.categories
DROP TABLE IF EXISTS `categories`;
CREATE TABLE IF NOT EXISTS `categories` (
  `id` bigint(11) NOT NULL DEFAULT '0',
  `parent_id` bigint(11) DEFAULT NULL,
  `name` varchar(100) DEFAULT NULL,
  `sel_rank` int(10) DEFAULT NULL,
  PRIMARY KEY (`id`),
  KEY `FK_categories_categories` (`parent_id`)
) ENGINE=MyISAM DEFAULT CHARSET=utf8;

# Dumping data for table mml.categories: 10 rows
/*!40000 ALTER TABLE `categories` DISABLE KEYS */;
INSERT INTO `categories` (`id`, `parent_id`, `name`, `sel_rank`) VALUES
	(1, 0, 'Compounded', 1),
	(2, 0, 'Dispensed', 10),
	(3, 1, 'Vitamin', 2),
	(4, 1, 'Micronutrient', 3),
	(5, 1, 'Antioxidant', 4),
	(6, 1, 'Amino Acid', 5),
	(7, 1, 'Weight Loss', 6),
	(8, 1, 'Digestive Support', 7),
	(9, 1, 'Immune', 8),
	(10, 1, 'Herbal Extract', 9);
/*!40000 ALTER TABLE `categories` ENABLE KEYS */;


# Dumping structure for table mml.configure
DROP TABLE IF EXISTS `configure`;
CREATE TABLE IF NOT EXISTS `configure` (
  `id` int(10) NOT NULL AUTO_INCREMENT,
  `name` varchar(500) DEFAULT NULL,
  `value` text,
  PRIMARY KEY (`id`)
) ENGINE=InnoDB AUTO_INCREMENT=10 DEFAULT CHARSET=utf8;

# Dumping data for table mml.configure: ~9 rows (approximately)
/*!40000 ALTER TABLE `configure` DISABLE KEYS */;
INSERT INTO `configure` (`id`, `name`, `value`) VALUES
	(1, 'company.name', 'บริษัท แมค แมคไลฟ์ จำกัด'),
	(2, 'company.address', '126/2 ซอยสุขุมวิท แขวงคลองเตยเหนือ เขตวัฒนา กทม. 10110'),
	(3, 'company.tel', 'โทร: 02-664-3003, 08-1685-8555 แฟกซ์: 02-664-3003'),
	(4, 'vat.percent', '0.07'),
	(5, 'vat.display', '7%'),
	(6, 'compny.name.en', 'Max MaxLife Co,Ltd.'),
	(7, 'company.tax.id', 'เลขประจำตัวผู้เสียภาษี 3032786478'),
	(8, 'order.batch.pattern', NULL),
	(9, 'order.uuid.pattern', NULL);
/*!40000 ALTER TABLE `configure` ENABLE KEYS */;


# Dumping structure for table mml.customers
DROP TABLE IF EXISTS `customers`;
CREATE TABLE IF NOT EXISTS `customers` (
  `id` bigint(11) NOT NULL,
  `clinician_id` bigint(11) DEFAULT NULL,
  `hospital_id` bigint(11) DEFAULT NULL,
  `account_name` varchar(500) DEFAULT NULL,
  `billing_address` varchar(500) DEFAULT NULL,
  `tel` varchar(500) DEFAULT NULL,
  `balance` decimal(20,4) DEFAULT NULL,
  `payment_terms` text,
  `logo_url` varchar(1000) DEFAULT NULL,
  PRIMARY KEY (`id`),
  KEY `customer_hospital` (`hospital_id`)
) ENGINE=MyISAM DEFAULT CHARSET=utf8;

# Dumping data for table mml.customers: 222 rows
/*!40000 ALTER TABLE `customers` DISABLE KEYS */;
INSERT INTO `customers` (`id`, `clinician_id`, `hospital_id`, `account_name`, `billing_address`, `tel`, `balance`, `payment_terms`, `logo_url`) VALUES
	(12, 4, 3, 'Some account', '112 ถ.ราชวิถี', NULL, 0.0000, NULL, NULL),
	(13, 5, 4, 'ดร.ทวีศักดิ์ มหชวโรจน์  @ รพ.กรุงเทพคริสเตียน ', '4664 fgsdfgsd', NULL, 0.0000, NULL, NULL),
	(14, 6, 5, 'พล.ร.ต.นพ.สุรเชษฐ สู่พานิช  @ รพ.กรุงธน ', NULL, NULL, 0.0000, NULL, NULL),
	(15, 7, 6, 'นพ.ไศล สุขพันธ์โพธาราม  @ รพ.กรุงธน2 ', NULL, NULL, -9300.0000, NULL, NULL),
	(16, 8, 7, 'นพ.สุวัฒน์ วิทยาคม  @ รพ.กรุณาพิทักษ์ ', NULL, NULL, -2417.0400, NULL, NULL),
	(17, 9, 8, 'คุณพูลชัย ชเนศร์  @ รพ.กล้วยน้ำไท ', NULL, NULL, 0.0000, NULL, NULL),
	(18, 10, 9, 'นพ.ฐิติ พัฒนกำจร  @ รพ.เกษมราษฎร์สุขาภิบาล3 ', NULL, NULL, 0.0000, NULL, NULL),
	(19, 11, 10, 'นพ.สุวิทย์ โฆษิตสุรังคกุล  @ รพ.เกษมราษฎร์ บางแค ', NULL, NULL, 0.0000, NULL, NULL),
	(20, 12, 11, 'นพ.ธวัชชัย วานิชกร  @ รพ.เกษมราษฎร์ ประชาชื่น ', NULL, NULL, 0.0000, NULL, NULL),
	(21, 13, 12, 'นพ.ชัยพฤกษ์ ปิยะเกศิน  @ รพ.คามิลเลียน ', NULL, NULL, 0.0000, NULL, NULL),
	(22, 14, 13, 'นพ.นพรัตน์ สุจริตจันทร์  @ รพ.จักษุ รัตนิน ', NULL, NULL, 0.0000, NULL, NULL),
	(23, 15, 14, 'นพ.จงเจตน์ อาวเจนพงษ์  @ รพ.เจตนิน ', NULL, NULL, 0.0000, NULL, NULL),
	(24, 16, 15, 'นพ.จำเริญ สรพิพัฒน์  @ รพ.เจ้าพระยา ', NULL, NULL, 0.0000, NULL, NULL),
	(25, 17, 16, 'นพ.สุชัย หยองอนุกูล์  @ รพ.เซนต์คาร์ลอส ', NULL, NULL, 0.0000, NULL, NULL),
	(26, 18, 17, 'ศ.นพ.จิตร สิทธิอมร  @ รพ.เซนต์หลุยส์ ', NULL, NULL, 0.0000, NULL, NULL),
	(27, 19, 18, 'พญ.ลักษมี ว่องกุศลกิจ  @ รพ.เซ็นทรัลเยนเนอรัล ', NULL, NULL, 0.0000, NULL, NULL),
	(28, 20, 19, 'นพ.สราวุธ อนันต์เศรษฐกุล  @ รพ.เดชา ', NULL, NULL, 0.0000, NULL, NULL),
	(29, 21, 20, 'นพ.ศุภชัย โชติบุตร  @ รพ.ตา หู คอ จมูก ', NULL, NULL, 0.0000, NULL, NULL),
	(30, 22, 21, 'ศ.นพ.เทพ หิมะทองคำ  @ รพ.เทพธารินทร์ ', NULL, NULL, 0.0000, NULL, NULL),
	(31, 23, 22, 'นพ.เจริญ มีนสุข  @ รพ.ไทยนครินทร์ ', NULL, NULL, 0.0000, NULL, NULL),
	(32, 24, 23, 'คุณเฉลิมกุล อภิกุลโอภาส  @ รพ.ธนบุรี ', NULL, NULL, 0.0000, NULL, NULL),
	(33, 25, 24, 'นพ.วิโรจน์ ตระการวิจิตร  @ รพ.นครธน ', NULL, NULL, 0.0000, NULL, NULL),
	(34, 26, 25, 'นพ.ประจักษ์ บุญจิตต์พิมล  @ รพ.นวมินทร์ ', NULL, NULL, 0.0000, NULL, NULL),
	(35, 27, 26, 'นพ.อรรคพาสน์ โอวาทตระกูล  @ รพ.นวมินทร์ 9 ', NULL, NULL, 0.0000, NULL, NULL),
	(36, 28, 27, 'พญ..เจรียง จันทรกมล  @ รพ.บางกอก 9 อินเตอร์เนชั่นแนล ', NULL, NULL, 0.0000, NULL, NULL),
	(37, 29, 28, 'พญ.ลินดา ไกรวิทย์  @ รพ.บางกอกเนอสซิ่งโฮม ', NULL, NULL, 0.0000, NULL, NULL),
	(38, 30, 29, 'นพ.ชุตินันท์ พรมมินทร์  @ รพ.บางนา ', NULL, NULL, 0.0000, NULL, NULL),
	(39, 31, 30, 'นพ.วีระ อิงคภาสกร  @ รพ.บางปะกอก 1 ', NULL, NULL, 0.0000, NULL, NULL),
	(40, 32, 31, 'นพ.มานิตย์ จารุวรรณ  @ รพ.บางปะกอก 2 บางบอน ', NULL, NULL, 0.0000, NULL, NULL),
	(41, 33, 32, 'พญ.ศศิธร พงษ์สามารถ  @ รพ.บางไผ่ ', NULL, NULL, 0.0000, NULL, NULL),
	(42, 34, 33, 'นพ.เกตุ สายเพชร์  @ รพ.บางโพ ', NULL, NULL, 0.0000, NULL, NULL),
	(43, 35, 34, 'นพ.สุรสิทธิ์ อัศดามงคล  @ รพ.บางมด ', NULL, NULL, 0.0000, NULL, NULL),
	(44, 36, 35, 'คุณแม็ค แบนเนอร์  @ รพ.บำรุงราษฎร์ ', NULL, NULL, 0.0000, NULL, NULL),
	(45, 37, 36, 'รออ.นพ.พิทักษ์ ฐานบัญชา  @ รพ.บีแคร์ ', NULL, NULL, 0.0000, NULL, NULL),
	(46, 38, 37, '   @ รพ.ปิยะเวท ', NULL, NULL, 0.0000, NULL, NULL),
	(47, 39, 38, 'นพ.พิชัย แพร่ภัทร  @ รพ.เปาโล เมโมเรียล ', NULL, NULL, 0.0000, NULL, NULL),
	(48, 40, 39, 'นพ.นพรัตน์ โง้วจุงดี  @ รพ.เปาโล เมโมเรียล โชคชัย 4 ', NULL, NULL, 0.0000, NULL, NULL),
	(49, 41, 40, 'คุณไกรวิน ศรีไกรวิน  @ รพ.พญาไท 1 ', NULL, NULL, 0.0000, NULL, NULL),
	(50, 42, 41, 'คุณธนา ถิรมนัส  @ รพ.พญาไท 2 ', NULL, NULL, -25750.0000, NULL, NULL),
	(51, 43, 42, 'นพ.อนันตศักดิ์ อภัยรัตน์  @ รพ.พญาไท 3 ', NULL, NULL, 0.0000, NULL, NULL),
	(52, 44, 43, 'นพ.ปรีชา เลิศศิวาพร  @ รพ.พระราม 2 ', NULL, NULL, 0.0000, NULL, NULL),
	(53, 45, 44, 'นพ.เสถียร ภู่ประเสริฐ  @ รพ.พระรามเก้า ', NULL, NULL, 0.0000, NULL, NULL),
	(54, 46, 45, 'นพ.พิชิต ยิ่งเจริญ  @ รพ.เพชรเกษม-บางแค ', NULL, NULL, 0.0000, NULL, NULL),
	(55, 47, 46, 'นพ.ชนะ ตันจันทร์พงษ์  @ รพ.เพชรเวช ', NULL, NULL, 0.0000, NULL, NULL),
	(56, 48, 47, 'นพ.สวัสดิ์ เถกิงเดช  @ รพ.แพทย์ปัญญา ', NULL, NULL, 0.0000, NULL, NULL),
	(57, 49, 48, 'นพ.เหรียญทอง แน่นหนา  @ รพ.มงกุฎวัฒนะ ', NULL, NULL, 0.0000, NULL, NULL),
	(58, 50, 49, 'นพ.ชูเกียรติ ศุภนันตฤกษ์  @ รพ.มเหสักข์ ', NULL, NULL, 0.0000, NULL, NULL),
	(59, 51, 50, 'คุณสมชัย ชื่นจิตร  @ รพ.มิชชั่น ', NULL, NULL, 0.0000, NULL, NULL),
	(60, 52, 51, 'นพ.ภาวิต ปุญญฤทธ์  @ รพ.เมโย ', NULL, NULL, 0.0000, NULL, NULL),
	(61, 53, 52, 'นพ. เกริกยศ ชลายนเดชะ  @ รพ.ยันฮี ', NULL, NULL, 0.0000, NULL, NULL),
	(62, 54, 53, 'นพ.ธวัชชัย เจริญวงศ์  @ รพ.เยาวรักษ์ ', NULL, NULL, 0.0000, NULL, NULL),
	(63, 55, 54, 'ทพ.เจิมพล ภูมิตระกูล  @ รพ.รามคำแหง ', NULL, NULL, 0.0000, NULL, NULL),
	(64, 56, 55, 'คุณนิตยา ปรีชายุทธ  @ รพ.ราษฎร์บูรณะ ', NULL, NULL, 0.0000, NULL, NULL),
	(65, 57, 56, 'นพ.วรพงศ์ จูตะวิริยะ  @ รพ.ลาดพร้าว ', NULL, NULL, 0.0000, NULL, NULL),
	(66, 58, 57, 'พล.ท.นพ.ณรงค์ รอดวรรณะ  @ รพ.วิชัยยุทธ ', NULL, NULL, 0.0000, NULL, NULL),
	(67, 59, 58, 'พล.ท.นพ.พร้อมพงษ์ พีระบูล  @ รพ.วิภาวดี ', NULL, NULL, 0.0000, NULL, NULL),
	(68, 60, 59, 'นพ.ไพบูลย์ เอกแสงศรี  @ รพ.วิภาราม ', NULL, NULL, 0.0000, NULL, NULL),
	(69, 61, 60, 'ร.อ.ชาคริต ศึกษากิจ  @ รพ.เวชธานี ', NULL, NULL, 0.0000, NULL, NULL),
	(70, 62, 61, 'นพ.ถนอมชัย คู่ทวีธรรม  @ รพ.ศรีวิชัย 1 ', NULL, NULL, 0.0000, NULL, NULL),
	(71, 63, 62, 'นพ.สุรพล โล่สิริวัฒน์  @ รพ.ศรีวิชัย 2 ', NULL, NULL, 0.0000, NULL, NULL),
	(72, 64, 63, 'นพ.นิพนธ์ ธีราโมก  @ รพ.เปาโลเมโมเรียล นวมินทร์ ', NULL, NULL, 0.0000, NULL, NULL),
	(73, 65, 64, 'นพ.ธงชัย ฉัตรยิ่งมงคล  @ รพ.ศิครินทร์ ', NULL, NULL, 0.0000, NULL, NULL),
	(74, 66, 65, 'นพ.เทอดศักดิ์ ปรมากูล  @ รพ.ศูนย์มะเร็งกรุงเทพฯ ', NULL, NULL, 0.0000, NULL, NULL),
	(75, 67, 66, 'นพ.โชคชัย จารุศิริพิพัฒน์  @ รพ.สมิติเวช สุขุมวิท ', NULL, NULL, 0.0000, NULL, NULL),
	(76, 68, 67, 'นพ.ดุลย์ ดำรงศักดิ์  @ รพ.สมิติเวชศรีนครินทร์ ', NULL, NULL, 0.0000, NULL, NULL),
	(77, 69, 68, 'น.ท.พญ.ลักษมี ว่องกุศลกิจ  @ รพ.สายไหม ', NULL, NULL, 0.0000, NULL, NULL),
	(78, 70, 69, 'นพ.ศิริพงษ์ เหลืองวารินกุล  @ รพ.สินแพทย์ ', NULL, NULL, 0.0000, NULL, NULL),
	(79, 71, 70, 'นพ.ดาวิน นารูลา  @ รพ.สุขุมวิท ', NULL, NULL, 0.0000, NULL, NULL),
	(80, 72, 71, 'นพ.พรชัย ตั้งลัคนวาณิชย์  @ รพ.หัวเฉียว ', NULL, NULL, 0.0000, NULL, NULL),
	(81, 73, 72, 'นพ.ไกรสิทธิ์ นฤขัตพิชัย  @ รพ.มนารมย์ ', NULL, NULL, 0.0000, NULL, NULL),
	(82, 74, 73, 'นพ.ตุลวรรธน์ พัชราภา  @ รพ.เกษมราษฎร์รัตนาธิฯ ', NULL, NULL, 0.0000, NULL, NULL),
	(83, 75, 74, 'คุณกมลวรรณ ลักษณะกาญจน์  @ รพ.แม่น้ำ ', NULL, NULL, 0.0000, NULL, NULL),
	(84, 76, 75, 'นพ.พรมพันธ์ พรมมาส  @ รพ.นนทเวช ', NULL, NULL, 0.0000, NULL, NULL),
	(85, 77, 76, 'นพ.อนันต์ ธรรมจำรัสศรี  @ รพ.อนันต์พัฒนา 2 ', NULL, NULL, 0.0000, NULL, NULL),
	(86, 78, 77, 'นพ.สุชัย หยองอนุกูล  @ รพ.กรุงสยามเซนต์คาร์ลอส ', NULL, NULL, 0.0000, NULL, NULL),
	(87, 79, 78, 'นพ.กฤชรัตน์ ตระกูลช่าง  @ รพ.แพทย์รังสิต ', NULL, NULL, 0.0000, NULL, NULL),
	(88, 80, 79, 'คุณพูนศักดิ์ จรูญศิริ  @ รพ.ภัทร-ธนบุรี ', NULL, NULL, 0.0000, NULL, NULL),
	(89, 81, 80, 'นพ.สุนทร อันตรเสน  @ รพ.เอกปทุม ', NULL, NULL, 0.0000, NULL, NULL),
	(90, 82, 81, 'นพ.ส่งเสริม พานิชาภรณ์  @ รพ.นวนครการแพทย์ ', NULL, NULL, 0.0000, NULL, NULL),
	(91, 83, 82, 'นพ.สุธีร์ สทุมถิระ  @ รพ.ปทุมเวช ', NULL, NULL, 0.0000, NULL, NULL),
	(92, 84, 83, 'นพ.บุญชัย อิศราพิสิษฐ์  @ รพ.ราชธานี ', NULL, NULL, 0.0000, NULL, NULL),
	(93, 85, 84, 'คุณวิโรจน์ อภิสิทธิ์วิทยา  @ รพ.ศุภมิตรเสนา ', NULL, NULL, 0.0000, NULL, NULL),
	(94, 86, 85, 'นพ.ณรงค์ฤทธิ์ ฮาวรังษี  @ รพ.กรุงเทพพระประแดง ', NULL, NULL, 0.0000, NULL, NULL),
	(95, 86, 211, 'นพ.ณรงค์ฤทธิ์ ฮาวรังษี  @ รพ.กรุงเทพหาดใหญ่ ', NULL, NULL, 0.0000, NULL, NULL),
	(96, 87, 86, 'นพ.กำพล พลัสสินทร์  @ รพ.จุฬารัตน์ ', NULL, NULL, 0.0000, NULL, NULL),
	(97, 87, 87, 'นพ.กำพล พลัสสินทร์  @ รพ.จุฬารัตน์ 3 ', NULL, NULL, 0.0000, NULL, NULL),
	(98, 88, 86, 'นพ.กำพล พลัสสินทร์  @ รพ.จุฬารัตน์ ', NULL, NULL, 0.0000, NULL, NULL),
	(99, 88, 87, 'นพ.กำพล พลัสสินทร์  @ รพ.จุฬารัตน์ 3 ', NULL, NULL, 0.0000, NULL, NULL),
	(100, 89, 88, 'นพ.ยุทธนา สงวนศักดิ์โกศล  @ รพ.จุฬารัตน์ 9 ', NULL, NULL, -2045.0000, NULL, NULL),
	(101, 90, 89, 'นพ.ภาสกร รักษ์กุล  @ รพ.ชัยปราการ ', NULL, NULL, 0.0000, NULL, NULL),
	(102, 91, 90, 'นพ.อนันต์ อธิพันธุ์อำไพ  @ รพ.เซ็นทรัลปาร์ค ', NULL, NULL, 0.0000, NULL, NULL),
	(103, 92, 91, 'นพ.นิคม ศิริชัย  @ รพ.บางปะกอก 3 ', NULL, NULL, 0.0000, NULL, NULL),
	(104, 93, 92, 'นพ.ต่อพงศ์ อัศวิษณุ  @ รพ.ปิยะมินทร์ ', NULL, NULL, 0.0000, NULL, NULL),
	(105, 94, 93, 'นพ.พิพัฒน์ พงศ์รัตนามาน  @ รพ.เมืองสมุทร ', NULL, NULL, 0.0000, NULL, NULL),
	(106, 94, 94, 'นพ.พิพัฒน์ พงศ์รัตนามาน  @ รพ.เมืองสมุทรปู่เจ้าฯ ', NULL, NULL, 0.0000, NULL, NULL),
	(107, 95, 93, 'นพ.พิพัฒน์ พงศ์รัตนามาน  @ รพ.เมืองสมุทร ', NULL, NULL, 0.0000, NULL, NULL),
	(108, 95, 94, 'นพ.พิพัฒน์ พงศ์รัตนามาน  @ รพ.เมืองสมุทรปู่เจ้าฯ ', NULL, NULL, 0.0000, NULL, NULL),
	(109, 96, 95, 'คุณธนวัฒน์ ทวีชัยถาวร  @ รพ.รวมชัยประชารักษ์ ', NULL, NULL, 0.0000, NULL, NULL),
	(110, 97, 96, 'นพ.เขตโสภณ จัตวัฒนกุล  @ รพ.รัทรินทร์ ', NULL, NULL, 0.0000, NULL, NULL),
	(111, 98, 97, 'นพ.โอภาส สินเพิ่มสุขสกุล  @ รพ.เปาโลเมโมเรียล สมุทรปราการ ', NULL, NULL, 0.0000, NULL, NULL),
	(112, 99, 98, 'นพ.ศิริพงษ์ วิทยเลิศปัญญา  @ รพ.สำโรงการแพทย์ ', NULL, NULL, 0.0000, NULL, NULL),
	(113, 100, 99, 'นพ.สุเทพ วัตถุศิลป์  @ รพ.รวมแพทย์ ชัยนาท ', NULL, NULL, 0.0000, NULL, NULL),
	(114, 101, 100, 'นพ.พงษ์เทพ เลิศสุวรรณสิทธิ์  @ รพ.สุวรรณเวช ', NULL, NULL, 0.0000, NULL, NULL),
	(115, 102, 101, 'นพ.วราศักดิ์ ไกรฤกษ์  @ รพ.เบญจรมย์ ', NULL, NULL, 0.0000, NULL, NULL),
	(116, 103, 102, 'พญ.วรินทร อัศวนิก  @ รพ.เมืองนารายณ์ ', NULL, NULL, 0.0000, NULL, NULL),
	(117, 104, 103, 'นพ.สมเจษฎ์ ไกรโรจนานันท์  @ รพ.เกษมราษฎร์ สระบุรี ', NULL, NULL, 0.0000, NULL, NULL),
	(118, 105, 104, 'นพ.พนม สนิทประชากร  @ รพ.มิตรภาพ เมโมเรียล ', NULL, NULL, 0.0000, NULL, NULL),
	(119, 106, 105, 'คุณไชยวัฒน์ วีระสมบัติ  @ รพ.คริสเตียนไชยวัฒน์ ', NULL, NULL, 0.0000, NULL, NULL),
	(120, 107, 106, 'นพ.ประเจิด สุรีย์จามร  @ รพ.สิงห์บุรีเวชการ ', NULL, NULL, 0.0000, NULL, NULL),
	(121, 108, 107, 'นพ.วิวัฒน์ กิตติวัฒนโชติ  @ รพ.ธนบุรี-อู่ทอง ', NULL, NULL, 0.0000, NULL, NULL),
	(122, 109, 108, 'นพ.สำเริง ศรีผุดผ่อง  @ รพ.หมอสำเริง ', NULL, NULL, 0.0000, NULL, NULL),
	(123, 110, 109, 'นพ.บุญชัย บุญแสง  @ รพ.พรชัย ', NULL, NULL, 0.0000, NULL, NULL),
	(124, 111, 110, 'นพ.เมธ โชคชัยชาญ  @ รพ.ศุภมิตร ', NULL, NULL, 0.0000, NULL, NULL),
	(125, 112, 111, 'นพ.ทรงกิจ สุทธิกาญจน์  @ รพ.ปิยราษฎร์ ', NULL, NULL, 0.0000, NULL, NULL),
	(126, 113, 112, 'นพ.จารุวัฑ ใช้ความเพียร  @ รพ.กรุงเทพจันทบุรี ', NULL, NULL, 0.0000, NULL, NULL),
	(127, 114, 113, 'นพ.กำธร ศิริธัญญาลักษณ์  @ รพ.สิริเวช ', NULL, NULL, 0.0000, NULL, NULL),
	(128, 115, 114, 'พญ.ชุติมา ปิ่นเจริญ  @ รพ.จุฬารัตน์ 11 ', NULL, NULL, 0.0000, NULL, NULL),
	(129, 116, 115, 'นพ.การุณ พุทธภาวนา  @ รพ.โสธราเวช ', NULL, NULL, 0.0000, NULL, NULL),
	(130, 117, 116, 'นพ.พิชิต กังวลกิจ  @ รพ.กรุงเทพพัทยา ', NULL, NULL, 0.0000, NULL, NULL),
	(131, 118, 117, 'พญ.วิมล สุรินทราบูรณ์  @ รพ.ชลเวช ', NULL, NULL, 0.0000, NULL, NULL),
	(132, 119, 118, 'นพ.ธนาคม แมนธนานนท์  @ รพ.พญาไทศรีราชา ', NULL, NULL, 0.0000, NULL, NULL),
	(133, 120, 119, 'นพ.สมเกียรติ ธนไพศาลพิพัฒน์  @ รพ.พัทยาเมโมเรียล ', NULL, NULL, 0.0000, NULL, NULL),
	(134, 121, 120, 'คุณอุไรวรรณ เทพนมรัตน์  @ รพ.พัทยาอินเตอร์ ', NULL, NULL, 0.0000, NULL, NULL),
	(135, 122, 121, 'นพ.ชัยรัตน์ ปัณฑุรอัมพร  @ รพ.สมิติเวช ศรีราชา ', NULL, NULL, 0.0000, NULL, NULL),
	(136, 123, 122, 'ผศ.รังสรรค์ สุฉันทบุตร  @ รพ.แหลมฉบังอินเตอร์ ', NULL, NULL, 0.0000, NULL, NULL),
	(137, 124, 123, 'นพ.จรัล ใจแพทย์  @ รพ.เอกชล ', NULL, NULL, 0.0000, NULL, NULL),
	(138, 125, 124, 'นพ.สานิตย์ ชากฤษณ์  @ รพ.เอกชล 2 ', NULL, NULL, 0.0000, NULL, NULL),
	(139, 126, 125, 'พญ.สุดจิต ลิขสิทธิ์ศุภการ  @ รพ.กรุงเทพตราด ', NULL, NULL, 0.0000, NULL, NULL),
	(140, 127, 126, 'นพ.นิยม สลิสอำไพ  @ รพ.มงกุฎ ระยอง ', NULL, NULL, 0.0000, NULL, NULL),
	(141, 128, 127, 'นพ.กริช สัตยบุตร  @ รพ.รวมแพทย์ระยอง ', NULL, NULL, 0.0000, NULL, NULL),
	(142, 129, 128, 'นพ.วิโรจน์ ดิเรกสถาพร  @ รพ.กรุงเทพคริสเตียน ', NULL, NULL, 0.0000, NULL, NULL),
	(143, 130, 129, 'นพ.วรวิทย์ วัชโรทยางกูร  @ รพ.เทพากร ', NULL, NULL, 0.0000, NULL, NULL),
	(144, 131, 130, 'นพ.จรัสพงษ์ ทังสุบุตร  @ รพ.ศาลายา ', NULL, NULL, 0.0000, NULL, NULL),
	(145, 132, 131, 'นพ.ทรงชัย ศรีโรจนกุล  @ รพ.สนามจันทร์ ', NULL, NULL, 0.0000, NULL, NULL),
	(146, 133, 132, 'นพ.เอกลาภ ทองบริสุทธิ์  @ รพ.ซาน เปา โล หัวหิน ', NULL, NULL, 0.0000, NULL, NULL),
	(147, 134, 133, 'ภญ.รพีพร กิตติวงศ์โสภณ  @ รพ.เมืองเพชร-ธนบุรี ', NULL, NULL, 0.0000, NULL, NULL),
	(148, 135, 134, 'นพ.สัมฤทธิ์ สินธัญญาธรรม  @ รพ.เพชรรัชต์ ', NULL, NULL, 0.0000, NULL, NULL),
	(149, 136, 135, 'คุณจิรวัฒน์ สุจิรานุธรรม  @ รพ.ซานคามิลโล ', NULL, NULL, 0.0000, NULL, NULL),
	(150, 137, 136, 'นพ.ประสงค์ ประภาวงศ์  @ รพ.พร้อมแพทย์ ', NULL, NULL, 0.0000, NULL, NULL),
	(151, 138, 137, 'นพ.กมิล ปั้นประสงค์  @ รพ.เมืองราช ', NULL, NULL, 0.0000, NULL, NULL),
	(152, 139, 138, 'พญ.สุวรรณา ชูพิศาลยโรจน์  @ รพ.แม่กลอง 2 ', NULL, NULL, 0.0000, NULL, NULL),
	(153, 140, 139, 'นพ.อิทธิ ฉันศิริกาญจน  @ รพ.มหาชัย ', NULL, NULL, 0.0000, NULL, NULL),
	(154, 141, 140, 'พญ.ดาวัลย์ อนุวุฒินาวิน  @ รพ.มหาชัย 2 ', NULL, NULL, 0.0000, NULL, NULL),
	(155, 142, 141, 'นพ.พงษ์ศักดิ์ วัฒนา  @ รพ.ศรีวิชัย 3 ', NULL, NULL, 0.0000, NULL, NULL),
	(156, 143, 142, 'พญ.สายสุนี วรรณดุรงค์วรรณ  @ รพ.ศรีวิชัย 5 ', NULL, NULL, 0.0000, NULL, NULL),
	(157, 144, 143, 'นพ.เกรียงไกร จีระแพทย์  @ รพ.เอกชัย ', NULL, NULL, 0.0000, NULL, NULL),
	(158, 145, 144, 'นพ.โกวิท คำพิทักษ์  @ รพ.บัวใหญ่รวมแพทย์ ', NULL, NULL, 0.0000, NULL, NULL),
	(159, 146, 145, 'นพ.ประณีต สงวนตระกูล  @ รพ.ป.แพทย์ ', NULL, NULL, 0.0000, NULL, NULL),
	(160, 147, 146, 'นพ.ธนรัชต์ สมุทรเพชร  @ รพ.กรุงเทพราชสีมา ', NULL, NULL, 0.0000, NULL, NULL),
	(161, 148, 147, 'นพ.บรรพต พึ่งชัยพัฒน์  @ รพ.เซ็นต์เมรี่ ', NULL, NULL, 0.0000, NULL, NULL),
	(162, 149, 148, 'นพ.วรพงษ์ ศักดิ์ศิรินุกูล  @ รพ.เอกชนบุรีรัมย์ ', NULL, NULL, 0.0000, NULL, NULL),
	(163, 150, 149, 'นพ.อิสระ อริยะชัยพาณิชย์  @ รพ.รวมแพทย์สุรินทร์(หมออนันต์) ', NULL, NULL, 0.0000, NULL, NULL),
	(164, 151, 150, 'นพ.ธีรวัฒน์ ร่มไทรทอง  @ รพ.ธีรวัฒน์ ', NULL, NULL, 0.0000, NULL, NULL),
	(165, 152, 151, 'นพ.สมชาย กิตติพงษ์หรรษา  @ รพ.ขอนแก่นราม ', NULL, NULL, 0.0000, NULL, NULL),
	(166, 153, 152, 'นพ.ธีระวัฒน์ ศรีนัครินทร์  @ รพ.ราชพฤกษ์ ', NULL, NULL, 0.0000, NULL, NULL),
	(167, 154, 153, 'คุณอนัญพร พูลนิติพร  @ รพ.เวชประสิทธิ์ ', NULL, NULL, 0.0000, NULL, NULL),
	(168, 155, 154, 'นพ.บุญชัย จิตตนาสวัสดิ์  @ รพ.เมืองเลยราม ', NULL, NULL, 0.0000, NULL, NULL),
	(169, 156, 155, 'คุณสมคิด ปิยะธรรมวุฒิกุล  @ รพ.รักษ์สกล ', NULL, NULL, 0.0000, NULL, NULL),
	(170, 157, 156, 'พญ.ศุภวรรณ ตั้งสืบกุล  @ รพ.นอร์ทอีสเทร์น-วัฒนา ', NULL, NULL, 0.0000, NULL, NULL),
	(171, 158, 157, 'นพ.ปัญญา อยู่ประเสริฐ  @ รพ.ปัญญาเวช ', NULL, NULL, 0.0000, NULL, NULL),
	(172, 159, 158, 'คุณวิเชียร ชมดง  @ รพ.เอกอุดร ', NULL, NULL, 0.0000, NULL, NULL),
	(173, 160, 159, 'นพ.ธีระยุทธ นิยากูล  @ รพ.มุกดาหารอินเตอร์ ', NULL, NULL, 0.0000, NULL, NULL),
	(174, 161, 160, 'นพ.หาญ สุฉันทบุตร  @ รพ.นายแพทย์หาญ ', NULL, NULL, 0.0000, NULL, NULL),
	(175, 161, 161, 'นพ.หาญ สุฉันทบุตร  @ รพ.ยโสธรรวมแพทย์ ', NULL, NULL, 0.0000, NULL, NULL),
	(176, 162, 160, 'นพ.หาญ สุฉันทบุตร  @ รพ.นายแพทย์หาญ ', NULL, NULL, 0.0000, NULL, NULL),
	(177, 162, 161, 'นพ.หาญ สุฉันทบุตร  @ รพ.ยโสธรรวมแพทย์ ', NULL, NULL, 0.0000, NULL, NULL),
	(178, 163, 162, 'พญ.กฤษณา โฆษิตจิรนันท์  @ รพ.กรุงเทพจุรีเวช ', NULL, NULL, 0.0000, NULL, NULL),
	(179, 164, 163, 'ภก.สมพร จึงศิรกุลวิทย์  @ รพ.ประชารักษ์ ', NULL, NULL, 0.0000, NULL, NULL),
	(180, 165, 164, 'นพ.สุรชัย สุพันธมาตย์  @ รพ.อุบลรักษ์ ธนบุรี ', NULL, NULL, 0.0000, NULL, NULL),
	(181, 166, 165, 'นพ.นภดล ลุประสงค์  @ รพ.แพทย์บัณฑิต ', NULL, NULL, 0.0000, NULL, NULL),
	(182, 167, 166, 'นพ.กิตติ ตั้งบรรเจิดสุข  @ รพ.รวมแพทย์ นครสวรรค์ ', NULL, NULL, 0.0000, NULL, NULL),
	(183, 168, 167, 'นพ.ชวลิต วิมลเฉลา  @ รพ.ศรีสวรรค์ ', NULL, NULL, 0.0000, NULL, NULL),
	(184, 169, 168, 'นพ.วิสิทธิ์ อวิรุทธ์นันท์  @ รพ.ปากน้ำโพ ', NULL, NULL, 0.0000, NULL, NULL),
	(185, 170, 169, 'นพ.พรชัย สัตยาประเสริฐ  @ รพ.ร่มฉัตร ', NULL, NULL, 0.0000, NULL, NULL),
	(186, 171, 170, 'พญ.สุรางค์รัตน์ วรรธนภูติ  @ รพ.รัตนเวช นครสวรรค์ ', NULL, NULL, 0.0000, NULL, NULL),
	(187, 172, 171, 'นพ.สุชาติ กุละพัฒน์  @ รพ.พัฒนเวชสุโขทัย ', NULL, NULL, 0.0000, NULL, NULL),
	(188, 173, 172, 'นพ.พจนารถ จันทโรจวงศ์  @ รพ.รวมแพทย์สุโขทัย ', NULL, NULL, 0.0000, NULL, NULL),
	(189, 174, 173, 'คุณบุญเลิศ คำนึงสิทธิ  @ รพ.ตะพานหินรวมแพทย์ ', NULL, NULL, 0.0000, NULL, NULL),
	(190, 175, 174, 'นพ.เสริมสุข เหลาหชัยอรุณ  @ รพ.สหเวชพิจิตร ', NULL, NULL, 0.0000, NULL, NULL),
	(191, 176, 175, 'นพ.สุเทพ นิ่มพิทักษ์พงศ์  @ รพ.พิษณุเวช ', NULL, NULL, 0.0000, NULL, NULL),
	(192, 177, 176, 'นพ.พีระเชษฐ์ ภู่เกียรติ  @ รพ.รวมแพทย์ พิษณุโลก ', NULL, NULL, 0.0000, NULL, NULL),
	(193, 178, 177, 'นพ.อุดม วาริทนันท์  @ รพ.รัตนเวช พิษณุโลก ', NULL, NULL, 0.0000, NULL, NULL),
	(194, 179, 178, 'นพ.ยงยศ จริยวิทยาวัฒน์  @ รพ.อินเตอร์เวชการ ', NULL, NULL, 0.0000, NULL, NULL),
	(195, 180, 179, 'นพ.พิเชษฐ์ อิศวสัมฤทธิ์  @ รพ.นครหล่ม ', NULL, NULL, 0.0000, NULL, NULL),
	(196, 181, 180, 'ทพ.ประจวบ จันทรคิด  @ รพ.เพชรรัตน์ ', NULL, NULL, 0.0000, NULL, NULL),
	(197, 182, 181, 'นพ.สถาปน์ ชินวงศ์  @ รพ.แพร่คริสเตียน ', NULL, NULL, 0.0000, NULL, NULL),
	(198, 183, 182, 'นพ.วรชัย วงศ์วรกุล  @ รพ.แพร่-ราม ', NULL, NULL, 0.0000, NULL, NULL),
	(199, 184, 183, 'นพ.สมชัย ตั้งพร้อมพันธ์  @ รพ.เกษมราษฎร์ศรีบุรินทร์ ', NULL, NULL, 0.0000, NULL, NULL),
	(200, 185, 184, 'นพ.วิฑูรย์ ยงเมธาวุฒิ  @ รพ.โอเวอร์บรุ๊ค ', NULL, NULL, 0.0000, NULL, NULL),
	(201, 186, 185, 'นพ.อำนวย ชิงชยานุรักษ์  @ รพ.ช้างเผือก ', NULL, NULL, 0.0000, NULL, NULL),
	(202, 187, 186, 'นพ.ศยาม เวศกิจกุล  @ รพ.เชียงใหม่ใกล้หมอ ', NULL, NULL, 0.0000, NULL, NULL),
	(203, 188, 187, 'นพ.วรพันธ์ อุณจักร  @ รพ.เชียงใหม่ราม ', NULL, NULL, 0.0000, NULL, NULL),
	(204, 188, 189, 'นพ.วรพันธ์ อุณจักร  @ รพ.เทพปัญญา ', NULL, NULL, 0.0000, NULL, NULL),
	(205, 189, 188, 'คุณวรัญญา เลี้ยงลักษณ์เลิศ  @ รพ.เซ็นทรัลเชียงใหม่ ', NULL, NULL, 0.0000, NULL, NULL),
	(206, 190, 187, 'นพ.วรพันธ์ อุณจักร  @ รพ.เชียงใหม่ราม ', NULL, NULL, 0.0000, NULL, NULL),
	(207, 190, 189, 'นพ.วรพันธ์ อุณจักร  @ รพ.เทพปัญญา ', NULL, NULL, 0.0000, NULL, NULL),
	(208, 191, 190, 'tนพ.อดุล วรินทรเวช  @ รพ.แมคคอร์มิค ', NULL, NULL, 0.0000, NULL, NULL),
	(209, 192, 191, 'นพ.สมชาย อบบุญ  @ รพ.แมคเคน ', NULL, NULL, 0.0000, NULL, NULL),
	(210, 193, 192, 'นพ.สุมิน พฤกษิกานนท์  @ รพ.รวมแพทย์ เชียงใหม่ ', NULL, NULL, 0.0000, NULL, NULL),
	(211, 194, 193, 'ศ.นพ.ชาลี พรพัฒน์กุล  @ รพ.ราชเวชเชียงใหม่ ', NULL, NULL, 0.0000, NULL, NULL),
	(212, 195, 194, 'นพ.ดุสิต ศรีสกุล  @ รพ.ลานนา ', NULL, NULL, 0.0000, NULL, NULL),
	(213, 196, 195, 'นพ.ฐานิสร์ กาญจนรัตนากร  @ รพ.พะเยาราม ', NULL, NULL, 0.0000, NULL, NULL),
	(214, 197, 196, 'นพ.บุญจง ชูชัยแสงรัตน์  @ รพ.เขลางค์ ', NULL, NULL, 0.0000, NULL, NULL),
	(215, 198, 197, 'นพ.วัชระ สนธิชัย  @ รพ.หริภุญชัยเมโมเรียล ', NULL, NULL, 0.0000, NULL, NULL),
	(216, 199, 198, 'นพ.ประสิทธิ์ วิรัชสุขสมบัติ  @ รพ.วิรัชศิลป์ ', NULL, NULL, 0.0000, NULL, NULL),
	(217, 200, 199, 'นพ.ปรีชา มิตรกูล  @ รพ.นครคริสเตียน ', NULL, NULL, 0.0000, NULL, NULL),
	(218, 201, 200, 'นพ.พรชัย ลีานิพนธ์  @ รพ.นครพัฒน์ ', NULL, NULL, 0.0000, NULL, NULL),
	(219, 202, 201, 'นพ.วิเชียร วิชานศวกุล  @ รพ.นครินทร์ ', NULL, NULL, 0.0000, NULL, NULL),
	(220, 203, 202, 'พญ.กษมาพร เที่ยงธรรม  @ รพ.รวมแพทย์ทุ่งสง ', NULL, NULL, 0.0000, NULL, NULL),
	(221, 204, 203, 'นพ.ก้องเกียรติ เกษเพ็ชร  @ รพ.กรุงเทพภูเก็ต ', NULL, NULL, 0.0000, NULL, NULL),
	(222, 205, 204, 'นพ.อนุโรจน์ ธารสิริโรจน์  @ รพ.สิริโรจน์ ', NULL, NULL, 0.0000, NULL, NULL),
	(223, 206, 205, 'นพ.บรรจบ มานะกุล  @ รพ.ทักษิณ ', NULL, NULL, 0.0000, NULL, NULL),
	(224, 207, 206, 'คุณกริชพงศ์ เค้าอุทัย  @ รพ.ไทยอินเตอร์เนชั่นแนล ', NULL, NULL, 0.0000, NULL, NULL),
	(225, 208, 207, 'นพ.ชุมโชค จันทร์วิเมลือง  @ รพ.บ้านดอนอินเตอร์ เกาะสมุย ', NULL, NULL, 0.0000, NULL, NULL),
	(226, 209, 208, 'นพ.สมชัย เจียรนัยศิลป์  @ รพ.ตรังรวมแพทย์ ', NULL, NULL, 0.0000, NULL, NULL),
	(227, 210, 209, 'นพ.วิศิษฐ์ อมรวิทยารักษ์  @ รพ.วัฒนแพทย์ตรัง ', NULL, NULL, 0.0000, NULL, NULL),
	(228, 211, 210, 'พญ.ศศินี โภคโต  @ รพ.รวมแพทย์พัทลุง ', NULL, NULL, 0.0000, NULL, NULL),
	(229, 212, 85, 'นพ.ณรงค์ฤทธิ์ ฮาวรังษี  @ รพ.กรุงเทพพระประแดง ', NULL, NULL, 0.0000, NULL, NULL),
	(230, 212, 211, 'นพ.ณรงค์ฤทธิ์ ฮาวรังษี  @ รพ.กรุงเทพหาดใหญ่ ', NULL, NULL, 0.0000, NULL, NULL),
	(231, 213, 212, 'นพ.จำลอง บ่อเกิด  @ รพ.มูลนิธิมิตรภาพสามัคคี ', NULL, NULL, 0.0000, NULL, NULL),
	(232, 214, 213, 'คุณปิยพล ศรียะพันธุ์  @ รพ.ราษฎร์ยินดี ', NULL, NULL, 0.0000, NULL, NULL),
	(233, 215, 214, 'นพ.อาคเนย์ สุขอยู่  @ รพ.ศิครินทร์หาดใหญ่ ', NULL, NULL, 0.0000, NULL, NULL);
/*!40000 ALTER TABLE `customers` ENABLE KEYS */;


# Dumping structure for table mml.deliveries
DROP TABLE IF EXISTS `deliveries`;
CREATE TABLE IF NOT EXISTS `deliveries` (
  `id` int(11) NOT NULL,
  PRIMARY KEY (`id`)
) ENGINE=MyISAM DEFAULT CHARSET=utf8 COMMENT='D/O';

# Dumping data for table mml.deliveries: 0 rows
/*!40000 ALTER TABLE `deliveries` DISABLE KEYS */;
/*!40000 ALTER TABLE `deliveries` ENABLE KEYS */;


# Dumping structure for table mml.hospitals
DROP TABLE IF EXISTS `hospitals`;
CREATE TABLE IF NOT EXISTS `hospitals` (
  `id` int(11) NOT NULL AUTO_INCREMENT,
  `name` varchar(500) DEFAULT NULL,
  `contact_person` varchar(500) DEFAULT NULL,
  `tel_1` varchar(500) DEFAULT NULL,
  `fax` varchar(500) DEFAULT NULL,
  `province` varchar(500) DEFAULT NULL,
  PRIMARY KEY (`id`)
) ENGINE=MyISAM AUTO_INCREMENT=216 DEFAULT CHARSET=utf8;

# Dumping data for table mml.hospitals: 212 rows
/*!40000 ALTER TABLE `hospitals` DISABLE KEYS */;
INSERT INTO `hospitals` (`id`, `name`, `contact_person`, `tel_1`, `fax`, `province`) VALUES
	(3, '﻿รพ.กรุงเทพ ', 'นพ.สมชาย จันทร์สว่าง ', 'โทร. 0-2318-0066 ', 'โทรสาร. 0-2310-3327 ', 'กรุงเทพมหานคร\r'),
	(4, 'รพ.กรุงเทพคริสเตียน ', 'มัคนายก ดร.ทวีศักดิ์ มหชวโรจน์(รักษาการ) ', 'โทร. 0-2233-6981-7 ', 'โทรสาร. 0-2236-2911 ', 'กรุงเทพมหานคร\r'),
	(5, 'รพ.กรุงธน ', 'พล.ร.ต.นพ.สุรเชษฐ สู่พานิช ', 'โทร. 0-2438-0041-5 ', 'โทรสาร. 0-2438-5642 ', 'กรุงเทพมหานคร\r'),
	(6, 'รพ.กรุงธน2 ', 'นพ.ไศล สุขพันธ์โพธาราม ', 'โทร. 0-2847-6767 ', 'โทรสาร. 0-2427-4070 ', 'กรุงเทพมหานคร\r'),
	(7, 'รพ.กรุณาพิทักษ์ ', 'นพ.สุวัฒน์ วิทยาคม ', 'โทร. 0-22866793-5 ', 'โทรสาร. 0-2678-3004 ', 'กรุงเทพมหานคร\r'),
	(8, 'รพ.กล้วยน้ำไท ', 'คุณพูลชัย ชเนศร์ ', 'โทร. 0-2769-2000 ', 'โทรสาร. 0-2381-2769 ', 'กรุงเทพมหานคร\r'),
	(9, 'รพ.เกษมราษฎร์สุขาภิบาล3 ', 'นพ.ฐิติ พัฒนกำจร ', 'โทร. 0-2729-3000 ', 'โทรสาร. 0-2729-5050 ', 'กรุงเทพมหานคร\r'),
	(10, 'รพ.เกษมราษฎร์ บางแค ', 'นพ.สุวิทย์ โฆษิตสุรังคกุล ', 'โทร. 0-2454-1915-8 ', 'โทรสาร. 0-2454-1914 ', 'กรุงเทพมหานคร\r'),
	(11, 'รพ.เกษมราษฎร์ ประชาชื่น ', 'นพ.ธวัชชัย วานิชกร ', 'โทร. 0-2910-1600 ', 'โทรสาร. 0-2910-1649 ', 'กรุงเทพมหานคร\r'),
	(12, 'รพ.คามิลเลียน ', 'นพ.ชัยพฤกษ์ ปิยะเกศิน ', 'โทร. 0-2391-0136 ', 'โทรสาร. 0-2185-1403 ', 'กรุงเทพมหานคร\r'),
	(13, 'รพ.จักษุ รัตนิน ', 'นพ.นพรัตน์ สุจริตจันทร์ ', 'โทร. 0-2258-0442-5 ', 'โทรสาร. 0-2259-0780 ', 'กรุงเทพมหานคร\r'),
	(14, 'รพ.เจตนิน ', 'นพ.จงเจตน์ อาวเจนพงษ์ ', 'โทร. 0-2655-5300-10 ', 'โทรสาร. 0-2655-5313 ', 'กรุงเทพมหานคร\r'),
	(15, 'รพ.เจ้าพระยา ', 'นพ.จำเริญ สรพิพัฒน์ ', 'โทร. 0-2434-6900 ', 'โทรสาร. 0-2434-6929 ', 'กรุงเทพมหานคร\r'),
	(16, 'รพ.เซนต์คาร์ลอส ', 'นพ.สุชัย หยองอนุกูล์ ', 'โทร. 0-2274-0616-20 ', 'โทรสาร. 0-2274-0621 ', 'กรุงเทพมหานคร\r'),
	(17, 'รพ.เซนต์หลุยส์ ', 'ศ.นพ.จิตร สิทธิอมร ', 'โทร. 0-2675-5000 ', 'โทรสาร. 0-2675-5200 ', 'กรุงเทพมหานคร\r'),
	(18, 'รพ.เซ็นทรัลเยนเนอรัล ', 'พญ.ลักษมี ว่องกุศลกิจ ', 'โทร. 0-2552-8801-10 ', 'โทรสาร. 0-2552-0666 ', 'กรุงเทพมหานคร\r'),
	(19, 'รพ.เดชา ', 'นพ.สราวุธ อนันต์เศรษฐกุล ', 'โทร. 0-2246-0137 ', 'โทรสาร. 0-2247-2089 ', 'กรุงเทพมหานคร\r'),
	(20, 'รพ.ตา หู คอ จมูก ', 'นพ.ศุภชัย โชติบุตร ', 'โทร. 0-2433-3601-3 ', 'โทรสาร. 0-2433-3613 ', 'กรุงเทพมหานคร\r'),
	(21, 'รพ.เทพธารินทร์ ', 'ศ.นพ.เทพ หิมะทองคำ ', 'โทร. 0-2240-2727 ', 'โทรสาร. 0-2249-8774 ', 'กรุงเทพมหานคร\r'),
	(22, 'รพ.ไทยนครินทร์ ', 'นพ.เจริญ มีนสุข ', 'โทร. 0-2361-2727 ', 'โทรสาร. 0-2361-2777 ', 'กรุงเทพมหานคร\r'),
	(23, 'รพ.ธนบุรี ', 'คุณเฉลิมกุล อภิกุลโอภาส ', 'โทร. 0-2411-0401-7 ', 'โทรสาร. 0-2412-8214 ', 'กรุงเทพมหานคร\r'),
	(24, 'รพ.นครธน ', 'นพ.วิโรจน์ ตระการวิจิตร ', 'โทร. 0-2416-5454 ', 'โทรสาร. 0-2415-4340 ', 'กรุงเทพมหานคร\r'),
	(25, 'รพ.นวมินทร์ ', 'นพ.ประจักษ์ บุญจิตต์พิมล ', 'โทร. 0-2918-7604-8 ', 'โทรสาร. 0-2918-9192 ', 'กรุงเทพมหานคร\r'),
	(26, 'รพ.นวมินทร์ 9 ', 'นพ.อรรคพาสน์ โอวาทตระกูล ', 'โทร. 0-2518-1818 ', 'โทรสาร. 0-2518-2112 ', 'กรุงเทพมหานคร\r'),
	(27, 'รพ.บางกอก 9 อินเตอร์เนชั่นแนล ', 'พญ..เจรียง จันทรกมล ', 'โทร. 0-2877-1111 ', 'โทรสาร. 0-2877-1111 ', 'กรุงเทพมหานคร\r'),
	(28, 'รพ.บางกอกเนอสซิ่งโฮม ', 'พญ.ลินดา ไกรวิทย์ ', 'โทร. 0-2632-0550 ', 'โทรสาร. 0-2632-0578 ', 'กรุงเทพมหานคร\r'),
	(29, 'รพ.บางนา ', 'นพ.ชุตินันท์ พรมมินทร์ ', 'โทร. 0-2393-8534 ', 'โทรสาร. 0-2398-9531 ', 'กรุงเทพมหานคร\r'),
	(30, 'รพ.บางปะกอก 1 ', 'นพ.วีระ อิงคภาสกร ', 'โทร. 0-2872-1111 ', 'โทรสาร. 0-2872-1065 ', 'กรุงเทพมหานคร\r'),
	(31, 'รพ.บางปะกอก 2 บางบอน ', 'นพ.มานิตย์ จารุวรรณ ', 'โทร. 0-2899-0130-9 ', 'โทรสาร. 0-2451-0357 ', 'กรุงเทพมหานคร\r'),
	(32, 'รพ.บางไผ่ ', 'พญ.ศศิธร พงษ์สามารถ ', 'โทร. 0-2457-0086 ', 'โทรสาร. 0-2457-2215 ', 'กรุงเทพมหานคร\r'),
	(33, 'รพ.บางโพ ', 'นพ.เกตุ สายเพชร์ ', 'โทร. 0-2587-0136 ', 'โทรสาร. 0-2586-0024 ', 'กรุงเทพมหานคร\r'),
	(34, 'รพ.บางมด ', 'นพ.สุรสิทธิ์ อัศดามงคล ', 'โทร. 0-2416-0049 ', 'โทรสาร. 0-2415-6864 ', 'กรุงเทพมหานคร\r'),
	(35, 'รพ.บำรุงราษฎร์ ', 'คุณแม็ค แบนเนอร์ ', 'โทร. 0-2667-1000 ', 'โทรสาร. 0-2667- 2525 ', 'กรุงเทพมหานคร\r'),
	(36, 'รพ.บีแคร์ ', 'รออ.นพ.พิทักษ์ ฐานบัญชา ', 'โทร. 0-2523-3359-71 ', 'โทรสาร. 0-2523-3372 ', 'กรุงเทพมหานคร\r'),
	(37, 'รพ.ปิยะเวท ', '  ', 'โทร. 0-2625-6500 ', 'โทรสาร. 0-2246-9253 ', 'กรุงเทพมหานคร\r'),
	(38, 'รพ.เปาโล เมโมเรียล ', 'นพ.พิชัย แพร่ภัทร ', 'โทร. 0-2279-4302 ', 'โทรสาร. 0-2279-4303 ', 'กรุงเทพมหานคร\r'),
	(39, 'รพ.เปาโล เมโมเรียล โชคชัย 4 ', 'นพ.นพรัตน์ โง้วจุงดี ', 'โทร. 0-2514-2273-5 ', 'โทรสาร. 0-2538-3606 ', 'กรุงเทพมหานคร\r'),
	(40, 'รพ.พญาไท 1 ', 'คุณไกรวิน ศรีไกรวิน ', 'โทร. 0-2245-2620-8 ', 'โทรสาร. 0-2640-1109 ', 'กรุงเทพมหานคร\r'),
	(41, 'รพ.พญาไท 2 ', 'คุณธนา ถิรมนัส ', 'โทร. 0-2617-2444 ', 'โทรสาร. 0-2619-8541 ', 'กรุงเทพมหานคร\r'),
	(42, 'รพ.พญาไท 3 ', 'นพ.อนันตศักดิ์ อภัยรัตน์ ', 'โทร. 0-2869-1220-2 ', 'โทรสาร. 0-2467-6505 ', 'กรุงเทพมหานคร\r'),
	(43, 'รพ.พระราม 2 ', 'นพ.ปรีชา เลิศศิวาพร ', 'โทร. 0-2451-4920 ', 'โทรสาร. 0-2451-4599 ', 'กรุงเทพมหานคร\r'),
	(44, 'รพ.พระรามเก้า ', 'นพ.เสถียร ภู่ประเสริฐ ', 'โทร. 0-2248-8026 ', 'โทรสาร. 0-2248-8018 ', 'กรุงเทพมหานคร\r'),
	(45, 'รพ.เพชรเกษม-บางแค ', 'นพ.พิชิต ยิ่งเจริญ ', 'โทร. 0-2801-1199 ', 'โทรสาร. 0-2801-2299 ', 'กรุงเทพมหานคร\r'),
	(46, 'รพ.เพชรเวช ', 'นพ.ชนะ ตันจันทร์พงษ์ ', 'โทร. 0-2318-0080-1 ', 'โทรสาร. 0-2318-1986 ', 'กรุงเทพมหานคร\r'),
	(47, 'รพ.แพทย์ปัญญา ', 'นพ.สวัสดิ์ เถกิงเดช ', 'โทร. 0-2314-0726-9 ', 'โทรสาร. 0-2319-6685 ', 'กรุงเทพมหานคร\r'),
	(48, 'รพ.มงกุฎวัฒนะ ', 'นพ.เหรียญทอง แน่นหนา ', 'โทร. 0-2574-5000-9 ', 'โทรสาร. 0-2574-4856 ', 'กรุงเทพมหานคร\r'),
	(49, 'รพ.มเหสักข์ ', 'นพ.ชูเกียรติ ศุภนันตฤกษ์ ', 'โทร. 0-2635-7123-7 ', 'โทรสาร. 0-2233-7433 ', 'กรุงเทพมหานคร\r'),
	(50, 'รพ.มิชชั่น ', 'คุณสมชัย ชื่นจิตร ', 'โทร. 0-2281-1422 ', 'โทรสาร. 0-2628-1752 ', 'กรุงเทพมหานคร\r'),
	(51, 'รพ.เมโย ', 'นพ.ภาวิต ปุญญฤทธ์ ', 'โทร. 0-2579-1770-4 ', 'โทรสาร. 0-2579-9676 ', 'กรุงเทพมหานคร\r'),
	(52, 'รพ.ยันฮี ', 'นพ. เกริกยศ ชลายนเดชะ ', 'โทร. 0-2434-9196-9 ', 'โทรสาร. 0-2435-7545 ', 'กรุงเทพมหานคร\r'),
	(53, 'รพ.เยาวรักษ์ ', 'นพ.ธวัชชัย เจริญวงศ์ ', 'โทร. 0-2466-1963 ', 'โทรสาร. 0-2465-5919 ', 'กรุงเทพมหานคร\r'),
	(54, 'รพ.รามคำแหง ', 'ทพ.เจิมพล ภูมิตระกูล ', 'โทร. 0-2374-0200-16 ', 'โทรสาร. 0-2374-0804 ', 'กรุงเทพมหานคร\r'),
	(55, 'รพ.ราษฎร์บูรณะ ', 'คุณนิตยา ปรีชายุทธ ', 'โทร. 0-2427-0175-9 ', 'โทรสาร. 0-2427-3030 ', 'กรุงเทพมหานคร\r'),
	(56, 'รพ.ลาดพร้าว ', 'นพ.วรพงศ์ จูตะวิริยะ ', 'โทร. 0-2530-2244 ', 'โทรสาร. 0-2539-8490 ', 'กรุงเทพมหานคร\r'),
	(57, 'รพ.วิชัยยุทธ ', 'พล.ท.นพ.ณรงค์ รอดวรรณะ ', 'โทร. 0-2271-0125-9 ', 'โทรสาร. 0-2272-2788 ', 'กรุงเทพมหานคร\r'),
	(58, 'รพ.วิภาวดี ', 'พล.ท.นพ.พร้อมพงษ์ พีระบูล ', 'โทร. 0-2561-1258-67 ', 'โทรสาร. 0-2561-1462 ', 'กรุงเทพมหานคร\r'),
	(59, 'รพ.วิภาราม ', 'นพ.ไพบูลย์ เอกแสงศรี ', 'โทร. 0-2722-2500 ', 'โทรสาร. 0-2722-2445 ', 'กรุงเทพมหานคร\r'),
	(60, 'รพ.เวชธานี ', 'ร.อ.ชาคริต ศึกษากิจ ', 'โทร. 0-2734-0000 ', 'โทรสาร. 0-2734-0376 ', 'กรุงเทพมหานคร\r'),
	(61, 'รพ.ศรีวิชัย 1 ', 'นพ.ถนอมชัย คู่ทวีธรรม ', 'โทร. 0-2412-0055-60 ', 'โทรสาร. 0-2412-7582 ', 'กรุงเทพมหานคร\r'),
	(62, 'รพ.ศรีวิชัย 2 ', 'นพ.สุรพล โล่สิริวัฒน์ ', 'โทร. 0-2441-6999 ', 'โทรสาร. 0-2421-1784 ', 'กรุงเทพมหานคร\r'),
	(63, 'รพ.เปาโลเมโมเรียล นวมินทร์ ', 'นพ.นิพนธ์ ธีราโมก ', 'โทร. 0-2944-7111 ', 'โทรสาร. 0-2944-8060 ', 'กรุงเทพมหานคร\r'),
	(64, 'รพ.ศิครินทร์ ', 'นพ.ธงชัย ฉัตรยิ่งมงคล ', 'โทร. 0-2383-4391-9 ', 'โทรสาร. 0-2383-4414 ', 'กรุงเทพมหานคร\r'),
	(65, 'รพ.ศูนย์มะเร็งกรุงเทพฯ ', 'นพ.เทอดศักดิ์ ปรมากูล ', 'โทร. 0-2278-5716 ', 'โทรสาร. 0-2278-0274 ', 'กรุงเทพมหานคร\r'),
	(66, 'รพ.สมิติเวช สุขุมวิท ', 'นพ.โชคชัย จารุศิริพิพัฒน์ ', 'โทร. 0-2392-0011 ', 'โทรสาร. 0-2391-1290 ', 'กรุงเทพมหานคร\r'),
	(67, 'รพ.สมิติเวชศรีนครินทร์ ', 'นพ.ดุลย์ ดำรงศักดิ์ ', 'โทร. 0-2378-9277 ', 'โทรสาร. 0-2731-7358 ', 'กรุงเทพมหานคร\r'),
	(68, 'รพ.สายไหม ', 'น.ท.พญ.ลักษมี ว่องกุศลกิจ ', 'โทร. 0-2991-8999 ', 'โทรสาร. 0-2563-5222 ', 'กรุงเทพมหานคร\r'),
	(69, 'รพ.สินแพทย์ ', 'นพ.ศิริพงษ์ เหลืองวารินกุล ', 'โทร. 0-2948-5380-90 ', 'โทรสาร. 0-2948-5816 ', 'กรุงเทพมหานคร\r'),
	(70, 'รพ.สุขุมวิท ', 'นพ.ดาวิน นารูลา ', 'โทร. 0-2391-0011 ', 'โทรสาร. 0-2714-0081 ', 'กรุงเทพมหานคร\r'),
	(71, 'รพ.หัวเฉียว ', 'นพ.พรชัย ตั้งลัคนวาณิชย์ ', 'โทร. 0-2223-1351 ', 'โทรสาร. 0-2223-1351 ', 'กรุงเทพมหานคร\r'),
	(72, 'รพ.มนารมย์ ', 'นพ.ไกรสิทธิ์ นฤขัตพิชัย ', 'โทร. 0-2725-9595 ', 'โทรสาร. 0-2725-9599 ', 'กรุงเทพมหานคร\r'),
	(73, 'รพ.เกษมราษฎร์รัตนาธิฯ ', 'นพ.ตุลวรรธน์ พัชราภา ', 'โทร. 0-2594-0020-6 ', 'โทรสาร. 0-2594-0067 ', 'นนทบุรี\r'),
	(74, 'รพ.แม่น้ำ ', 'คุณกมลวรรณ ลักษณะกาญจน์ ', 'โทร. 0-2960-9655 ', 'โทรสาร. 0-2960-9666 ', 'นนทบุรี\r'),
	(75, 'รพ.นนทเวช ', 'นพ.พรมพันธ์ พรมมาส ', 'โทร. 0-2589-5490-1 ', 'โทรสาร. 0-2589-8753 ', 'นนทบุรี\r'),
	(76, 'รพ.อนันต์พัฒนา 2 ', 'นพ.อนันต์ ธรรมจำรัสศรี ', 'โทร. 0-2883-9922 ', 'โทรสาร. 0-2883-9990 ', 'นนทบุรี\r'),
	(77, 'รพ.กรุงสยามเซนต์คาร์ลอส ', 'นพ.สุชัย หยองอนุกูล ', 'โทร. 0-2975-6700 ', 'โทรสาร. 0-2998-9000 ', 'ปทุมธานี\r'),
	(78, 'รพ.แพทย์รังสิต ', 'นพ.กฤชรัตน์ ตระกูลช่าง ', 'โทร. 0-2531-2151-60 ', 'โทรสาร. 0-2531-3589 ', 'ปทุมธานี\r'),
	(79, 'รพ.ภัทร-ธนบุรี ', 'คุณพูนศักดิ์ จรูญศิริ ', 'โทร. 0-2901-8400-8 ', 'โทรสาร. 0-2901-8082 ', 'ปทุมธานี\r'),
	(80, 'รพ.เอกปทุม ', 'นพ.สุนทร อันตรเสน ', 'โทร. 0-2996-2211-15 ', 'โทรสาร. 0-2996-2207 ', 'ปทุมธานี\r'),
	(81, 'รพ.นวนครการแพทย์ ', 'นพ.ส่งเสริม พานิชาภรณ์ ', 'โทร. 0-2529-4533 ', 'โทรสาร. 0-2909-2223 ', 'ปทุมธานี\r'),
	(82, 'รพ.ปทุมเวช ', 'นพ.สุธีร์ สทุมถิระ ', 'โทร. 0-2567-1991-9 ', 'โทรสาร. 0-2958-4528 ', 'ปทุมธานี\r'),
	(83, 'รพ.ราชธานี ', 'นพ.บุญชัย อิศราพิสิษฐ์ ', 'โทร. 0-3533-5555 ', 'โทรสาร. 0-3533-5555 ', 'พระนครศรีอยุธยา\r'),
	(84, 'รพ.ศุภมิตรเสนา ', 'คุณวิโรจน์ อภิสิทธิ์วิทยา ', 'โทร. 0-3528-9572-7 ', 'โทรสาร. 0-3528-9583 ', 'พระนครศรีอยุธยา\r'),
	(85, 'รพ.กรุงเทพพระประแดง ', 'นพ.ณรงค์ฤทธิ์ ฮาวรังษี ', 'โทร. 0-2425-0029 ', 'โทรสาร. 0-2815-7151 ', 'สมุทรปราการ\r'),
	(86, 'รพ.จุฬารัตน์ ', 'นพ.กำพล พลัสสินทร์ ', 'โทร. 0-2316-6198-9 ', 'โทรสาร. 0-2750-5146 ', 'สมุทรปราการ\r'),
	(87, 'รพ.จุฬารัตน์ 3 ', 'นพ.กำพล พลัสสินทร์ ', 'โทร. 0-2769-2900 ', 'โทรสาร. 0-2769-2997 ', 'สมุทรปราการ\r'),
	(88, 'รพ.จุฬารัตน์ 9 ', 'นพ.ยุทธนา สงวนศักดิ์โกศล ', 'โทร. 0-2738-9900-9 ', 'โทรสาร. 0-2738-9740 ', 'สมุทรปราการ\r'),
	(89, 'รพ.ชัยปราการ ', 'นพ.ภาสกร รักษ์กุล ', 'โทร. 0-2363-9222 ', 'โทรสาร. 0-2394-4237 ', 'สมุทรปราการ\r'),
	(90, 'รพ.เซ็นทรัลปาร์ค ', 'นพ.อนันต์ อธิพันธุ์อำไพ ', 'โทร. 0-2312-7261-9 ', 'โทรสาร. 0-2750-9735 ', 'สมุทรปราการ\r'),
	(91, 'รพ.บางปะกอก 3 ', 'นพ.นิคม ศิริชัย ', 'โทร. 0-2818-7555 ', 'โทรสาร. 0-2818-7509 ', 'สมุทรปราการ\r'),
	(92, 'รพ.ปิยะมินทร์ ', 'นพ.ต่อพงศ์ อัศวิษณุ ', 'โทร. 0-2316-0026-7 ', 'โทรสาร. 0-2316-0062 ', 'สมุทรปราการ\r'),
	(93, 'รพ.เมืองสมุทร ', 'นพ.พิพัฒน์ พงศ์รัตนามาน ', 'โทร. 0-2173-7772 ', 'โทรสาร. 0-2173-7783 ', 'สมุทรปราการ\r'),
	(94, 'รพ.เมืองสมุทรปู่เจ้าฯ ', 'นพ.พิพัฒน์ พงศ์รัตนามาน ', 'โทร. 0-2754-2800-9 ', 'โทรสาร. 0-2754-2514 ', 'สมุทรปราการ\r'),
	(95, 'รพ.รวมชัยประชารักษ์ ', 'คุณธนวัฒน์ ทวีชัยถาวร ', 'โทร. 0-2708-7500-10 ', 'โทรสาร. 0-2708-7542 ', 'สมุทรปราการ\r'),
	(96, 'รพ.รัทรินทร์ ', 'นพ.เขตโสภณ จัตวัฒนกุล ', 'โทร. 0-2323-2991-9 ', 'โทรสาร. 0-23232985 ', 'สมุทรปราการ\r'),
	(97, 'รพ.เปาโลเมโมเรียล สมุทรปราการ ', 'นพ.โอภาส สินเพิ่มสุขสกุล ', 'โทร. 0-2389-2555 ', 'โทรสาร. 0-2389-4916 ', 'สมุทรปราการ\r'),
	(98, 'รพ.สำโรงการแพทย์ ', 'นพ.ศิริพงษ์ วิทยเลิศปัญญา ', 'โทร. 0-2361-0070-9 ', 'โทรสาร. 0-2756-8465 ', 'สมุทรปราการ\r'),
	(99, 'รพ.รวมแพทย์ ชัยนาท ', 'นพ.สุเทพ วัตถุศิลป์ ', 'โทร. 0-5641-3017-8 ', 'โทรสาร. 0-5641-3019 ', 'ชัยนาท\r'),
	(100, 'รพ.สุวรรณเวช ', 'นพ.พงษ์เทพ เลิศสุวรรณสิทธิ์ ', 'โทร. 0-5645-1400 ', 'โทรสาร. 056-451-440 ', 'ชัยนาท\r'),
	(101, 'รพ.เบญจรมย์ ', 'นพ.วราศักดิ์ ไกรฤกษ์ ', 'โทร. 0-3641-3933 ', 'โทรสาร. 0-3661-0515 ', 'ลพบุรี\r'),
	(102, 'รพ.เมืองนารายณ์ ', 'พญ.วรินทร อัศวนิก ', 'โทร. 0-3661-6300 ', 'โทรสาร. 0-3661-6301 ', 'ลพบุรี\r'),
	(103, 'รพ.เกษมราษฎร์ สระบุรี ', 'นพ.สมเจษฎ์ ไกรโรจนานันท์ ', 'โทร. 0-3631-5555 ', 'โทรสาร. 0-3631-5501 ', 'สระบุรี\r'),
	(104, 'รพ.มิตรภาพ เมโมเรียล ', 'นพ.พนม สนิทประชากร ', 'โทร. 0-3621-2131-4 ', 'โทรสาร. 0-3622-2197 ', 'สระบุรี\r'),
	(105, 'รพ.คริสเตียนไชยวัฒน์ ', 'คุณไชยวัฒน์ วีระสมบัติ ', 'โทร. 0-3658-1294 ', 'โทรสาร. 0-3658-1296 ', 'สิงหบุรี\r'),
	(106, 'รพ.สิงห์บุรีเวชการ ', 'นพ.ประเจิด สุรีย์จามร ', 'โทร. 0-3652-0517 ', 'โทรสาร. 0-3651-2784 ', 'สิงหบุรี\r'),
	(107, 'รพ.ธนบุรี-อู่ทอง ', 'นพ.วิวัฒน์ กิตติวัฒนโชติ ', 'โทร. 0-3540-4053-9 ', 'โทรสาร. 0-3555-2890 ', 'สุพรรณบุรี\r'),
	(108, 'รพ.หมอสำเริง ', 'นพ.สำเริง ศรีผุดผ่อง ', 'โทร. 0-3557-8959 ', 'โทรสาร. 0-3557-8959 ', 'สุพรรณบุรี\r'),
	(109, 'รพ.พรชัย ', 'นพ.บุญชัย บุญแสง ', 'โทร. 0-3550-3531-5 ', 'โทรสาร. 0-3550-3432 ', 'สุพรรณบุรี\r'),
	(110, 'รพ.ศุภมิตร ', 'นพ.เมธ โชคชัยชาญ ', 'โทร. 0-3550-0283-8 ', 'โทรสาร. 0-3550-1406 ', 'สุพรรณบุรี\r'),
	(111, 'รพ.ปิยราษฎร์ ', 'นพ.ทรงกิจ สุทธิกาญจน์ ', 'โทร. 0-3555-2724-8 ', 'โทรสาร. 0-3555-2665 ', 'สุพรรณบุรี\r'),
	(112, 'รพ.กรุงเทพจันทบุรี ', 'นพ.จารุวัฑ ใช้ความเพียร ', 'โทร. 0-3935-1467 ', 'โทรสาร. 0-3932-1202 ', 'จันทบุรี\r'),
	(113, 'รพ.สิริเวช ', 'นพ.กำธร ศิริธัญญาลักษณ์ ', 'โทร. 0-3934-4244 ', 'โทรสาร. 0-3932-2995 ', 'จันทบุรี\r'),
	(114, 'รพ.จุฬารัตน์ 11 ', 'พญ.ชุติมา ปิ่นเจริญ ', 'โทร. 0-3853-8511-3 ', 'โทรสาร. 0-3853-8798 ', 'ฉะเชิงเทรา\r'),
	(115, 'รพ.โสธราเวช ', 'นพ.การุณ พุทธภาวนา ', 'โทร. 0-3881-2702-19 ', 'โทรสาร. 0-3881-2720 ', 'ฉะเชิงเทรา\r'),
	(116, 'รพ.กรุงเทพพัทยา ', 'นพ.พิชิต กังวลกิจ ', 'โทร. 0-3825-9999 ', 'โทรสาร. 0-3872-7307 ', 'ชลบุรี\r'),
	(117, 'รพ.ชลเวช ', 'พญ.วิมล สุรินทราบูรณ์ ', 'โทร. 0-3828-4354-5 ', 'โทรสาร. 0-3827-1990 ', 'ชลบุรี\r'),
	(118, 'รพ.พญาไทศรีราชา ', 'นพ.ธนาคม แมนธนานนท์ ', 'โทร. 0-3877-0200-8 ', 'โทรสาร. 0-3877-0213 ', 'ชลบุรี\r'),
	(119, 'รพ.พัทยาเมโมเรียล ', 'นพ.สมเกียรติ ธนไพศาลพิพัฒน์ ', 'โทร. 0-3848-8777 ', 'โทรสาร. 0-3842-2740 ', 'ชลบุรี\r'),
	(120, 'รพ.พัทยาอินเตอร์ ', 'คุณอุไรวรรณ เทพนมรัตน์ ', 'โทร. 0-3842-8374-5 ', 'โทรสาร. 0-3842-2773 ', 'ชลบุรี\r'),
	(121, 'รพ.สมิติเวช ศรีราชา ', 'นพ.ชัยรัตน์ ปัณฑุรอัมพร ', 'โทร. 0-3832-4100-11 ', 'โทรสาร. 0-3832-4123 ', 'ชลบุรี\r'),
	(122, 'รพ.แหลมฉบังอินเตอร์ ', 'ผศ.รังสรรค์ สุฉันทบุตร ', 'โทร. 0-3849-1888 ', 'โทรสาร. 0-3849-1878 ', 'ชลบุรี\r'),
	(123, 'รพ.เอกชล ', 'นพ.จรัล ใจแพทย์ ', 'โทร. 0-3827-3840 ', 'โทรสาร. 0-3827-3848 ', 'ชลบุร\r'),
	(124, 'รพ.เอกชล 2 ', 'นพ.สานิตย์ ชากฤษณ์ ', 'โทร. 0-3893-9888 ', 'โทรสาร. 0-3893-9800 ', 'ชลบุร\r'),
	(125, 'รพ.กรุงเทพตราด ', 'พญ.สุดจิต ลิขสิทธิ์ศุภการ ', 'โทร. 0-3953-2735 ', 'โทรสาร. 0-3953-2599 ', 'ตราด\r'),
	(126, 'รพ.มงกุฎ ระยอง ', 'นพ.นิยม สลิสอำไพ ', 'โทร. 0-3868-2136-9 ', 'โทรสาร. 0-3868-1459 ', 'ระยอง\r'),
	(127, 'รพ.รวมแพทย์ระยอง ', 'นพ.กริช สัตยบุตร ', 'โทร. 0-3886-0890-3 ', 'โทรสาร. 0-3886-1279 ', 'ระยอง\r'),
	(128, 'รพ.กรุงเทพคริสเตียน ', 'นพ.วิโรจน์ ดิเรกสถาพร ', 'โทร. 0-3421-3453-60 ', 'โทรสาร. 0-3427-0088 ', 'นครปฐม\r'),
	(129, 'รพ.เทพากร ', 'นพ.วรวิทย์ วัชโรทยางกูร ', 'โทร. 0-3421-2718-26 ', 'โทรสาร. 0-34241-314 ', 'นครปฐม\r'),
	(130, 'รพ.ศาลายา ', 'นพ.จรัสพงษ์ ทังสุบุตร ', 'โทร. 0-2889-2601-7 ', 'โทรสาร. 0-2889-3550 ', 'นครปฐม\r'),
	(131, 'รพ.สนามจันทร์ ', 'นพ.ทรงชัย ศรีโรจนกุล ', 'โทร. 0-3421-9600 ', 'โทรสาร. 0-3421-7817 ', 'นครปฐม\r'),
	(132, 'รพ.ซาน เปา โล หัวหิน ', 'นพ.เอกลาภ ทองบริสุทธิ์ ', 'โทร. 0-3253-2576 ', 'โทรสาร. 0-3253-2582 ', 'ประจวบคีรีขันธ์\r'),
	(133, 'รพ.เมืองเพชร-ธนบุรี ', 'ภญ.รพีพร กิตติวงศ์โสภณ ', 'โทร. 0-3241-5191-9 ', 'โทรสาร. 0-3241-5188 ', 'เพชรบุรี\r'),
	(134, 'รพ.เพชรรัชต์ ', 'นพ.สัมฤทธิ์ สินธัญญาธรรม ', 'โทร. 0-3241-7070-9 ', 'โทรสาร. 0-3241-1689 ', 'เพชรบุรี\r'),
	(135, 'รพ.ซานคามิลโล ', 'คุณจิรวัฒน์ สุจิรานุธรรม ', 'โทร. 0-3221-1143 ', 'โทรสาร. 0-3220-1256 ', 'ราชบุรี\r'),
	(136, 'รพ.พร้อมแพทย์ ', 'นพ.ประสงค์ ประภาวงศ์ ', 'โทร. 0-3231-5234-9 ', 'โทรสาร. 0-3231-5385 ', 'ราชบุรี\r'),
	(137, 'รพ.เมืองราช ', 'นพ.กมิล ปั้นประสงค์ ', 'โทร. 0-3232-2274-80 ', 'โทรสาร. 0-3231-2685-6 ', 'ราชบุรี\r'),
	(138, 'รพ.แม่กลอง 2 ', 'พญ.สุวรรณา ชูพิศาลยโรจน์ ', 'โทร. 0-3471-5001-5 ', 'โทรสาร. 0-34718679 ', 'สมุทรสงคราม\r'),
	(139, 'รพ.มหาชัย ', 'นพ.อิทธิ ฉันศิริกาญจน ', 'โทร. 0-3442-4990 ', 'โทรสาร. 0-3481-0778 ', 'สมุทรสาคร\r'),
	(140, 'รพ.มหาชัย 2 ', 'พญ.ดาวัลย์ อนุวุฒินาวิน ', 'โทร. 0-2810-3442 ', 'โทรสาร. 0-2420-0251 ', 'สมุทรสาคร\r'),
	(141, 'รพ.ศรีวิชัย 3 ', 'นพ.พงษ์ศักดิ์ วัฒนา ', 'โทร. 0-2431-0070 ', 'โทรสาร. 0-2431-0940 ', 'สมุทรสาคร\r'),
	(142, 'รพ.ศรีวิชัย 5 ', 'พญ.สายสุนี วรรณดุรงค์วรรณ ', 'โทร. 0-3482-6708 ', 'โทรสาร. 0-3482-6706 ', 'สมุทรสาคร\r'),
	(143, 'รพ.เอกชัย ', 'นพ.เกรียงไกร จีระแพทย์ ', 'โทร. 0-3441-7999 ', 'โทรสาร. 0-3441-7903 ', 'สมุทรสาคร\r'),
	(144, 'รพ.บัวใหญ่รวมแพทย์ ', 'นพ.โกวิท คำพิทักษ์ ', 'โทร. 0-4429-2249-53 ', 'โทรสาร. 0-4429-2252 ', 'นครราชสีมา\r'),
	(145, 'รพ.ป.แพทย์ ', 'นพ.ประณีต สงวนตระกูล ', 'โทร. 0-4423-0530-3 ', 'โทรสาร. 0-4425-1120 ', 'นครราชสีมา\r'),
	(146, 'รพ.กรุงเทพราชสีมา ', 'นพ.ธนรัชต์ สมุทรเพชร ', 'โทร. 0-4442-9999 ', 'โทรสาร. 0-4425-6421 ', 'นครราชสีมา\r'),
	(147, 'รพ.เซ็นต์เมรี่ ', 'นพ.บรรพต พึ่งชัยพัฒน์ ', 'โทร. 0-4424-2385 ', 'โทรสาร. 0-4425-6600 ', 'นครราชสีมา\r'),
	(148, 'รพ.เอกชนบุรีรัมย์ ', 'นพ.วรพงษ์ ศักดิ์ศิรินุกูล ', 'โทร. 0-4461-4100 ', 'โทรสาร. 0-4461-4110 ', 'บุรีรัมย์\r'),
	(149, 'รพ.รวมแพทย์สุรินทร์(หมออนันต์) ', 'นพ.อิสระ อริยะชัยพาณิชย์ ', 'โทร. 0-4451-5700 ', 'โทรสาร. 0-4451-2496 ', 'สุรินทร์\r'),
	(150, 'รพ.ธีรวัฒน์ ', 'นพ.ธีรวัฒน์ ร่มไทรทอง ', 'โทร. 0-4381-1757 ', 'โทรสาร. 0-4381-2142 ', 'กาฬสินธุ์\r'),
	(151, 'รพ.ขอนแก่นราม ', 'นพ.สมชาย กิตติพงษ์หรรษา ', 'โทร. 0-4333-3901 ', 'โทรสาร. 0-4333-3899 ', 'ขอนแก่น\r'),
	(152, 'รพ.ราชพฤกษ์ ', 'นพ.ธีระวัฒน์ ศรีนัครินทร์ ', 'โทร. 0-4333-3555 ', 'โทรสาร. 0-4323-8833 ', 'ขอนแก่น\r'),
	(153, 'รพ.เวชประสิทธิ์ ', 'คุณอนัญพร พูลนิติพร ', 'โทร. 0-4324-5544 ', 'โทรสาร. 0-4324-5644 ', 'ขอนแก่น\r'),
	(154, 'รพ.เมืองเลยราม ', 'นพ.บุญชัย จิตตนาสวัสดิ์ ', 'โทร. 0-4283-3400 ', 'โทรสาร. 0-4283-2522 ', 'เลย\r'),
	(155, 'รพ.รักษ์สกล ', 'คุณสมคิด ปิยะธรรมวุฒิกุล ', 'โทร. 0-4271-2800 ', 'โทรสาร. 0-4271-2584 ', 'สกลนคร\r'),
	(156, 'รพ.นอร์ทอีสเทร์น-วัฒนา ', 'พญ.ศุภวรรณ ตั้งสืบกุล ', 'โทร. 0-4224-1031-3 ', 'โทรสาร. 0-4224-1956 ', 'อุดรธานี\r'),
	(157, 'รพ.ปัญญาเวช ', 'นพ.ปัญญา อยู่ประเสริฐ ', 'โทร. 0-4234-3111 ', 'โทรสาร. 0-4234-3065 ', 'อุดรธานี\r'),
	(158, 'รพ.เอกอุดร ', 'คุณวิเชียร ชมดง ', 'โทร. 0-4234-2555 ', 'โทรสาร. 0-4234-1033 ', 'อุดรธานี\r'),
	(159, 'รพ.มุกดาหารอินเตอร์ ', 'นพ.ธีระยุทธ นิยากูล ', 'โทร. 0-4263-3301-9 ', 'โทรสาร. 0-4263-3310 ', 'มุกดาหาร\r'),
	(160, 'รพ.นายแพทย์หาญ ', 'นพ.หาญ สุฉันทบุตร ', 'โทร. 0-4571-1356 ', 'โทรสาร. 0-4571-1020 ', 'ยโสธร\r'),
	(161, 'รพ.ยโสธรรวมแพทย์ ', 'นพ.หาญ สุฉันทบุตร ', 'โทร. 0-4571-2141-2 ', 'โทรสาร. 0-4572-0378 ', 'ยโสธร\r'),
	(162, 'รพ.กรุงเทพจุรีเวช ', 'พญ.กฤษณา โฆษิตจิรนันท์ ', 'โทร. 0-4352-7111 ', 'โทรสาร. 0-4352-7699 ', 'ร้อยเอ็ด\r'),
	(163, 'รพ.ประชารักษ์ ', 'ภก.สมพร จึงศิรกุลวิทย์ ', 'โทร. 0-4563-1313 ', 'โทรสาร. 0-4561-4202 ', 'ศรีสะเกษ\r'),
	(164, 'รพ.อุบลรักษ์ ธนบุรี ', 'นพ.สุรชัย สุพันธมาตย์ ', 'โทร. 0-4526-0285 ', 'โทรสาร. 0-4524-3654 ', 'อุบลราชธานี\r'),
	(165, 'รพ.แพทย์บัณฑิต ', 'นพ.นภดล ลุประสงค์ ', 'โทร. 0-5572-2044 ', 'โทรสาร. 0-5572-2044 ', 'กำแพงเพชร\r'),
	(166, 'รพ.รวมแพทย์ นครสวรรค์ ', 'นพ.กิตติ ตั้งบรรเจิดสุข ', 'โทร. 0-5622-3600 ', 'โทรสาร. 0-5622-5912 ', 'นครสวรรค์\r'),
	(167, 'รพ.ศรีสวรรค์ ', 'นพ.ชวลิต วิมลเฉลา ', 'โทร. 0-5631-1626 ', 'โทรสาร. 0-5622-2388 ', 'นครสวรรค์\r'),
	(168, 'รพ.ปากน้ำโพ ', 'นพ.วิสิทธิ์ อวิรุทธ์นันท์ ', 'โทร. 0-5622-5501 ', 'โทรสาร. 0-5622-7179 ', 'นครสวรรค์\r'),
	(169, 'รพ.ร่มฉัตร ', 'นพ.พรชัย สัตยาประเสริฐ ', 'โทร. 0-5631-2481-90 ', 'โทรสาร. 0-5622-8015 ', 'นครสวรรค์\r'),
	(170, 'รพ.รัตนเวช นครสวรรค์ ', 'พญ.สุรางค์รัตน์ วรรธนภูติ ', 'โทร. 0-5622-0320-8 ', 'โทรสาร. 0-5621-2164 ', 'นครสวรรค์\r'),
	(171, 'รพ.พัฒนเวชสุโขทัย ', 'นพ.สุชาติ กุละพัฒน์ ', 'โทร. 0-5562-1502-7 ', 'โทรสาร. 0-5561-2007 ', 'สุโขทัย\r'),
	(172, 'รพ.รวมแพทย์สุโขทัย ', 'นพ.พจนารถ จันทโรจวงศ์ ', 'โทร. 0-5561-2189-90 ', 'โทรสาร. 0-5561-2221 ', 'สุโขทัย\r'),
	(173, 'รพ.ตะพานหินรวมแพทย์ ', 'คุณบุญเลิศ คำนึงสิทธิ ', 'โทร. 0-5666-2678-80 ', 'โทรสาร. 0-5662-2208 ', 'พิจิตร\r'),
	(174, 'รพ.สหเวชพิจิตร ', 'นพ.เสริมสุข เหลาหชัยอรุณ ', 'โทร. 0-5661-2791-3 ', 'โทรสาร. 0-5661-2794 ', 'พิจิตร\r'),
	(175, 'รพ.พิษณุเวช ', 'นพ.สุเทพ นิ่มพิทักษ์พงศ์ ', 'โทร. 0-5524-4911-20 ', 'โทรสาร. 0-5525-2754 ', 'พิษณุโลก\r'),
	(176, 'รพ.รวมแพทย์ พิษณุโลก ', 'นพ.พีระเชษฐ์ ภู่เกียรติ ', 'โทร. 0-5521-9307 ', 'โทรสาร. 0-5524-1934 ', 'พิษณุโลก\r'),
	(177, 'รพ.รัตนเวช พิษณุโลก ', 'นพ.อุดม วาริทนันท์ ', 'โทร. 0-5521-0819-28 ', 'โทรสาร. 0-5521-1943 ', 'พิษณุโลก\r'),
	(178, 'รพ.อินเตอร์เวชการ ', 'นพ.ยงยศ จริยวิทยาวัฒน์ ', 'โทร. 0-5521-8777 ', 'โทรสาร. 0-5524-5678 ', 'พิษณุโลก\r'),
	(179, 'รพ.นครหล่ม ', 'นพ.พิเชษฐ์ อิศวสัมฤทธิ์ ', 'โทร. 0-5670-2015-7 ', 'โทรสาร. 0-5670-2018 ', 'เพชรบูรณ์\r'),
	(180, 'รพ.เพชรรัตน์ ', 'ทพ.ประจวบ จันทรคิด ', 'โทร. 0-5672-0600-4 ', 'โทรสาร. 0-5672-0679 ', 'เพชรบูรณ์\r'),
	(181, 'รพ.แพร่คริสเตียน ', 'นพ.สถาปน์ ชินวงศ์ ', 'โทร. 0-5451-1017 ', 'โทรสาร. 0-5452-2853 ', 'แพร่\r'),
	(182, 'รพ.แพร่-ราม ', 'นพ.วรชัย วงศ์วรกุล ', 'โทร. 0-5452-2911-3 ', 'โทรสาร. 0-5453-0007 ', 'แพร่\r'),
	(183, 'รพ.เกษมราษฎร์ศรีบุรินทร์ ', 'นพ.สมชัย ตั้งพร้อมพันธ์ ', 'โทร. 0-5371-7499 ', 'โทรสาร. 0-5371-7032 ', 'เชียงราย\r'),
	(184, 'รพ.โอเวอร์บรุ๊ค ', 'นพ.วิฑูรย์ ยงเมธาวุฒิ ', 'โทร. 0-5371-5830-4 ', 'โทรสาร. 0-5371-6755 ', 'เชียงราย\r'),
	(185, 'รพ.ช้างเผือก ', 'นพ.อำนวย ชิงชยานุรักษ์ ', 'โทร. 0-5322-0022 ', 'โทรสาร. 0-5321-8120 ', 'เชียงใหม่\r'),
	(186, 'รพ.เชียงใหม่ใกล้หมอ ', 'นพ.ศยาม เวศกิจกุล ', 'โทร. 0-5320-0002 ', 'โทรสาร. 0-5320-0002 ', 'เชียงใหม่\r'),
	(187, 'รพ.เชียงใหม่ราม ', 'นพ.วรพันธ์ อุณจักร ', 'โทร. 0-5322-4861 ', 'โทรสาร. 0-5322-4880 ', 'เชียงใหม่\r'),
	(188, 'รพ.เซ็นทรัลเชียงใหม่ ', 'คุณวรัญญา เลี้ยงลักษณ์เลิศ ', 'โทร. 0-5381-9333 ', 'โทรสาร. 0-5327-1624 ', 'เชียงใหม่\r'),
	(189, 'รพ.เทพปัญญา ', 'นพ.วรพันธ์ อุณจักร ', 'โทร. 0-5385-2590 ', 'โทรสาร. 0-5385-2590 ต่อ 3500 ', 'เชียงใหม่\r'),
	(190, 'รพ.แมคคอร์มิค ', 'tนพ.อดุล วรินทรเวช ', 'โทร. 0-5392-1777 ', 'โทรสาร. 0-5392-1734 ', 'เชียงใหม่\r'),
	(191, 'รพ.แมคเคน ', 'นพ.สมชาย อบบุญ ', 'โทร. 0-5381-7170 ', 'โทรสาร. 0-5312-4264 ', 'เชียงใหม่\r'),
	(192, 'รพ.รวมแพทย์ เชียงใหม่ ', 'นพ.สุมิน พฤกษิกานนท์ ', 'โทร. 0-5327-0144-8 ', 'โทรสาร. 0-5327-9256 ', 'เชียงใหม่\r'),
	(193, 'รพ.ราชเวชเชียงใหม่ ', 'ศ.นพ.ชาลี พรพัฒน์กุล ', 'โทร. 0-5380-1999 ', 'โทรสาร. 0-5380-1440 ', 'เชียงใหม่\r'),
	(194, 'รพ.ลานนา ', 'นพ.ดุสิต ศรีสกุล ', 'โทร. 0-5399-9701 ', 'โทรสาร. 0-5399-9799 ', 'เชียงใหม่\r'),
	(195, 'รพ.พะเยาราม ', 'นพ.ฐานิสร์ กาญจนรัตนากร ', 'โทร. 0-5441-1111-29 ', 'โทรสาร. 0-5441-1130 ', 'พะเยา\r'),
	(196, 'รพ.เขลางค์ ', 'นพ.บุญจง ชูชัยแสงรัตน์ ', 'โทร. 0-5422-5100 ', 'โทรสาร. 0-5422-5105 ', 'ลำปาง\r'),
	(197, 'รพ.หริภุญชัยเมโมเรียล ', 'นพ.วัชระ สนธิชัย ', 'โทร. 0-5358-1600-6 ', 'โทรสาร. 0-5358-1606 ', 'ลำพูน\r'),
	(198, 'รพ.วิรัชศิลป์ ', 'นพ.ประสิทธิ์ วิรัชสุขสมบัติ ', 'โทร. 0-7750-3238 ', 'โทรสาร. 0-7750-1163 ', 'ชุมพร\r'),
	(199, 'รพ.นครคริสเตียน ', 'นพ.ปรีชา มิตรกูล ', 'โทร. 0-7535-6214 ', 'โทรสาร. 0-7531-7110 ', 'นครศรีธรรมราช\r'),
	(200, 'รพ.นครพัฒน์ ', 'นพ.พรชัย ลีานิพนธ์ ', 'โทร. 0-7530-5999 ', 'โทรสาร. 0-7530-5954 ', 'นครศรีธรรมราช\r'),
	(201, 'รพ.นครินทร์ ', 'นพ.วิเชียร วิชานศวกุล ', 'โทร. 0-7531-2800-5 ', 'โทรสาร. 0-7531-7110 ', 'นครศรีธรรมราช\r'),
	(202, 'รพ.รวมแพทย์ทุ่งสง ', 'พญ.กษมาพร เที่ยงธรรม ', 'โทร. 0-7541-1330 ', 'โทรสาร. 0-7542-0685 ', 'นครศรีธรรมราช\r'),
	(203, 'รพ.กรุงเทพภูเก็ต ', 'นพ.ก้องเกียรติ เกษเพ็ชร ', 'โทร. 0-7625-4421-9 ', 'โทรสาร. 0-7625-4430 ', 'ภูเก็ต\r'),
	(204, 'รพ.สิริโรจน์ ', 'นพ.อนุโรจน์ ธารสิริโรจน์ ', 'โทร. 0-7624-9400 ', 'โทรสาร. 0-7621-0936 ', 'ภูเก็ต\r'),
	(205, 'รพ.ทักษิณ ', 'นพ.บรรจบ มานะกุล ', 'โทร. 0-7728-5701-5 ', 'โทรสาร. 0-7728-5701 ', 'สุราษฎร์ธานี\r'),
	(206, 'รพ.ไทยอินเตอร์เนชั่นแนล ', 'คุณกริชพงศ์ เค้าอุทัย ', 'โทร. 0-7724-5721-6 ', 'โทรสาร. 0-7724-5690 ', 'สุราษฎร์ธานี\r'),
	(207, 'รพ.บ้านดอนอินเตอร์ เกาะสมุย ', 'นพ.ชุมโชค จันทร์วิเมลือง ', 'โทร. 0-7724-5236 ', 'โทรสาร. 0-7748-5342 ', 'สุราษฎร์ธานี\r'),
	(208, 'รพ.ตรังรวมแพทย์ ', 'นพ.สมชัย เจียรนัยศิลป์ ', 'โทร. 0-7521-8988 ', 'โทรสาร. 0-7521-4684 ', 'ตรัง\r'),
	(209, 'รพ.วัฒนแพทย์ตรัง ', 'นพ.วิศิษฐ์ อมรวิทยารักษ์ ', 'โทร. 0-7520-5555 ', 'โทรสาร. 0-7520-5460 ', 'ตรัง\r'),
	(210, 'รพ.รวมแพทย์พัทลุง ', 'พญ.ศศินี โภคโต ', 'โทร. 0-7461-3166 ', 'โทรสาร. 0-7462-7370 ', 'พัทลุง\r'),
	(211, 'รพ.กรุงเทพหาดใหญ่ ', 'นพ.ณรงค์ฤทธิ์ ฮาวรังษี ', 'โทร. 0-7436-5780-9 ', 'โทรสาร. 0-7427-2840 ', 'สงขลา\r'),
	(212, 'รพ.มูลนิธิมิตรภาพสามัคคี ', 'นพ.จำลอง บ่อเกิด ', 'โทร. 0-7424-6446 ', 'โทรสาร. 0-7424-3549 ', 'สงขลา\r'),
	(213, 'รพ.ราษฎร์ยินดี ', 'คุณปิยพล ศรียะพันธุ์ ', 'โทร. 0-7420-0200 ', 'โทรสาร. 0-7420-0292 ', 'สงขลา\r'),
	(214, 'รพ.ศิครินทร์หาดใหญ่ ', 'นพ.อาคเนย์ สุขอยู่ ', 'โทร. 0-7436-6966 ', 'โทรสาร. 0-7436-6955 ', 'สงขลา');
/*!40000 ALTER TABLE `hospitals` ENABLE KEYS */;


# Dumping structure for table mml.invoice_lines
DROP TABLE IF EXISTS `invoice_lines`;
CREATE TABLE IF NOT EXISTS `invoice_lines` (
  `id` int(10) DEFAULT NULL,
  `invoice_id` int(10) DEFAULT NULL
) ENGINE=InnoDB DEFAULT CHARSET=utf8;

# Dumping data for table mml.invoice_lines: ~0 rows (approximately)
/*!40000 ALTER TABLE `invoice_lines` DISABLE KEYS */;
/*!40000 ALTER TABLE `invoice_lines` ENABLE KEYS */;


# Dumping structure for table mml.invoice_orders
DROP TABLE IF EXISTS `invoice_orders`;
CREATE TABLE IF NOT EXISTS `invoice_orders` (
  `id` int(10) NOT NULL AUTO_INCREMENT,
  `invoice_id` int(10) NOT NULL,
  `order_id` int(10) NOT NULL,
  PRIMARY KEY (`id`)
) ENGINE=MyISAM AUTO_INCREMENT=81 DEFAULT CHARSET=utf8 COMMENT='invoice_id  <= transaction_id';

# Dumping data for table mml.invoice_orders: 72 rows
/*!40000 ALTER TABLE `invoice_orders` DISABLE KEYS */;
INSERT INTO `invoice_orders` (`id`, `invoice_id`, `order_id`) VALUES
	(9, 8, 90),
	(10, 8, 93),
	(11, 8, 94),
	(12, 8, 95),
	(13, 9, 90),
	(14, 9, 93),
	(15, 9, 94),
	(16, 9, 95),
	(17, 10, 90),
	(18, 10, 93),
	(19, 10, 94),
	(20, 10, 95),
	(21, 11, 90),
	(22, 11, 93),
	(23, 11, 94),
	(24, 11, 95),
	(25, 12, 90),
	(26, 12, 93),
	(27, 12, 94),
	(28, 12, 95),
	(29, 13, 90),
	(30, 13, 93),
	(31, 13, 94),
	(32, 13, 95),
	(33, 14, 90),
	(34, 14, 93),
	(35, 14, 94),
	(36, 14, 95),
	(37, 15, 90),
	(38, 15, 93),
	(39, 15, 94),
	(40, 15, 95),
	(41, 16, 91),
	(42, 16, 93),
	(43, 16, 94),
	(44, 16, 95),
	(45, 16, 96),
	(46, 16, 97),
	(47, 17, 91),
	(48, 17, 93),
	(49, 17, 94),
	(50, 17, 95),
	(51, 17, 96),
	(52, 17, 97),
	(53, 18, 90),
	(54, 18, 91),
	(55, 18, 92),
	(56, 18, 93),
	(57, 18, 94),
	(58, 18, 95),
	(59, 18, 96),
	(60, 18, 97),
	(61, 19, 95),
	(62, 24, 94),
	(63, 25, 94),
	(64, 26, 98),
	(65, 30, 94),
	(66, 31, 94),
	(67, 34, 94),
	(68, 35, 94),
	(69, 36, 94),
	(70, 37, 94),
	(71, 38, 94),
	(72, 39, 94),
	(73, 40, 94),
	(74, 41, 114),
	(75, 42, 99),
	(76, 43, 94),
	(77, 44, 96),
	(78, 44, 97),
	(79, 45, 119),
	(80, 45, 120);
/*!40000 ALTER TABLE `invoice_orders` ENABLE KEYS */;


# Dumping structure for table mml.orders
DROP TABLE IF EXISTS `orders`;
CREATE TABLE IF NOT EXISTS `orders` (
  `id` bigint(11) NOT NULL AUTO_INCREMENT,
  `uuid` varchar(45) NOT NULL,
  `status_id` int(10) NOT NULL,
  `request_received` timestamp NULL DEFAULT NULL,
  `updated` timestamp NULL DEFAULT NULL,
  `request_date` date DEFAULT NULL,
  `confirm_date` date DEFAULT NULL,
  `confirm_user` bigint(11) DEFAULT NULL,
  `delivery_date` date DEFAULT NULL,
  `quote_price` decimal(10,2) DEFAULT NULL,
  `customer_id` bigint(11) NOT NULL,
  `patient_id` bigint(11) NOT NULL,
  `days` int(10) NOT NULL DEFAULT '1',
  `amount` double DEFAULT NULL,
  `amount_total` double DEFAULT NULL,
  `additional_charge` double DEFAULT NULL,
  `additional_charge_remark` text,
  `discount_factor` decimal(5,2) DEFAULT NULL,
  `price_adjustment` double DEFAULT NULL,
  `marketing_charge` varchar(200) DEFAULT NULL,
  `monthly_price` decimal(20,4) DEFAULT NULL,
  `daily_price` decimal(20,4) DEFAULT NULL,
  `total_weight` double DEFAULT NULL,
  `data` text,
  `invoice_id` bigint(11) DEFAULT NULL,
  `station_id` bigint(11) DEFAULT NULL,
  `remarks` varchar(500) DEFAULT NULL,
  PRIMARY KEY (`id`),
  KEY `transaction_patient` (`patient_id`),
  KEY `transaction_customer` (`customer_id`)
) ENGINE=MyISAM AUTO_INCREMENT=126 DEFAULT CHARSET=utf8 COMMENT='(request, quotation)';

# Dumping data for table mml.orders: 36 rows
/*!40000 ALTER TABLE `orders` DISABLE KEYS */;
INSERT INTO `orders` (`id`, `uuid`, `status_id`, `request_received`, `updated`, `request_date`, `confirm_date`, `confirm_user`, `delivery_date`, `quote_price`, `customer_id`, `patient_id`, `days`, `amount`, `amount_total`, `additional_charge`, `additional_charge_remark`, `discount_factor`, `price_adjustment`, `marketing_charge`, `monthly_price`, `daily_price`, `total_weight`, `data`, `invoice_id`, `station_id`, `remarks`) VALUES
	(90, '1111-016-00000090', 5, '2011-08-29 08:06:26', NULL, NULL, NULL, NULL, '0000-00-00', 4780.84, 16, 7, 1, 2525, 2525, NULL, NULL, 0.00, NULL, '', 75750.0000, 2525.0000, NULL, NULL, 18, 103, ''),
	(91, '1111-100-00000091', 1, '2011-08-29 08:07:33', NULL, NULL, NULL, NULL, '0000-00-00', 2573.60, 100, 7, 1, 965, 965, NULL, NULL, 0.00, NULL, '', 28950.0000, 965.0000, NULL, NULL, 18, 104, ''),
	(92, '1111-023-000092', 6, '2011-08-29 08:08:30', NULL, NULL, NULL, NULL, '0000-00-00', 4252.72, 23, 9, 30, 15300, 25300, 10000, NULL, 0.20, NULL, '', 25300.0000, 843.3333, NULL, NULL, 18, 103, ''),
	(93, '11-016-000093', 6, '2011-08-29 08:09:23', NULL, NULL, NULL, NULL, '0000-00-00', 0.00, 16, 12, 30, 900, 900, NULL, NULL, 0.10, NULL, '', 900.0000, 30.0000, NULL, NULL, 18, NULL, ''),
	(94, 'xx-xx-xxxxxx', 6, NULL, NULL, NULL, NULL, NULL, '2011-09-16', NULL, 16, 7, 0, NULL, NULL, NULL, NULL, NULL, NULL, NULL, NULL, NULL, NULL, NULL, NULL, NULL, NULL),
	(95, '11-016-000095', 6, '2011-09-01 23:10:03', NULL, NULL, NULL, NULL, '0000-00-00', 100000.00, 16, 7, 0, NULL, NULL, NULL, NULL, NULL, NULL, NULL, NULL, NULL, NULL, NULL, 19, NULL, NULL),
	(96, '11-100-000096', 6, '2011-09-01 23:58:35', NULL, NULL, NULL, NULL, '0000-00-00', 20.00, 100, 12, 0, NULL, NULL, NULL, NULL, NULL, NULL, NULL, NULL, NULL, NULL, NULL, NULL, NULL, NULL),
	(97, '1109-100-000097', 6, '2011-09-09 11:50:07', NULL, NULL, NULL, NULL, '2011-09-23', 2025.00, 100, 1, 5, NULL, 2025, NULL, NULL, NULL, NULL, NULL, NULL, NULL, NULL, NULL, 44, NULL, NULL),
	(98, '1109-012-000098', 6, '2011-09-14 15:56:55', NULL, NULL, NULL, NULL, '0000-00-00', 60750.00, 50, 7, 30, NULL, 60750, NULL, NULL, NULL, NULL, NULL, NULL, NULL, NULL, NULL, 26, 104, NULL),
	(99, '1109-015-000099', 6, '2011-09-15 21:19:01', NULL, NULL, NULL, NULL, '0000-00-00', 9300.00, 15, 8, 30, 15750, 15750, NULL, NULL, 0.00, NULL, '', 15750.0000, 525.0000, NULL, NULL, NULL, 110, ''),
	(100, '1109-012-000100', 2, '2011-09-16 19:22:43', NULL, NULL, NULL, NULL, '0000-00-00', 0.00, 12, 3, 0, NULL, 0, NULL, NULL, NULL, NULL, NULL, NULL, NULL, NULL, NULL, NULL, NULL, NULL),
	(101, '1109-016-000101', 4, '2011-09-16 19:27:55', NULL, NULL, NULL, NULL, '2011-10-21', 0.00, 16, 4, 20, NULL, 40100, NULL, NULL, NULL, NULL, NULL, NULL, NULL, NULL, NULL, NULL, NULL, NULL),
	(102, '1109-015-000102', 4, '2011-09-16 20:59:38', NULL, NULL, NULL, NULL, '0000-00-00', 20.00, 15, 0, 240, 76800, 82711, 500, NULL, 0.40, NULL, 'TEST', 10338.8750, 344.6292, NULL, NULL, NULL, NULL, 'personal note to doctor or patient'),
	(103, '1109-015-000103', 1, '2011-09-17 23:01:13', NULL, NULL, NULL, NULL, '0000-00-00', 0.00, 15, 0, 1, NULL, NULL, NULL, NULL, 0.00, NULL, '', NULL, NULL, NULL, NULL, NULL, NULL, ''),
	(104, '1109-013-000104', 1, '2011-09-18 18:47:35', NULL, NULL, NULL, NULL, '0000-00-00', 500.00, 13, 0, 1, 500, 535, NULL, NULL, 0.00, NULL, '', 16050.0000, 535.0000, NULL, NULL, NULL, NULL, ''),
	(105, '1109-015-000105', 1, '2011-09-18 19:15:36', NULL, NULL, NULL, NULL, '0000-00-00', 0.00, 15, 0, 1, NULL, NULL, NULL, NULL, 0.00, NULL, '', NULL, NULL, NULL, NULL, NULL, NULL, ''),
	(106, '1109-015-000106', 1, '2011-09-18 19:17:08', NULL, NULL, NULL, NULL, '0000-00-00', NULL, 15, 0, 1, NULL, NULL, NULL, NULL, 0.00, NULL, '', NULL, NULL, NULL, NULL, NULL, NULL, ''),
	(107, '1109-015-000107', 1, '2011-09-18 19:17:20', NULL, NULL, NULL, NULL, '0000-00-00', NULL, 15, 0, 1, NULL, NULL, NULL, NULL, 0.00, NULL, '', NULL, NULL, NULL, NULL, NULL, NULL, ''),
	(108, '1109-015-000108', 1, '2011-09-18 19:17:57', NULL, NULL, NULL, NULL, '0000-00-00', NULL, 15, 0, 1, NULL, NULL, NULL, NULL, 0.00, NULL, '', NULL, NULL, NULL, NULL, NULL, NULL, ''),
	(109, '1109-015-000109', 1, '2011-09-18 19:18:04', NULL, NULL, NULL, NULL, '0000-00-00', NULL, 15, 0, 1, NULL, NULL, NULL, NULL, 0.00, NULL, '', NULL, NULL, NULL, NULL, NULL, NULL, ''),
	(110, '1109-015-000110', 2, '2011-09-18 19:29:34', NULL, NULL, NULL, NULL, '0000-00-00', NULL, 15, 0, 1, 150, 160.5, NULL, NULL, 0.00, NULL, '', 4815.0000, 160.5000, NULL, NULL, NULL, NULL, ''),
	(111, '1109-015-000111', 1, '2011-09-18 19:29:57', NULL, NULL, NULL, NULL, '0000-00-00', 150.00, 15, 0, 1, 1075, 1150.25, NULL, NULL, 0.00, NULL, '', 34507.5000, 1150.2500, NULL, NULL, NULL, NULL, ''),
	(112, '1109-016-000112', 1, '2011-09-18 19:39:24', NULL, NULL, NULL, NULL, '0000-00-00', NULL, 16, 0, 1, -240, -256.8, NULL, NULL, 0.00, NULL, '', -7704.0000, -256.8000, NULL, NULL, NULL, NULL, ''),
	(113, '1109-015-000113', 1, '2011-09-18 20:25:39', NULL, NULL, NULL, NULL, '0000-00-00', NULL, 15, 0, 1, 240.665, 311.01155, 50, NULL, 0.30, NULL, '', 9330.3465, 311.0116, NULL, NULL, NULL, NULL, ''),
	(114, '1109-013-000114', 6, '2011-09-19 22:20:39', NULL, NULL, NULL, NULL, '0000-00-00', NULL, 13, 0, 10, 503900, 539173, NULL, NULL, 0.00, NULL, '', 1617519.0000, 53917.3000, NULL, NULL, 41, NULL, ''),
	(115, '1109-015-000115', 1, '2011-09-19 22:32:16', NULL, NULL, NULL, NULL, '0000-00-00', NULL, 15, 39, 10, NULL, NULL, NULL, NULL, 0.00, NULL, '', NULL, NULL, NULL, NULL, NULL, NULL, ''),
	(116, '1109-015-000116', 1, '2011-09-19 22:33:23', NULL, NULL, NULL, NULL, '0000-00-00', NULL, 15, 39, 10, 0, 0, NULL, NULL, 0.00, NULL, '', 0.0000, 0.0000, NULL, NULL, NULL, NULL, ''),
	(117, '1109-013-000117', 1, '2011-09-19 22:51:50', NULL, NULL, NULL, NULL, '0000-00-00', NULL, 13, 0, 1, NULL, NULL, NULL, NULL, 0.00, NULL, '', NULL, NULL, NULL, NULL, NULL, NULL, ''),
	(118, '1109-013-000118', 1, '2011-09-19 22:57:08', NULL, NULL, NULL, NULL, '0000-00-00', NULL, 13, 0, 1, NULL, NULL, NULL, NULL, 0.00, NULL, '', NULL, NULL, NULL, NULL, NULL, NULL, ''),
	(119, '1109-013-000119', 6, '2011-09-21 22:40:24', NULL, NULL, NULL, NULL, '0000-00-00', NULL, 13, 40, 30, 450, 450, NULL, NULL, 0.00, NULL, '', 450.0000, 15.0000, NULL, NULL, 45, NULL, ''),
	(120, '1109-013-000120', 6, '2011-09-21 22:41:06', NULL, NULL, NULL, NULL, '0000-00-00', NULL, 13, 41, 30, 12300, 12300, NULL, NULL, 0.15, NULL, '', 12300.0000, 410.0000, NULL, NULL, 45, NULL, ''),
	(121, '', 5, NULL, NULL, NULL, NULL, NULL, '0000-00-00', NULL, 16, 7, 1, 2525, 2525, NULL, NULL, 0.00, NULL, '', 75750.0000, 2525.0000, NULL, NULL, NULL, NULL, ''),
	(122, '1109-016-000000', 5, NULL, NULL, NULL, NULL, NULL, '0000-00-00', NULL, 16, 7, 1, NULL, NULL, NULL, NULL, 0.00, NULL, '', NULL, NULL, NULL, NULL, NULL, NULL, ''),
	(123, '1109-016-000000', 5, NULL, NULL, NULL, NULL, NULL, '0000-00-00', NULL, 16, 7, 1, NULL, NULL, NULL, NULL, 0.00, NULL, '', NULL, NULL, NULL, NULL, NULL, NULL, ''),
	(124, '1109-016-000124', 5, NULL, NULL, NULL, NULL, NULL, '0000-00-00', NULL, 16, 7, 1, 2525, 2525, NULL, NULL, 0.00, NULL, '', 75750.0000, 2525.0000, NULL, NULL, NULL, NULL, ''),
	(125, '1109-013-000125', 6, NULL, NULL, NULL, NULL, NULL, '0000-00-00', NULL, 13, 41, 30, NULL, NULL, NULL, NULL, 0.15, NULL, '', NULL, NULL, NULL, NULL, NULL, NULL, '');
/*!40000 ALTER TABLE `orders` ENABLE KEYS */;


# Dumping structure for table mml.order_items
DROP TABLE IF EXISTS `order_items`;
CREATE TABLE IF NOT EXISTS `order_items` (
  `id` bigint(11) NOT NULL AUTO_INCREMENT,
  `order_id` bigint(11) NOT NULL,
  `product_id` bigint(11) DEFAULT NULL,
  `order_per_day` varchar(45) DEFAULT NULL,
  `consume_time` varchar(45) DEFAULT NULL,
  `price` decimal(10,4) DEFAULT NULL,
  `quantity` decimal(10,6) DEFAULT NULL,
  `weight` decimal(10,6) DEFAULT NULL,
  `remarks` text,
  `unit_id` bigint(11) DEFAULT NULL,
  PRIMARY KEY (`id`),
  KEY `FK_order_items_orders` (`order_id`),
  KEY `FK_order_items_products` (`product_id`),
  KEY `FK_order_items_product_unit` (`unit_id`)
) ENGINE=MyISAM AUTO_INCREMENT=4167 DEFAULT CHARSET=utf8;

# Dumping data for table mml.order_items: 3,629 rows
/*!40000 ALTER TABLE `order_items` DISABLE KEYS */;
INSERT INTO `order_items` (`id`, `order_id`, `product_id`, `order_per_day`, `consume_time`, `price`, `quantity`, `weight`, `remarks`, `unit_id`) VALUES
	(538, 90, 1, '100', '["morning_and_evening"]', 10.0000, NULL, NULL, NULL, NULL),
	(539, 90, 9, '10', '["lunch"]', 10.0000, NULL, NULL, NULL, NULL),
	(540, 90, 10, '05', '["lunch"]', 5.0000, NULL, NULL, NULL, NULL),
	(541, 90, 13, '0', '["morning_and_evening"]', 0.0000, NULL, NULL, NULL, NULL),
	(542, 90, 29, '2000', '["morning_and_evening"]', 2000.0000, NULL, NULL, NULL, NULL),
	(543, 90, 7, '0', '["morning_and_evening"]', 0.0000, NULL, NULL, NULL, NULL),
	(544, 90, 8, '0', '["morning_and_evening"]', 0.0000, NULL, NULL, NULL, NULL),
	(545, 91, 1, '3000', '"morning_and_evening"', 3000.0000, NULL, NULL, NULL, NULL),
	(546, 91, 9, '0', '"morning_and_evening"', 0.0000, NULL, NULL, NULL, NULL),
	(547, 91, 10, '5', '"evening"', 5.0000, NULL, NULL, NULL, NULL),
	(548, 91, 13, '10', '["morning"]', 23.7290, NULL, NULL, NULL, NULL),
	(549, 91, 29, '0', '["morning_and_evening"]', 0.0000, NULL, NULL, NULL, NULL),
	(550, 91, 7, '0', '"morning_and_evening"', 0.0000, NULL, NULL, NULL, NULL),
	(551, 91, 8, '0', '"morning_and_evening"', 0.0000, NULL, NULL, NULL, NULL),
	(552, 92, 1, '5000', '["morning_and_evening"]', 150000.0000, NULL, NULL, NULL, NULL),
	(553, 92, 9, '10', '["morning_and_evening"]', 300.0000, NULL, NULL, NULL, NULL),
	(554, 92, 10, '0', '["morning_and_evening"]', 0.0000, NULL, NULL, NULL, NULL),
	(555, 92, 13, '0', '["morning_and_evening"]', 0.0000, NULL, NULL, NULL, NULL),
	(556, 92, 29, '0', '["morning_and_evening"]', 0.0000, NULL, NULL, NULL, NULL),
	(557, 92, 7, '0', '["morning_and_evening"]', 0.0000, NULL, NULL, NULL, NULL),
	(558, 92, 8, '0', '["morning_and_evening"]', 0.0000, NULL, NULL, NULL, NULL),
	(559, 93, 1, '200', '["morning","lunch"]', 600.0000, NULL, NULL, NULL, NULL),
	(560, 93, 9, '0', '["morning_and_evening"]', 0.0000, NULL, NULL, NULL, NULL),
	(561, 93, 10, '0', '["morning_and_evening"]', 0.0000, NULL, NULL, NULL, NULL),
	(562, 93, 13, '0', '["morning_and_evening"]', 0.0000, NULL, NULL, NULL, NULL),
	(563, 93, 29, '0', '["morning_and_evening"]', 0.0000, NULL, NULL, NULL, NULL),
	(564, 93, 7, '0', '["morning_and_evening"]', 0.0000, NULL, NULL, NULL, NULL),
	(565, 93, 8, '0', '["morning_and_evening"]', 0.0000, NULL, NULL, NULL, NULL),
	(566, 95, 1, '1000', '["morning_and_evening"]', 100000.0000, NULL, NULL, NULL, NULL),
	(567, 95, 9, '0', '["morning_and_evening"]', 0.0000, NULL, NULL, NULL, NULL),
	(568, 95, 10, '0', '["morning_and_evening"]', 0.0000, NULL, NULL, NULL, NULL),
	(569, 95, 13, '0', '["morning_and_evening"]', 0.0000, NULL, NULL, NULL, NULL),
	(570, 95, 29, '0', '["morning_and_evening"]', 0.0000, NULL, NULL, NULL, NULL),
	(571, 95, 31, '0', '["morning_and_evening"]', 0.0000, NULL, NULL, NULL, NULL),
	(572, 95, 34, '0', '["morning_and_evening"]', 0.0000, NULL, NULL, NULL, NULL),
	(573, 95, 35, '0', '["morning_and_evening"]', 0.0000, NULL, NULL, NULL, NULL),
	(574, 95, 7, '0', '["morning_and_evening"]', 0.0000, NULL, NULL, NULL, NULL),
	(575, 95, 8, '0', '["morning_and_evening"]', 0.0000, NULL, NULL, NULL, NULL),
	(576, 96, 1, '2000', '["evening","bedtime"]', 20.0000, NULL, NULL, NULL, NULL),
	(577, 96, 9, '0', '["morning_and_evening"]', 0.0000, NULL, NULL, NULL, NULL),
	(578, 96, 10, '0', '["morning_and_evening"]', 0.0000, NULL, NULL, NULL, NULL),
	(579, 96, 13, '0', '["morning_and_evening"]', 0.0000, NULL, NULL, NULL, NULL),
	(580, 96, 29, '0', '["morning_and_evening"]', 0.0000, NULL, NULL, NULL, NULL),
	(581, 96, 31, '0', '["morning_and_evening"]', 0.0000, NULL, NULL, NULL, NULL),
	(582, 96, 34, '0', '["morning_and_evening"]', 0.0000, NULL, NULL, NULL, NULL),
	(583, 96, 35, '0', '["morning_and_evening"]', 0.0000, NULL, NULL, NULL, NULL),
	(584, 96, 7, '0', '["morning_and_evening"]', 0.0000, NULL, NULL, NULL, NULL),
	(585, 96, 8, '0', '["morning_and_evening"]', 0.0000, NULL, NULL, NULL, NULL),
	(586, 97, 1, '2000', '["morning_and_evening"]', 2000.0000, NULL, NULL, NULL, NULL),
	(587, 97, 2, '10', '["evening","bedtime"]', 10.0000, NULL, NULL, NULL, NULL),
	(588, 97, 3, '05', '["morning_and_evening"]', 5.0000, NULL, NULL, NULL, NULL),
	(589, 97, 4, '10', '["lunch","evening"]', 10.0000, NULL, NULL, NULL, NULL),
	(590, 97, 5, '0', '["morning_and_evening"]', 0.0000, NULL, NULL, NULL, NULL),
	(591, 97, 6, '0', '["morning_and_evening"]', 0.0000, NULL, NULL, NULL, NULL),
	(592, 97, 7, '0', '["morning_and_evening"]', 0.0000, NULL, NULL, NULL, NULL),
	(593, 97, 8, '0', '["morning_and_evening"]', 0.0000, NULL, NULL, NULL, NULL),
	(594, 97, 9, '0', '["morning_and_evening"]', 0.0000, NULL, NULL, NULL, NULL),
	(595, 97, 10, '0', '["morning_and_evening"]', 0.0000, NULL, NULL, NULL, NULL),
	(596, 97, 11, '0', '["morning_and_evening"]', 0.0000, NULL, NULL, NULL, NULL),
	(597, 97, 12, '0', '["morning_and_evening"]', 0.0000, NULL, NULL, NULL, NULL),
	(598, 97, 13, '0', '["morning_and_evening"]', 0.0000, NULL, NULL, NULL, NULL),
	(599, 97, 14, '0', '["morning_and_evening"]', 0.0000, NULL, NULL, NULL, NULL),
	(600, 97, 15, '0', '["morning_and_evening"]', 0.0000, NULL, NULL, NULL, NULL),
	(601, 97, 115, '0', '["morning_and_evening"]', 0.0000, NULL, NULL, NULL, NULL),
	(602, 97, 116, '0', '["morning_and_evening"]', 0.0000, NULL, NULL, NULL, NULL),
	(603, 97, 117, '0', '["morning_and_evening"]', 0.0000, NULL, NULL, NULL, NULL),
	(604, 97, 118, '0', '["morning_and_evening"]', 0.0000, NULL, NULL, NULL, NULL),
	(605, 97, 119, '0', '["morning_and_evening"]', 0.0000, NULL, NULL, NULL, NULL),
	(606, 97, 120, '0', '["morning_and_evening"]', 0.0000, NULL, NULL, NULL, NULL),
	(607, 97, 121, '0', '["morning_and_evening"]', 0.0000, NULL, NULL, NULL, NULL),
	(608, 97, 122, '0', '["morning_and_evening"]', 0.0000, NULL, NULL, NULL, NULL),
	(609, 97, 123, '0', '["morning_and_evening"]', 0.0000, NULL, NULL, NULL, NULL),
	(610, 97, 124, '0', '["morning_and_evening"]', 0.0000, NULL, NULL, NULL, NULL),
	(611, 97, 125, '0', '["morning_and_evening"]', 0.0000, NULL, NULL, NULL, NULL),
	(612, 97, 126, '0', '["morning_and_evening"]', 0.0000, NULL, NULL, NULL, NULL),
	(613, 97, 127, '0', '["morning_and_evening"]', 0.0000, NULL, NULL, NULL, NULL),
	(614, 97, 128, '0', '["morning_and_evening"]', 0.0000, NULL, NULL, NULL, NULL),
	(615, 97, 129, '0', '["morning_and_evening"]', 0.0000, NULL, NULL, NULL, NULL),
	(616, 97, 16, '0', '["morning_and_evening"]', 0.0000, NULL, NULL, NULL, NULL),
	(617, 97, 17, '0', '["morning_and_evening"]', 0.0000, NULL, NULL, NULL, NULL),
	(618, 97, 18, '0', '["morning_and_evening"]', 0.0000, NULL, NULL, NULL, NULL),
	(619, 97, 19, '0', '["morning_and_evening"]', 0.0000, NULL, NULL, NULL, NULL),
	(620, 97, 20, '0', '["morning_and_evening"]', 0.0000, NULL, NULL, NULL, NULL),
	(621, 97, 21, '0', '["morning_and_evening"]', 0.0000, NULL, NULL, NULL, NULL),
	(622, 97, 22, '0', '["morning_and_evening"]', 0.0000, NULL, NULL, NULL, NULL),
	(623, 97, 23, '0', '["morning_and_evening"]', 0.0000, NULL, NULL, NULL, NULL),
	(624, 97, 24, '0', '["morning_and_evening"]', 0.0000, NULL, NULL, NULL, NULL),
	(625, 97, 25, '0', '["morning_and_evening"]', 0.0000, NULL, NULL, NULL, NULL),
	(626, 97, 26, '0', '["morning_and_evening"]', 0.0000, NULL, NULL, NULL, NULL),
	(627, 97, 27, '0', '["morning_and_evening"]', 0.0000, NULL, NULL, NULL, NULL),
	(628, 97, 28, '0', '["morning_and_evening"]', 0.0000, NULL, NULL, NULL, NULL),
	(629, 97, 29, '0', '["morning_and_evening"]', 0.0000, NULL, NULL, NULL, NULL),
	(630, 97, 130, '0', '["morning_and_evening"]', 0.0000, NULL, NULL, NULL, NULL),
	(631, 97, 131, '0', '["morning_and_evening"]', 0.0000, NULL, NULL, NULL, NULL),
	(632, 97, 132, '0', '["morning_and_evening"]', 0.0000, NULL, NULL, NULL, NULL),
	(633, 97, 133, '0', '["morning_and_evening"]', 0.0000, NULL, NULL, NULL, NULL),
	(634, 97, 134, '0', '["morning_and_evening"]', 0.0000, NULL, NULL, NULL, NULL),
	(635, 97, 135, '0', '["morning_and_evening"]', 0.0000, NULL, NULL, NULL, NULL),
	(636, 97, 136, '0', '["morning_and_evening"]', 0.0000, NULL, NULL, NULL, NULL),
	(637, 97, 137, '0', '["morning_and_evening"]', 0.0000, NULL, NULL, NULL, NULL),
	(638, 97, 138, '0', '["morning_and_evening"]', 0.0000, NULL, NULL, NULL, NULL),
	(639, 97, 139, '0', '["morning_and_evening"]', 0.0000, NULL, NULL, NULL, NULL),
	(640, 97, 140, '0', '["morning_and_evening"]', 0.0000, NULL, NULL, NULL, NULL),
	(641, 97, 141, '0', '["morning_and_evening"]', 0.0000, NULL, NULL, NULL, NULL),
	(642, 97, 142, '0', '["morning_and_evening"]', 0.0000, NULL, NULL, NULL, NULL),
	(643, 97, 143, '0', '["morning_and_evening"]', 0.0000, NULL, NULL, NULL, NULL),
	(644, 97, 30, '0', '["morning_and_evening"]', 0.0000, NULL, NULL, NULL, NULL),
	(645, 97, 31, '0', '["morning_and_evening"]', 0.0000, NULL, NULL, NULL, NULL),
	(646, 97, 32, '0', '["morning_and_evening"]', 0.0000, NULL, NULL, NULL, NULL),
	(647, 97, 33, '0', '["morning_and_evening"]', 0.0000, NULL, NULL, NULL, NULL),
	(648, 97, 34, '0', '["morning_and_evening"]', 0.0000, NULL, NULL, NULL, NULL),
	(649, 97, 144, '0', '["morning_and_evening"]', 0.0000, NULL, NULL, NULL, NULL),
	(650, 97, 145, '0', '["morning_and_evening"]', 0.0000, NULL, NULL, NULL, NULL),
	(651, 97, 146, '0', '["morning_and_evening"]', 0.0000, NULL, NULL, NULL, NULL),
	(652, 97, 147, '0', '["morning_and_evening"]', 0.0000, NULL, NULL, NULL, NULL),
	(653, 97, 148, '0', '["morning_and_evening"]', 0.0000, NULL, NULL, NULL, NULL),
	(654, 97, 35, '0', '["morning_and_evening"]', 0.0000, NULL, NULL, NULL, NULL),
	(655, 97, 36, '0', '["morning_and_evening"]', 0.0000, NULL, NULL, NULL, NULL),
	(656, 97, 37, '0', '["morning_and_evening"]', 0.0000, NULL, NULL, NULL, NULL),
	(657, 97, 38, '0', '["morning_and_evening"]', 0.0000, NULL, NULL, NULL, NULL),
	(658, 97, 39, '0', '["morning_and_evening"]', 0.0000, NULL, NULL, NULL, NULL),
	(659, 97, 40, '0', '["morning_and_evening"]', 0.0000, NULL, NULL, NULL, NULL),
	(660, 97, 41, '0', '["morning_and_evening"]', 0.0000, NULL, NULL, NULL, NULL),
	(661, 97, 42, '0', '["morning_and_evening"]', 0.0000, NULL, NULL, NULL, NULL),
	(662, 97, 43, '0', '["morning_and_evening"]', 0.0000, NULL, NULL, NULL, NULL),
	(663, 97, 44, '0', '["morning_and_evening"]', 0.0000, NULL, NULL, NULL, NULL),
	(664, 97, 45, '0', '["morning_and_evening"]', 0.0000, NULL, NULL, NULL, NULL),
	(665, 97, 46, '0', '["morning_and_evening"]', 0.0000, NULL, NULL, NULL, NULL),
	(666, 97, 47, '0', '["morning_and_evening"]', 0.0000, NULL, NULL, NULL, NULL),
	(667, 97, 48, '0', '["morning_and_evening"]', 0.0000, NULL, NULL, NULL, NULL),
	(668, 97, 49, '0', '["morning_and_evening"]', 0.0000, NULL, NULL, NULL, NULL),
	(669, 97, 50, '0', '["morning_and_evening"]', 0.0000, NULL, NULL, NULL, NULL),
	(670, 97, 149, '0', '["morning_and_evening"]', 0.0000, NULL, NULL, NULL, NULL),
	(671, 97, 150, '0', '["morning_and_evening"]', 0.0000, NULL, NULL, NULL, NULL),
	(672, 97, 151, '0', '["morning_and_evening"]', 0.0000, NULL, NULL, NULL, NULL),
	(673, 97, 152, '0', '["morning_and_evening"]', 0.0000, NULL, NULL, NULL, NULL),
	(674, 97, 153, '0', '["morning_and_evening"]', 0.0000, NULL, NULL, NULL, NULL),
	(675, 97, 154, '0', '["morning_and_evening"]', 0.0000, NULL, NULL, NULL, NULL),
	(676, 97, 155, '0', '["morning_and_evening"]', 0.0000, NULL, NULL, NULL, NULL),
	(677, 97, 156, '0', '["morning_and_evening"]', 0.0000, NULL, NULL, NULL, NULL),
	(678, 97, 157, '0', '["morning_and_evening"]', 0.0000, NULL, NULL, NULL, NULL),
	(679, 97, 158, '0', '["morning_and_evening"]', 0.0000, NULL, NULL, NULL, NULL),
	(680, 97, 159, '0', '["morning_and_evening"]', 0.0000, NULL, NULL, NULL, NULL),
	(681, 97, 160, '0', '["morning_and_evening"]', 0.0000, NULL, NULL, NULL, NULL),
	(682, 97, 161, '0', '["morning_and_evening"]', 0.0000, NULL, NULL, NULL, NULL),
	(683, 97, 162, '0', '["morning_and_evening"]', 0.0000, NULL, NULL, NULL, NULL),
	(684, 97, 163, '0', '["morning_and_evening"]', 0.0000, NULL, NULL, NULL, NULL),
	(685, 97, 164, '0', '["morning_and_evening"]', 0.0000, NULL, NULL, NULL, NULL),
	(686, 97, 51, '0', '["morning_and_evening"]', 0.0000, NULL, NULL, NULL, NULL),
	(687, 97, 52, '0', '["morning_and_evening"]', 0.0000, NULL, NULL, NULL, NULL),
	(688, 97, 53, '0', '["morning_and_evening"]', 0.0000, NULL, NULL, NULL, NULL),
	(689, 97, 54, '0', '["morning_and_evening"]', 0.0000, NULL, NULL, NULL, NULL),
	(690, 97, 55, '0', '["morning_and_evening"]', 0.0000, NULL, NULL, NULL, NULL),
	(691, 97, 56, '0', '["morning_and_evening"]', 0.0000, NULL, NULL, NULL, NULL),
	(692, 97, 57, '0', '["morning_and_evening"]', 0.0000, NULL, NULL, NULL, NULL),
	(693, 97, 58, '0', '["morning_and_evening"]', 0.0000, NULL, NULL, NULL, NULL),
	(694, 97, 59, '0', '["morning_and_evening"]', 0.0000, NULL, NULL, NULL, NULL),
	(695, 97, 60, '0', '["morning_and_evening"]', 0.0000, NULL, NULL, NULL, NULL),
	(696, 97, 61, '0', '["morning_and_evening"]', 0.0000, NULL, NULL, NULL, NULL),
	(697, 97, 62, '0', '["morning_and_evening"]', 0.0000, NULL, NULL, NULL, NULL),
	(698, 97, 63, '0', '["morning_and_evening"]', 0.0000, NULL, NULL, NULL, NULL),
	(699, 97, 165, '0', '["morning_and_evening"]', 0.0000, NULL, NULL, NULL, NULL),
	(700, 97, 166, '0', '["morning_and_evening"]', 0.0000, NULL, NULL, NULL, NULL),
	(701, 97, 167, '0', '["morning_and_evening"]', 0.0000, NULL, NULL, NULL, NULL),
	(702, 97, 168, '0', '["morning_and_evening"]', 0.0000, NULL, NULL, NULL, NULL),
	(703, 97, 169, '0', '["morning_and_evening"]', 0.0000, NULL, NULL, NULL, NULL),
	(704, 97, 170, '0', '["morning_and_evening"]', 0.0000, NULL, NULL, NULL, NULL),
	(705, 97, 171, '0', '["morning_and_evening"]', 0.0000, NULL, NULL, NULL, NULL),
	(706, 97, 172, '0', '["morning_and_evening"]', 0.0000, NULL, NULL, NULL, NULL),
	(707, 97, 173, '0', '["morning_and_evening"]', 0.0000, NULL, NULL, NULL, NULL),
	(708, 97, 174, '0', '["morning_and_evening"]', 0.0000, NULL, NULL, NULL, NULL),
	(709, 97, 175, '0', '["morning_and_evening"]', 0.0000, NULL, NULL, NULL, NULL),
	(710, 97, 176, '0', '["morning_and_evening"]', 0.0000, NULL, NULL, NULL, NULL),
	(711, 97, 177, '0', '["morning_and_evening"]', 0.0000, NULL, NULL, NULL, NULL),
	(712, 97, 64, '0', '["morning_and_evening"]', 0.0000, NULL, NULL, NULL, NULL),
	(713, 97, 65, '0', '["morning_and_evening"]', 0.0000, NULL, NULL, NULL, NULL),
	(714, 97, 66, '0', '["morning_and_evening"]', 0.0000, NULL, NULL, NULL, NULL),
	(715, 97, 178, '0', '["morning_and_evening"]', 0.0000, NULL, NULL, NULL, NULL),
	(716, 97, 179, '0', '["morning_and_evening"]', 0.0000, NULL, NULL, NULL, NULL),
	(717, 97, 180, '0', '["morning_and_evening"]', 0.0000, NULL, NULL, NULL, NULL),
	(718, 97, 67, '0', '["morning_and_evening"]', 0.0000, NULL, NULL, NULL, NULL),
	(719, 97, 68, '0', '["morning_and_evening"]', 0.0000, NULL, NULL, NULL, NULL),
	(720, 97, 69, '0', '["morning_and_evening"]', 0.0000, NULL, NULL, NULL, NULL),
	(721, 97, 181, '0', '["morning_and_evening"]', 0.0000, NULL, NULL, NULL, NULL),
	(722, 97, 182, '0', '["morning_and_evening"]', 0.0000, NULL, NULL, NULL, NULL),
	(723, 97, 183, '0', '["morning_and_evening"]', 0.0000, NULL, NULL, NULL, NULL),
	(724, 97, 70, '0', '["morning_and_evening"]', 0.0000, NULL, NULL, NULL, NULL),
	(725, 97, 71, '0', '["morning_and_evening"]', 0.0000, NULL, NULL, NULL, NULL),
	(726, 97, 72, '0', '["morning_and_evening"]', 0.0000, NULL, NULL, NULL, NULL),
	(727, 97, 73, '0', '["morning_and_evening"]', 0.0000, NULL, NULL, NULL, NULL),
	(728, 97, 74, '0', '["morning_and_evening"]', 0.0000, NULL, NULL, NULL, NULL),
	(729, 97, 75, '0', '["morning_and_evening"]', 0.0000, NULL, NULL, NULL, NULL),
	(730, 97, 76, '0', '["morning_and_evening"]', 0.0000, NULL, NULL, NULL, NULL),
	(731, 97, 77, '0', '["morning_and_evening"]', 0.0000, NULL, NULL, NULL, NULL),
	(732, 97, 78, '0', '["morning_and_evening"]', 0.0000, NULL, NULL, NULL, NULL),
	(733, 97, 79, '0', '["morning_and_evening"]', 0.0000, NULL, NULL, NULL, NULL),
	(734, 97, 80, '0', '["morning_and_evening"]', 0.0000, NULL, NULL, NULL, NULL),
	(735, 97, 81, '0', '["morning_and_evening"]', 0.0000, NULL, NULL, NULL, NULL),
	(736, 97, 82, '0', '["morning_and_evening"]', 0.0000, NULL, NULL, NULL, NULL),
	(737, 97, 83, '0', '["morning_and_evening"]', 0.0000, NULL, NULL, NULL, NULL),
	(738, 97, 84, '0', '["morning_and_evening"]', 0.0000, NULL, NULL, NULL, NULL),
	(739, 97, 85, '0', '["morning_and_evening"]', 0.0000, NULL, NULL, NULL, NULL),
	(740, 97, 86, '0', '["morning_and_evening"]', 0.0000, NULL, NULL, NULL, NULL),
	(741, 97, 87, '0', '["morning_and_evening"]', 0.0000, NULL, NULL, NULL, NULL),
	(742, 97, 88, '0', '["morning_and_evening"]', 0.0000, NULL, NULL, NULL, NULL),
	(743, 97, 89, '0', '["morning_and_evening"]', 0.0000, NULL, NULL, NULL, NULL),
	(744, 97, 90, '0', '["morning_and_evening"]', 0.0000, NULL, NULL, NULL, NULL),
	(745, 97, 91, '0', '["morning_and_evening"]', 0.0000, NULL, NULL, NULL, NULL),
	(746, 97, 92, '0', '["morning_and_evening"]', 0.0000, NULL, NULL, NULL, NULL),
	(747, 97, 93, '0', '["morning_and_evening"]', 0.0000, NULL, NULL, NULL, NULL),
	(748, 97, 94, '0', '["morning_and_evening"]', 0.0000, NULL, NULL, NULL, NULL),
	(749, 97, 95, '0', '["morning_and_evening"]', 0.0000, NULL, NULL, NULL, NULL),
	(750, 97, 96, '0', '["morning_and_evening"]', 0.0000, NULL, NULL, NULL, NULL),
	(751, 97, 97, '0', '["morning_and_evening"]', 0.0000, NULL, NULL, NULL, NULL),
	(752, 97, 98, '0', '["morning_and_evening"]', 0.0000, NULL, NULL, NULL, NULL),
	(753, 97, 99, '0', '["morning_and_evening"]', 0.0000, NULL, NULL, NULL, NULL),
	(754, 97, 100, '0', '["morning_and_evening"]', 0.0000, NULL, NULL, NULL, NULL),
	(755, 97, 101, '0', '["morning_and_evening"]', 0.0000, NULL, NULL, NULL, NULL),
	(756, 97, 102, '0', '["morning_and_evening"]', 0.0000, NULL, NULL, NULL, NULL),
	(757, 97, 103, '0', '["morning_and_evening"]', 0.0000, NULL, NULL, NULL, NULL),
	(758, 97, 104, '0', '["morning_and_evening"]', 0.0000, NULL, NULL, NULL, NULL),
	(759, 97, 105, '0', '["morning_and_evening"]', 0.0000, NULL, NULL, NULL, NULL),
	(760, 97, 106, '0', '["morning_and_evening"]', 0.0000, NULL, NULL, NULL, NULL),
	(761, 97, 107, '0', '["morning_and_evening"]', 0.0000, NULL, NULL, NULL, NULL),
	(762, 97, 108, '0', '["morning_and_evening"]', 0.0000, NULL, NULL, NULL, NULL),
	(763, 97, 184, '0', '["morning_and_evening"]', 0.0000, NULL, NULL, NULL, NULL),
	(764, 97, 185, '0', '["morning_and_evening"]', 0.0000, NULL, NULL, NULL, NULL),
	(765, 97, 186, '0', '["morning_and_evening"]', 0.0000, NULL, NULL, NULL, NULL),
	(766, 97, 187, '0', '["morning_and_evening"]', 0.0000, NULL, NULL, NULL, NULL),
	(767, 97, 188, '0', '["morning_and_evening"]', 0.0000, NULL, NULL, NULL, NULL),
	(768, 97, 189, '0', '["morning_and_evening"]', 0.0000, NULL, NULL, NULL, NULL),
	(769, 97, 190, '0', '["morning_and_evening"]', 0.0000, NULL, NULL, NULL, NULL),
	(770, 97, 191, '0', '["morning_and_evening"]', 0.0000, NULL, NULL, NULL, NULL),
	(771, 97, 192, '0', '["morning_and_evening"]', 0.0000, NULL, NULL, NULL, NULL),
	(772, 97, 193, '0', '["morning_and_evening"]', 0.0000, NULL, NULL, NULL, NULL),
	(773, 97, 194, '0', '["morning_and_evening"]', 0.0000, NULL, NULL, NULL, NULL),
	(774, 97, 195, '0', '["morning_and_evening"]', 0.0000, NULL, NULL, NULL, NULL),
	(775, 97, 196, '0', '["morning_and_evening"]', 0.0000, NULL, NULL, NULL, NULL),
	(776, 97, 197, '0', '["morning_and_evening"]', 0.0000, NULL, NULL, NULL, NULL),
	(777, 97, 198, '0', '["morning_and_evening"]', 0.0000, NULL, NULL, NULL, NULL),
	(778, 97, 199, '0', '["morning_and_evening"]', 0.0000, NULL, NULL, NULL, NULL),
	(779, 97, 200, '0', '["morning_and_evening"]', 0.0000, NULL, NULL, NULL, NULL),
	(780, 97, 201, '0', '["morning_and_evening"]', 0.0000, NULL, NULL, NULL, NULL),
	(781, 97, 202, '0', '["morning_and_evening"]', 0.0000, NULL, NULL, NULL, NULL),
	(782, 97, 203, '0', '["morning_and_evening"]', 0.0000, NULL, NULL, NULL, NULL),
	(783, 97, 204, '0', '["morning_and_evening"]', 0.0000, NULL, NULL, NULL, NULL),
	(784, 97, 205, '0', '["morning_and_evening"]', 0.0000, NULL, NULL, NULL, NULL),
	(785, 97, 206, '0', '["morning_and_evening"]', 0.0000, NULL, NULL, NULL, NULL),
	(786, 97, 207, '0', '["morning_and_evening"]', 0.0000, NULL, NULL, NULL, NULL),
	(787, 97, 208, '0', '["morning_and_evening"]', 0.0000, NULL, NULL, NULL, NULL),
	(788, 97, 209, '0', '["morning_and_evening"]', 0.0000, NULL, NULL, NULL, NULL),
	(789, 97, 210, '0', '["morning_and_evening"]', 0.0000, NULL, NULL, NULL, NULL),
	(790, 97, 211, '0', '["morning_and_evening"]', 0.0000, NULL, NULL, NULL, NULL),
	(791, 97, 212, '0', '["morning_and_evening"]', 0.0000, NULL, NULL, NULL, NULL),
	(792, 97, 213, '0', '["morning_and_evening"]', 0.0000, NULL, NULL, NULL, NULL),
	(793, 97, 214, '0', '["morning_and_evening"]', 0.0000, NULL, NULL, NULL, NULL),
	(794, 97, 215, '0', '["morning_and_evening"]', 0.0000, NULL, NULL, NULL, NULL),
	(795, 97, 216, '0', '["morning_and_evening"]', 0.0000, NULL, NULL, NULL, NULL),
	(796, 97, 217, '0', '["morning_and_evening"]', 0.0000, NULL, NULL, NULL, NULL),
	(797, 97, 218, '0', '["morning_and_evening"]', 0.0000, NULL, NULL, NULL, NULL),
	(798, 97, 219, '0', '["morning_and_evening"]', 0.0000, NULL, NULL, NULL, NULL),
	(799, 97, 220, '0', '["morning_and_evening"]', 0.0000, NULL, NULL, NULL, NULL),
	(800, 97, 221, '0', '["morning_and_evening"]', 0.0000, NULL, NULL, NULL, NULL),
	(801, 97, 222, '0', '["morning_and_evening"]', 0.0000, NULL, NULL, NULL, NULL),
	(802, 97, 109, '0', '["morning_and_evening"]', 0.0000, NULL, NULL, NULL, NULL),
	(803, 97, 110, '0', '["morning_and_evening"]', 0.0000, NULL, NULL, NULL, NULL),
	(804, 97, 111, '0', '["morning_and_evening"]', 0.0000, NULL, NULL, NULL, NULL),
	(805, 97, 112, '0', '["morning_and_evening"]', 0.0000, NULL, NULL, NULL, NULL),
	(806, 97, 113, '0', '["morning_and_evening"]', 0.0000, NULL, NULL, NULL, NULL),
	(807, 97, 114, '0', '["morning_and_evening"]', 0.0000, NULL, NULL, NULL, NULL),
	(808, 97, 223, '0', '["morning_and_evening"]', 0.0000, NULL, NULL, NULL, NULL),
	(809, 97, 224, '0', '["morning_and_evening"]', 0.0000, NULL, NULL, NULL, NULL),
	(810, 97, 225, '0', '["morning_and_evening"]', 0.0000, NULL, NULL, NULL, NULL),
	(811, 97, 226, '0', '["morning_and_evening"]', 0.0000, NULL, NULL, NULL, NULL),
	(812, 97, 227, '0', '["morning_and_evening"]', 0.0000, NULL, NULL, NULL, NULL),
	(813, 97, 228, '0', '["morning_and_evening"]', 0.0000, NULL, NULL, NULL, NULL),
	(814, 92, 2, '0', '["morning_and_evening"]', 0.0000, NULL, NULL, NULL, NULL),
	(815, 92, 3, '0', '["morning_and_evening"]', 0.0000, NULL, NULL, NULL, NULL),
	(816, 92, 4, '0', '["morning_and_evening"]', 0.0000, NULL, NULL, NULL, NULL),
	(817, 92, 5, '0', '["morning_and_evening"]', 0.0000, NULL, NULL, NULL, NULL),
	(818, 92, 6, '0', '["morning_and_evening"]', 0.0000, NULL, NULL, NULL, NULL),
	(819, 92, 11, '0', '["morning_and_evening"]', 0.0000, NULL, NULL, NULL, NULL),
	(820, 92, 12, '0', '["morning_and_evening"]', 0.0000, NULL, NULL, NULL, NULL),
	(821, 92, 14, '0', '["morning_and_evening"]', 0.0000, NULL, NULL, NULL, NULL),
	(822, 92, 15, '0', '["morning_and_evening"]', 0.0000, NULL, NULL, NULL, NULL),
	(823, 92, 115, '0', '["morning_and_evening"]', 0.0000, NULL, NULL, NULL, NULL),
	(824, 92, 116, '0', '["morning_and_evening"]', 0.0000, NULL, NULL, NULL, NULL),
	(825, 92, 117, '0', '["morning_and_evening"]', 0.0000, NULL, NULL, NULL, NULL),
	(826, 92, 118, '0', '["morning_and_evening"]', 0.0000, NULL, NULL, NULL, NULL),
	(827, 92, 119, '0', '["morning_and_evening"]', 0.0000, NULL, NULL, NULL, NULL),
	(828, 92, 120, '0', '["morning_and_evening"]', 0.0000, NULL, NULL, NULL, NULL),
	(829, 92, 121, '0', '["morning_and_evening"]', 0.0000, NULL, NULL, NULL, NULL),
	(830, 92, 122, '0', '["morning_and_evening"]', 0.0000, NULL, NULL, NULL, NULL),
	(831, 92, 123, '0', '["morning_and_evening"]', 0.0000, NULL, NULL, NULL, NULL),
	(832, 92, 124, '0', '["morning_and_evening"]', 0.0000, NULL, NULL, NULL, NULL),
	(833, 92, 125, '0', '["morning_and_evening"]', 0.0000, NULL, NULL, NULL, NULL),
	(834, 92, 126, '0', '["morning_and_evening"]', 0.0000, NULL, NULL, NULL, NULL),
	(835, 92, 127, '0', '["morning_and_evening"]', 0.0000, NULL, NULL, NULL, NULL),
	(836, 92, 128, '0', '["morning_and_evening"]', 0.0000, NULL, NULL, NULL, NULL),
	(837, 92, 129, '0', '["morning_and_evening"]', 0.0000, NULL, NULL, NULL, NULL),
	(838, 92, 16, '0', '["morning_and_evening"]', 0.0000, NULL, NULL, NULL, NULL),
	(839, 92, 17, '0', '["morning_and_evening"]', 0.0000, NULL, NULL, NULL, NULL),
	(840, 92, 18, '0', '["morning_and_evening"]', 0.0000, NULL, NULL, NULL, NULL),
	(841, 92, 19, '0', '["morning_and_evening"]', 0.0000, NULL, NULL, NULL, NULL),
	(842, 92, 20, '0', '["morning_and_evening"]', 0.0000, NULL, NULL, NULL, NULL),
	(843, 92, 21, '0', '["morning_and_evening"]', 0.0000, NULL, NULL, NULL, NULL),
	(844, 92, 22, '0', '["morning_and_evening"]', 0.0000, NULL, NULL, NULL, NULL),
	(845, 92, 23, '0', '["morning_and_evening"]', 0.0000, NULL, NULL, NULL, NULL),
	(846, 92, 24, '0', '["morning_and_evening"]', 0.0000, NULL, NULL, NULL, NULL),
	(847, 92, 25, '0', '["morning_and_evening"]', 0.0000, NULL, NULL, NULL, NULL),
	(848, 92, 26, '0', '["morning_and_evening"]', 0.0000, NULL, NULL, NULL, NULL),
	(849, 92, 27, '0', '["morning_and_evening"]', 0.0000, NULL, NULL, NULL, NULL),
	(850, 92, 28, '0', '["morning_and_evening"]', 0.0000, NULL, NULL, NULL, NULL),
	(851, 92, 130, '0', '["morning_and_evening"]', 0.0000, NULL, NULL, NULL, NULL),
	(852, 92, 131, '0', '["morning_and_evening"]', 0.0000, NULL, NULL, NULL, NULL),
	(853, 92, 132, '0', '["morning_and_evening"]', 0.0000, NULL, NULL, NULL, NULL),
	(854, 92, 133, '0', '["morning_and_evening"]', 0.0000, NULL, NULL, NULL, NULL),
	(855, 92, 134, '0', '["morning_and_evening"]', 0.0000, NULL, NULL, NULL, NULL),
	(856, 92, 135, '0', '["morning_and_evening"]', 0.0000, NULL, NULL, NULL, NULL),
	(857, 92, 136, '0', '["morning_and_evening"]', 0.0000, NULL, NULL, NULL, NULL),
	(858, 92, 137, '0', '["morning_and_evening"]', 0.0000, NULL, NULL, NULL, NULL),
	(859, 92, 138, '0', '["morning_and_evening"]', 0.0000, NULL, NULL, NULL, NULL),
	(860, 92, 139, '0', '["morning_and_evening"]', 0.0000, NULL, NULL, NULL, NULL),
	(861, 92, 140, '0', '["morning_and_evening"]', 0.0000, NULL, NULL, NULL, NULL),
	(862, 92, 141, '0', '["morning_and_evening"]', 0.0000, NULL, NULL, NULL, NULL),
	(863, 92, 142, '0', '["morning_and_evening"]', 0.0000, NULL, NULL, NULL, NULL),
	(864, 92, 143, '0', '["morning_and_evening"]', 0.0000, NULL, NULL, NULL, NULL),
	(865, 92, 30, '0', '["morning_and_evening"]', 0.0000, NULL, NULL, NULL, NULL),
	(866, 92, 31, '0', '["morning_and_evening"]', 0.0000, NULL, NULL, NULL, NULL),
	(867, 92, 32, '0', '["morning_and_evening"]', 0.0000, NULL, NULL, NULL, NULL),
	(868, 92, 33, '0', '["morning_and_evening"]', 0.0000, NULL, NULL, NULL, NULL),
	(869, 92, 34, '0', '["morning_and_evening"]', 0.0000, NULL, NULL, NULL, NULL),
	(870, 92, 144, '0', '["morning_and_evening"]', 0.0000, NULL, NULL, NULL, NULL),
	(871, 92, 145, '0', '["morning_and_evening"]', 0.0000, NULL, NULL, NULL, NULL),
	(872, 92, 146, '0', '["morning_and_evening"]', 0.0000, NULL, NULL, NULL, NULL),
	(873, 92, 147, '0', '["morning_and_evening"]', 0.0000, NULL, NULL, NULL, NULL),
	(874, 92, 148, '0', '["morning_and_evening"]', 0.0000, NULL, NULL, NULL, NULL),
	(875, 92, 35, '0', '["morning_and_evening"]', 0.0000, NULL, NULL, NULL, NULL),
	(876, 92, 36, '0', '["morning_and_evening"]', 0.0000, NULL, NULL, NULL, NULL),
	(877, 92, 37, '0', '["morning_and_evening"]', 0.0000, NULL, NULL, NULL, NULL),
	(878, 92, 38, '0', '["morning_and_evening"]', 0.0000, NULL, NULL, NULL, NULL),
	(879, 92, 39, '0', '["morning_and_evening"]', 0.0000, NULL, NULL, NULL, NULL),
	(880, 92, 40, '0', '["morning_and_evening"]', 0.0000, NULL, NULL, NULL, NULL),
	(881, 92, 41, '0', '["morning_and_evening"]', 0.0000, NULL, NULL, NULL, NULL),
	(882, 92, 42, '0', '["morning_and_evening"]', 0.0000, NULL, NULL, NULL, NULL),
	(883, 92, 43, '0', '["morning_and_evening"]', 0.0000, NULL, NULL, NULL, NULL),
	(884, 92, 44, '0', '["morning_and_evening"]', 0.0000, NULL, NULL, NULL, NULL),
	(885, 92, 45, '0', '["morning_and_evening"]', 0.0000, NULL, NULL, NULL, NULL),
	(886, 92, 46, '0', '["morning_and_evening"]', 0.0000, NULL, NULL, NULL, NULL),
	(887, 92, 47, '0', '["morning_and_evening"]', 0.0000, NULL, NULL, NULL, NULL),
	(888, 92, 48, '0', '["morning_and_evening"]', 0.0000, NULL, NULL, NULL, NULL),
	(889, 92, 49, '0', '["morning_and_evening"]', 0.0000, NULL, NULL, NULL, NULL),
	(890, 92, 50, '0', '["morning_and_evening"]', 0.0000, NULL, NULL, NULL, NULL),
	(891, 92, 149, '0', '["morning_and_evening"]', 0.0000, NULL, NULL, NULL, NULL),
	(892, 92, 150, '0', '["morning_and_evening"]', 0.0000, NULL, NULL, NULL, NULL),
	(893, 92, 151, '0', '["morning_and_evening"]', 0.0000, NULL, NULL, NULL, NULL),
	(894, 92, 152, '0', '["morning_and_evening"]', 0.0000, NULL, NULL, NULL, NULL),
	(895, 92, 153, '0', '["morning_and_evening"]', 0.0000, NULL, NULL, NULL, NULL),
	(896, 92, 154, '0', '["morning_and_evening"]', 0.0000, NULL, NULL, NULL, NULL),
	(897, 92, 155, '0', '["morning_and_evening"]', 0.0000, NULL, NULL, NULL, NULL),
	(898, 92, 156, '0', '["morning_and_evening"]', 0.0000, NULL, NULL, NULL, NULL),
	(899, 92, 157, '0', '["morning_and_evening"]', 0.0000, NULL, NULL, NULL, NULL),
	(900, 92, 158, '0', '["morning_and_evening"]', 0.0000, NULL, NULL, NULL, NULL),
	(901, 92, 159, '0', '["morning_and_evening"]', 0.0000, NULL, NULL, NULL, NULL),
	(902, 92, 160, '0', '["morning_and_evening"]', 0.0000, NULL, NULL, NULL, NULL),
	(903, 92, 161, '0', '["morning_and_evening"]', 0.0000, NULL, NULL, NULL, NULL),
	(904, 92, 162, '0', '["morning_and_evening"]', 0.0000, NULL, NULL, NULL, NULL),
	(905, 92, 163, '0', '["morning_and_evening"]', 0.0000, NULL, NULL, NULL, NULL),
	(906, 92, 164, '0', '["morning_and_evening"]', 0.0000, NULL, NULL, NULL, NULL),
	(907, 92, 51, '0', '["morning_and_evening"]', 0.0000, NULL, NULL, NULL, NULL),
	(908, 92, 52, '0', '["morning_and_evening"]', 0.0000, NULL, NULL, NULL, NULL),
	(909, 92, 53, '0', '["morning_and_evening"]', 0.0000, NULL, NULL, NULL, NULL),
	(910, 92, 54, '0', '["morning_and_evening"]', 0.0000, NULL, NULL, NULL, NULL),
	(911, 92, 55, '0', '["morning_and_evening"]', 0.0000, NULL, NULL, NULL, NULL),
	(912, 92, 56, '0', '["morning_and_evening"]', 0.0000, NULL, NULL, NULL, NULL),
	(913, 92, 57, '0', '["morning_and_evening"]', 0.0000, NULL, NULL, NULL, NULL),
	(914, 92, 58, '0', '["morning_and_evening"]', 0.0000, NULL, NULL, NULL, NULL),
	(915, 92, 59, '0', '["morning_and_evening"]', 0.0000, NULL, NULL, NULL, NULL),
	(916, 92, 60, '0', '["morning_and_evening"]', 0.0000, NULL, NULL, NULL, NULL),
	(917, 92, 61, '0', '["morning_and_evening"]', 0.0000, NULL, NULL, NULL, NULL),
	(918, 92, 62, '0', '["morning_and_evening"]', 0.0000, NULL, NULL, NULL, NULL),
	(919, 92, 63, '0', '["morning_and_evening"]', 0.0000, NULL, NULL, NULL, NULL),
	(920, 92, 165, '0', '["morning_and_evening"]', 0.0000, NULL, NULL, NULL, NULL),
	(921, 92, 166, '0', '["morning_and_evening"]', 0.0000, NULL, NULL, NULL, NULL),
	(922, 92, 167, '0', '["morning_and_evening"]', 0.0000, NULL, NULL, NULL, NULL),
	(923, 92, 168, '0', '["morning_and_evening"]', 0.0000, NULL, NULL, NULL, NULL),
	(924, 92, 169, '0', '["morning_and_evening"]', 0.0000, NULL, NULL, NULL, NULL),
	(925, 92, 170, '0', '["morning_and_evening"]', 0.0000, NULL, NULL, NULL, NULL),
	(926, 92, 171, '0', '["morning_and_evening"]', 0.0000, NULL, NULL, NULL, NULL),
	(927, 92, 172, '0', '["morning_and_evening"]', 0.0000, NULL, NULL, NULL, NULL),
	(928, 92, 173, '0', '["morning_and_evening"]', 0.0000, NULL, NULL, NULL, NULL),
	(929, 92, 174, '0', '["morning_and_evening"]', 0.0000, NULL, NULL, NULL, NULL),
	(930, 92, 175, '0', '["morning_and_evening"]', 0.0000, NULL, NULL, NULL, NULL),
	(931, 92, 176, '0', '["morning_and_evening"]', 0.0000, NULL, NULL, NULL, NULL),
	(932, 92, 177, '0', '["morning_and_evening"]', 0.0000, NULL, NULL, NULL, NULL),
	(933, 92, 64, '0', '["morning_and_evening"]', 0.0000, NULL, NULL, NULL, NULL),
	(934, 92, 65, '0', '["morning_and_evening"]', 0.0000, NULL, NULL, NULL, NULL),
	(935, 92, 66, '0', '["morning_and_evening"]', 0.0000, NULL, NULL, NULL, NULL),
	(936, 92, 178, '0', '["morning_and_evening"]', 0.0000, NULL, NULL, NULL, NULL),
	(937, 92, 179, '0', '["morning_and_evening"]', 0.0000, NULL, NULL, NULL, NULL),
	(938, 92, 180, '0', '["morning_and_evening"]', 0.0000, NULL, NULL, NULL, NULL),
	(939, 92, 67, '0', '["morning_and_evening"]', 0.0000, NULL, NULL, NULL, NULL),
	(940, 92, 68, '0', '["morning_and_evening"]', 0.0000, NULL, NULL, NULL, NULL),
	(941, 92, 69, '0', '["morning_and_evening"]', 0.0000, NULL, NULL, NULL, NULL),
	(942, 92, 181, '0', '["morning_and_evening"]', 0.0000, NULL, NULL, NULL, NULL),
	(943, 92, 182, '0', '["morning_and_evening"]', 0.0000, NULL, NULL, NULL, NULL),
	(944, 92, 183, '0', '["morning_and_evening"]', 0.0000, NULL, NULL, NULL, NULL),
	(945, 92, 70, '0', '["morning_and_evening"]', 0.0000, NULL, NULL, NULL, NULL),
	(946, 92, 71, '0', '["morning_and_evening"]', 0.0000, NULL, NULL, NULL, NULL),
	(947, 92, 72, '0', '["morning_and_evening"]', 0.0000, NULL, NULL, NULL, NULL),
	(948, 92, 73, '0', '["morning_and_evening"]', 0.0000, NULL, NULL, NULL, NULL),
	(949, 92, 74, '0', '["morning_and_evening"]', 0.0000, NULL, NULL, NULL, NULL),
	(950, 92, 75, '0', '["morning_and_evening"]', 0.0000, NULL, NULL, NULL, NULL),
	(951, 92, 76, '0', '["morning_and_evening"]', 0.0000, NULL, NULL, NULL, NULL),
	(952, 92, 77, '0', '["morning_and_evening"]', 0.0000, NULL, NULL, NULL, NULL),
	(953, 92, 78, '0', '["morning_and_evening"]', 0.0000, NULL, NULL, NULL, NULL),
	(954, 92, 79, '0', '["morning_and_evening"]', 0.0000, NULL, NULL, NULL, NULL),
	(955, 92, 80, '0', '["morning_and_evening"]', 0.0000, NULL, NULL, NULL, NULL),
	(956, 92, 81, '0', '["morning_and_evening"]', 0.0000, NULL, NULL, NULL, NULL),
	(957, 92, 82, '0', '["morning_and_evening"]', 0.0000, NULL, NULL, NULL, NULL),
	(958, 92, 83, '0', '["morning_and_evening"]', 0.0000, NULL, NULL, NULL, NULL),
	(959, 92, 84, '0', '["morning_and_evening"]', 0.0000, NULL, NULL, NULL, NULL),
	(960, 92, 85, '0', '["morning_and_evening"]', 0.0000, NULL, NULL, NULL, NULL),
	(961, 92, 86, '0', '["morning_and_evening"]', 0.0000, NULL, NULL, NULL, NULL),
	(962, 92, 87, '0', '["morning_and_evening"]', 0.0000, NULL, NULL, NULL, NULL),
	(963, 92, 88, '0', '["morning_and_evening"]', 0.0000, NULL, NULL, NULL, NULL),
	(964, 92, 89, '0', '["morning_and_evening"]', 0.0000, NULL, NULL, NULL, NULL),
	(965, 92, 90, '0', '["morning_and_evening"]', 0.0000, NULL, NULL, NULL, NULL),
	(966, 92, 91, '0', '["morning_and_evening"]', 0.0000, NULL, NULL, NULL, NULL),
	(967, 92, 92, '0', '["morning_and_evening"]', 0.0000, NULL, NULL, NULL, NULL),
	(968, 92, 93, '0', '["morning_and_evening"]', 0.0000, NULL, NULL, NULL, NULL),
	(969, 92, 94, '0', '["morning_and_evening"]', 0.0000, NULL, NULL, NULL, NULL),
	(970, 92, 95, '0', '["morning_and_evening"]', 0.0000, NULL, NULL, NULL, NULL),
	(971, 92, 96, '0', '["morning_and_evening"]', 0.0000, NULL, NULL, NULL, NULL),
	(972, 92, 97, '0', '["morning_and_evening"]', 0.0000, NULL, NULL, NULL, NULL),
	(973, 92, 98, '0', '["morning_and_evening"]', 0.0000, NULL, NULL, NULL, NULL),
	(974, 92, 99, '0', '["morning_and_evening"]', 0.0000, NULL, NULL, NULL, NULL),
	(975, 92, 100, '0', '["morning_and_evening"]', 0.0000, NULL, NULL, NULL, NULL),
	(976, 92, 101, '0', '["morning_and_evening"]', 0.0000, NULL, NULL, NULL, NULL),
	(977, 92, 102, '0', '["morning_and_evening"]', 0.0000, NULL, NULL, NULL, NULL),
	(978, 92, 103, '0', '["morning_and_evening"]', 0.0000, NULL, NULL, NULL, NULL),
	(979, 92, 104, '0', '["morning_and_evening"]', 0.0000, NULL, NULL, NULL, NULL),
	(980, 92, 105, '0', '["morning_and_evening"]', 0.0000, NULL, NULL, NULL, NULL),
	(981, 92, 106, '0', '["morning_and_evening"]', 0.0000, NULL, NULL, NULL, NULL),
	(982, 92, 107, '0', '["morning_and_evening"]', 0.0000, NULL, NULL, NULL, NULL),
	(983, 92, 108, '0', '["morning_and_evening"]', 0.0000, NULL, NULL, NULL, NULL),
	(984, 92, 184, '0', '["morning_and_evening"]', 0.0000, NULL, NULL, NULL, NULL),
	(985, 92, 185, '0', '["morning_and_evening"]', 0.0000, NULL, NULL, NULL, NULL),
	(986, 92, 186, '0', '["morning_and_evening"]', 0.0000, NULL, NULL, NULL, NULL),
	(987, 92, 187, '0', '["morning_and_evening"]', 0.0000, NULL, NULL, NULL, NULL),
	(988, 92, 188, '0', '["morning_and_evening"]', 0.0000, NULL, NULL, NULL, NULL),
	(989, 92, 189, '0', '["morning_and_evening"]', 0.0000, NULL, NULL, NULL, NULL),
	(990, 92, 190, '0', '["morning_and_evening"]', 0.0000, NULL, NULL, NULL, NULL),
	(991, 92, 191, '0', '["morning_and_evening"]', 0.0000, NULL, NULL, NULL, NULL),
	(992, 92, 192, '0', '["morning_and_evening"]', 0.0000, NULL, NULL, NULL, NULL),
	(993, 92, 193, '0', '["morning_and_evening"]', 0.0000, NULL, NULL, NULL, NULL),
	(994, 92, 194, '0', '["morning_and_evening"]', 0.0000, NULL, NULL, NULL, NULL),
	(995, 92, 195, '0', '["morning_and_evening"]', 0.0000, NULL, NULL, NULL, NULL),
	(996, 92, 196, '0', '["morning_and_evening"]', 0.0000, NULL, NULL, NULL, NULL),
	(997, 92, 197, '0', '["morning_and_evening"]', 0.0000, NULL, NULL, NULL, NULL),
	(998, 92, 198, '0', '["morning_and_evening"]', 0.0000, NULL, NULL, NULL, NULL),
	(999, 92, 199, '0', '["morning_and_evening"]', 0.0000, NULL, NULL, NULL, NULL),
	(1000, 92, 200, '0', '["morning_and_evening"]', 0.0000, NULL, NULL, NULL, NULL),
	(1001, 92, 201, '0', '["morning_and_evening"]', 0.0000, NULL, NULL, NULL, NULL),
	(1002, 92, 202, '0', '["morning_and_evening"]', 0.0000, NULL, NULL, NULL, NULL),
	(1003, 92, 203, '0', '["morning_and_evening"]', 0.0000, NULL, NULL, NULL, NULL),
	(1004, 92, 204, '0', '["morning_and_evening"]', 0.0000, NULL, NULL, NULL, NULL),
	(1005, 92, 205, '0', '["morning_and_evening"]', 0.0000, NULL, NULL, NULL, NULL),
	(1006, 92, 206, '0', '["morning_and_evening"]', 0.0000, NULL, NULL, NULL, NULL),
	(1007, 92, 207, '0', '["morning_and_evening"]', 0.0000, NULL, NULL, NULL, NULL),
	(1008, 92, 208, '0', '["morning_and_evening"]', 0.0000, NULL, NULL, NULL, NULL),
	(1009, 92, 209, '0', '["morning_and_evening"]', 0.0000, NULL, NULL, NULL, NULL),
	(1010, 92, 210, '0', '["morning_and_evening"]', 0.0000, NULL, NULL, NULL, NULL),
	(1011, 92, 211, '0', '["morning_and_evening"]', 0.0000, NULL, NULL, NULL, NULL),
	(1012, 92, 212, '0', '["morning_and_evening"]', 0.0000, NULL, NULL, NULL, NULL),
	(1013, 92, 213, '0', '["morning_and_evening"]', 0.0000, NULL, NULL, NULL, NULL),
	(1014, 92, 214, '0', '["morning_and_evening"]', 0.0000, NULL, NULL, NULL, NULL),
	(1015, 92, 215, '0', '["morning_and_evening"]', 0.0000, NULL, NULL, NULL, NULL),
	(1016, 92, 216, '0', '["morning_and_evening"]', 0.0000, NULL, NULL, NULL, NULL),
	(1017, 92, 217, '0', '["morning_and_evening"]', 0.0000, NULL, NULL, NULL, NULL),
	(1018, 92, 218, '0', '["morning_and_evening"]', 0.0000, NULL, NULL, NULL, NULL),
	(1019, 92, 219, '0', '["morning_and_evening"]', 0.0000, NULL, NULL, NULL, NULL),
	(1020, 92, 220, '0', '["morning_and_evening"]', 0.0000, NULL, NULL, NULL, NULL),
	(1021, 92, 221, '0', '["morning_and_evening"]', 0.0000, NULL, NULL, NULL, NULL),
	(1022, 92, 222, '0', '["morning_and_evening"]', 0.0000, NULL, NULL, NULL, NULL),
	(1023, 92, 109, '0', '["morning_and_evening"]', 0.0000, NULL, NULL, NULL, NULL),
	(1024, 92, 110, '0', '["morning_and_evening"]', 0.0000, NULL, NULL, NULL, NULL),
	(1025, 92, 111, '0', '["morning_and_evening"]', 0.0000, NULL, NULL, NULL, NULL),
	(1026, 92, 112, '0', '["morning_and_evening"]', 0.0000, NULL, NULL, NULL, NULL),
	(1027, 92, 113, '0', '["morning_and_evening"]', 0.0000, NULL, NULL, NULL, NULL),
	(1028, 92, 114, '0', '["morning_and_evening"]', 0.0000, NULL, NULL, NULL, NULL),
	(1029, 92, 223, '0', '["morning_and_evening"]', 0.0000, NULL, NULL, NULL, NULL),
	(1030, 92, 224, '0', '["morning_and_evening"]', 0.0000, NULL, NULL, NULL, NULL),
	(1031, 92, 225, '0', '["morning_and_evening"]', 0.0000, NULL, NULL, NULL, NULL),
	(1032, 92, 226, '0', '["morning_and_evening"]', 0.0000, NULL, NULL, NULL, NULL),
	(1033, 92, 227, '0', '["morning_and_evening"]', 0.0000, NULL, NULL, NULL, NULL),
	(1034, 92, 228, '0', '["morning_and_evening"]', 0.0000, NULL, NULL, NULL, NULL),
	(1035, 90, 2, '0', '["morning_and_evening"]', 0.0000, NULL, NULL, NULL, NULL),
	(1036, 90, 3, '500', '["morning","lunch"]', 500.0000, NULL, NULL, NULL, NULL),
	(1037, 90, 4, '0', '["morning_and_evening"]', 0.0000, NULL, NULL, NULL, NULL),
	(1038, 90, 5, '0', '["morning_and_evening"]', 0.0000, NULL, NULL, NULL, NULL),
	(1039, 90, 6, '0', '["morning_and_evening"]', 0.0000, NULL, NULL, NULL, NULL),
	(1040, 90, 11, '0', '["morning_and_evening"]', 0.0000, NULL, NULL, NULL, NULL),
	(1041, 90, 12, '0', '["morning_and_evening"]', 0.0000, NULL, NULL, NULL, NULL),
	(1042, 90, 14, '0', '["morning_and_evening"]', 0.0000, NULL, NULL, NULL, NULL),
	(1043, 90, 15, '0', '["morning_and_evening"]', 0.0000, NULL, NULL, NULL, NULL),
	(1044, 90, 115, '0', '["morning_and_evening"]', 0.0000, NULL, NULL, NULL, NULL),
	(1045, 90, 116, '0', '["morning_and_evening"]', 0.0000, NULL, NULL, NULL, NULL),
	(1046, 90, 117, '0', '["morning_and_evening"]', 0.0000, NULL, NULL, NULL, NULL),
	(1047, 90, 118, '0', '["morning_and_evening"]', 0.0000, NULL, NULL, NULL, NULL),
	(1048, 90, 119, '0', '["morning_and_evening"]', 0.0000, NULL, NULL, NULL, NULL),
	(1049, 90, 120, '0', '["morning_and_evening"]', 0.0000, NULL, NULL, NULL, NULL),
	(1050, 90, 121, '0', '["morning_and_evening"]', 0.0000, NULL, NULL, NULL, NULL),
	(1051, 90, 122, '0', '["morning_and_evening"]', 0.0000, NULL, NULL, NULL, NULL),
	(1052, 90, 123, '0', '["morning_and_evening"]', 0.0000, NULL, NULL, NULL, NULL),
	(1053, 90, 124, '0', '["morning_and_evening"]', 0.0000, NULL, NULL, NULL, NULL),
	(1054, 90, 125, '0', '["morning_and_evening"]', 0.0000, NULL, NULL, NULL, NULL),
	(1055, 90, 126, '0', '["morning_and_evening"]', 0.0000, NULL, NULL, NULL, NULL),
	(1056, 90, 127, '0', '["morning_and_evening"]', 0.0000, NULL, NULL, NULL, NULL),
	(1057, 90, 128, '0', '["morning_and_evening"]', 0.0000, NULL, NULL, NULL, NULL),
	(1058, 90, 129, '0', '["morning_and_evening"]', 0.0000, NULL, NULL, NULL, NULL),
	(1059, 90, 16, '0', '["morning_and_evening"]', 0.0000, NULL, NULL, NULL, NULL),
	(1060, 90, 17, '0', '["morning_and_evening"]', 0.0000, NULL, NULL, NULL, NULL),
	(1061, 90, 18, '0', '["morning_and_evening"]', 0.0000, NULL, NULL, NULL, NULL),
	(1062, 90, 19, '0', '["morning_and_evening"]', 0.0000, NULL, NULL, NULL, NULL),
	(1063, 90, 20, '0', '["morning_and_evening"]', 0.0000, NULL, NULL, NULL, NULL),
	(1064, 90, 21, '0', '["morning_and_evening"]', 0.0000, NULL, NULL, NULL, NULL),
	(1065, 90, 22, '0', '["morning_and_evening"]', 0.0000, NULL, NULL, NULL, NULL),
	(1066, 90, 23, '0', '["morning_and_evening"]', 0.0000, NULL, NULL, NULL, NULL),
	(1067, 90, 24, '0', '["morning_and_evening"]', 0.0000, NULL, NULL, NULL, NULL),
	(1068, 90, 25, '0', '["morning_and_evening"]', 0.0000, NULL, NULL, NULL, NULL),
	(1069, 90, 26, '0', '["morning_and_evening"]', 0.0000, NULL, NULL, NULL, NULL),
	(1070, 90, 27, '0', '["morning_and_evening"]', 0.0000, NULL, NULL, NULL, NULL),
	(1071, 90, 28, '0', '["morning_and_evening"]', 0.0000, NULL, NULL, NULL, NULL),
	(1072, 90, 130, '0', '["morning_and_evening"]', 0.0000, NULL, NULL, NULL, NULL),
	(1073, 90, 131, '0', '["morning_and_evening"]', 0.0000, NULL, NULL, NULL, NULL),
	(1074, 90, 132, '0', '["morning_and_evening"]', 0.0000, NULL, NULL, NULL, NULL),
	(1075, 90, 133, '0', '["morning_and_evening"]', 0.0000, NULL, NULL, NULL, NULL),
	(1076, 90, 134, '0', '["morning_and_evening"]', 0.0000, NULL, NULL, NULL, NULL),
	(1077, 90, 135, '0', '["morning_and_evening"]', 0.0000, NULL, NULL, NULL, NULL),
	(1078, 90, 136, '0', '["morning_and_evening"]', 0.0000, NULL, NULL, NULL, NULL),
	(1079, 90, 137, '0', '["morning_and_evening"]', 0.0000, NULL, NULL, NULL, NULL),
	(1080, 90, 138, '0', '["morning_and_evening"]', 0.0000, NULL, NULL, NULL, NULL),
	(1081, 90, 139, '0', '["morning_and_evening"]', 0.0000, NULL, NULL, NULL, NULL),
	(1082, 90, 140, '0', '["morning_and_evening"]', 0.0000, NULL, NULL, NULL, NULL),
	(1083, 90, 141, '0', '["morning_and_evening"]', 0.0000, NULL, NULL, NULL, NULL),
	(1084, 90, 142, '0', '["morning_and_evening"]', 0.0000, NULL, NULL, NULL, NULL),
	(1085, 90, 143, '0', '["morning_and_evening"]', 0.0000, NULL, NULL, NULL, NULL),
	(1086, 90, 30, '0', '["morning_and_evening"]', 0.0000, NULL, NULL, NULL, NULL),
	(1087, 90, 31, '0', '["morning_and_evening"]', 0.0000, NULL, NULL, NULL, NULL),
	(1088, 90, 32, '0', '["morning_and_evening"]', 0.0000, NULL, NULL, NULL, NULL),
	(1089, 90, 33, '0', '["morning_and_evening"]', 0.0000, NULL, NULL, NULL, NULL),
	(1090, 90, 34, '0', '["morning_and_evening"]', 0.0000, NULL, NULL, NULL, NULL),
	(1091, 90, 144, '0', '["morning_and_evening"]', 0.0000, NULL, NULL, NULL, NULL),
	(1092, 90, 145, '0', '["morning_and_evening"]', 0.0000, NULL, NULL, NULL, NULL),
	(1093, 90, 146, '0', '["morning_and_evening"]', 0.0000, NULL, NULL, NULL, NULL),
	(1094, 90, 147, '0', '["morning_and_evening"]', 0.0000, NULL, NULL, NULL, NULL),
	(1095, 90, 148, '0', '["morning_and_evening"]', 0.0000, NULL, NULL, NULL, NULL),
	(1096, 90, 35, '0', '["morning_and_evening"]', 0.0000, NULL, NULL, NULL, NULL),
	(1097, 90, 36, '0', '["morning_and_evening"]', 0.0000, NULL, NULL, NULL, NULL),
	(1098, 90, 37, '0', '["morning_and_evening"]', 0.0000, NULL, NULL, NULL, NULL),
	(1099, 90, 38, '0', '["morning_and_evening"]', 0.0000, NULL, NULL, NULL, NULL),
	(1100, 90, 39, '0', '["morning_and_evening"]', 0.0000, NULL, NULL, NULL, NULL),
	(1101, 90, 40, '0', '["morning_and_evening"]', 0.0000, NULL, NULL, NULL, NULL),
	(1102, 90, 41, '0', '["morning_and_evening"]', 0.0000, NULL, NULL, NULL, NULL),
	(1103, 90, 42, '0', '["morning_and_evening"]', 0.0000, NULL, NULL, NULL, NULL),
	(1104, 90, 43, '0', '["morning_and_evening"]', 0.0000, NULL, NULL, NULL, NULL),
	(1105, 90, 44, '0', '["morning_and_evening"]', 0.0000, NULL, NULL, NULL, NULL),
	(1106, 90, 45, '0', '["morning_and_evening"]', 0.0000, NULL, NULL, NULL, NULL),
	(1107, 90, 46, '0', '["morning_and_evening"]', 0.0000, NULL, NULL, NULL, NULL),
	(1108, 90, 47, '0', '["morning_and_evening"]', 0.0000, NULL, NULL, NULL, NULL),
	(1109, 90, 48, '0', '["morning_and_evening"]', 0.0000, NULL, NULL, NULL, NULL),
	(1110, 90, 49, '0', '["morning_and_evening"]', 0.0000, NULL, NULL, NULL, NULL),
	(1111, 90, 50, '0', '["morning_and_evening"]', 0.0000, NULL, NULL, NULL, NULL),
	(1112, 90, 149, '0', '["morning_and_evening"]', 0.0000, NULL, NULL, NULL, NULL),
	(1113, 90, 150, '0', '["morning_and_evening"]', 0.0000, NULL, NULL, NULL, NULL),
	(1114, 90, 151, '0', '["morning_and_evening"]', 0.0000, NULL, NULL, NULL, NULL),
	(1115, 90, 152, '0', '["morning_and_evening"]', 0.0000, NULL, NULL, NULL, NULL),
	(1116, 90, 153, '0', '["morning_and_evening"]', 0.0000, NULL, NULL, NULL, NULL),
	(1117, 90, 154, '0', '["morning_and_evening"]', 0.0000, NULL, NULL, NULL, NULL),
	(1118, 90, 155, '0', '["morning_and_evening"]', 0.0000, NULL, NULL, NULL, NULL),
	(1119, 90, 156, '0', '["morning_and_evening"]', 0.0000, NULL, NULL, NULL, NULL),
	(1120, 90, 157, '0', '["morning_and_evening"]', 0.0000, NULL, NULL, NULL, NULL),
	(1121, 90, 158, '0', '["morning_and_evening"]', 0.0000, NULL, NULL, NULL, NULL),
	(1122, 90, 159, '0', '["morning_and_evening"]', 0.0000, NULL, NULL, NULL, NULL),
	(1123, 90, 160, '0', '["morning_and_evening"]', 0.0000, NULL, NULL, NULL, NULL),
	(1124, 90, 161, '0', '["morning_and_evening"]', 0.0000, NULL, NULL, NULL, NULL),
	(1125, 90, 162, '0', '["morning_and_evening"]', 0.0000, NULL, NULL, NULL, NULL),
	(1126, 90, 163, '0', '["morning_and_evening"]', 0.0000, NULL, NULL, NULL, NULL),
	(1127, 90, 164, '0', '["morning_and_evening"]', 0.0000, NULL, NULL, NULL, NULL),
	(1128, 90, 51, '0', '["morning_and_evening"]', 0.0000, NULL, NULL, NULL, NULL),
	(1129, 90, 52, '0', '["morning_and_evening"]', 0.0000, NULL, NULL, NULL, NULL),
	(1130, 90, 53, '0', '["morning_and_evening"]', 0.0000, NULL, NULL, NULL, NULL),
	(1131, 90, 54, '0', '["morning_and_evening"]', 0.0000, NULL, NULL, NULL, NULL),
	(1132, 90, 55, '0', '["morning_and_evening"]', 0.0000, NULL, NULL, NULL, NULL),
	(1133, 90, 56, '0', '["morning_and_evening"]', 0.0000, NULL, NULL, NULL, NULL),
	(1134, 90, 57, '0', '["morning_and_evening"]', 0.0000, NULL, NULL, NULL, NULL),
	(1135, 90, 58, '0', '["morning_and_evening"]', 0.0000, NULL, NULL, NULL, NULL),
	(1136, 90, 59, '0', '["morning_and_evening"]', 0.0000, NULL, NULL, NULL, NULL),
	(1137, 90, 60, '0', '["morning_and_evening"]', 0.0000, NULL, NULL, NULL, NULL),
	(1138, 90, 61, '0', '["morning_and_evening"]', 0.0000, NULL, NULL, NULL, NULL),
	(1139, 90, 62, '0', '["morning_and_evening"]', 0.0000, NULL, NULL, NULL, NULL),
	(1140, 90, 63, '0', '["morning_and_evening"]', 0.0000, NULL, NULL, NULL, NULL),
	(1141, 90, 165, '0', '["morning_and_evening"]', 0.0000, NULL, NULL, NULL, NULL),
	(1142, 90, 166, '0', '["morning_and_evening"]', 0.0000, NULL, NULL, NULL, NULL),
	(1143, 90, 167, '0', '["morning_and_evening"]', 0.0000, NULL, NULL, NULL, NULL),
	(1144, 90, 168, '0', '["morning_and_evening"]', 0.0000, NULL, NULL, NULL, NULL),
	(1145, 90, 169, '0', '["morning_and_evening"]', 0.0000, NULL, NULL, NULL, NULL),
	(1146, 90, 170, '0', '["morning_and_evening"]', 0.0000, NULL, NULL, NULL, NULL),
	(1147, 90, 171, '0', '["morning_and_evening"]', 0.0000, NULL, NULL, NULL, NULL),
	(1148, 90, 172, '0', '["morning_and_evening"]', 0.0000, NULL, NULL, NULL, NULL),
	(1149, 90, 173, '0', '["morning_and_evening"]', 0.0000, NULL, NULL, NULL, NULL),
	(1150, 90, 174, '0', '["morning_and_evening"]', 0.0000, NULL, NULL, NULL, NULL),
	(1151, 90, 175, '0', '["morning_and_evening"]', 0.0000, NULL, NULL, NULL, NULL),
	(1152, 90, 176, '0', '["morning_and_evening"]', 0.0000, NULL, NULL, NULL, NULL),
	(1153, 90, 177, '0', '["morning_and_evening"]', 0.0000, NULL, NULL, NULL, NULL),
	(1154, 90, 64, '0', '["morning_and_evening"]', 0.0000, NULL, NULL, NULL, NULL),
	(1155, 90, 65, '0', '["morning_and_evening"]', 0.0000, NULL, NULL, NULL, NULL),
	(1156, 90, 66, '0', '["morning_and_evening"]', 0.0000, NULL, NULL, NULL, NULL),
	(1157, 90, 178, '0', '["morning_and_evening"]', 0.0000, NULL, NULL, NULL, NULL),
	(1158, 90, 179, '0', '["morning_and_evening"]', 0.0000, NULL, NULL, NULL, NULL),
	(1159, 90, 180, '0', '["morning_and_evening"]', 0.0000, NULL, NULL, NULL, NULL),
	(1160, 90, 67, '0', '["morning_and_evening"]', 0.0000, NULL, NULL, NULL, NULL),
	(1161, 90, 68, '0', '["morning_and_evening"]', 0.0000, NULL, NULL, NULL, NULL),
	(1162, 90, 69, '0', '["morning_and_evening"]', 0.0000, NULL, NULL, NULL, NULL),
	(1163, 90, 181, '0', '["morning_and_evening"]', 0.0000, NULL, NULL, NULL, NULL),
	(1164, 90, 182, '0', '["morning_and_evening"]', 0.0000, NULL, NULL, NULL, NULL),
	(1165, 90, 183, '0', '["morning_and_evening"]', 0.0000, NULL, NULL, NULL, NULL),
	(1166, 90, 70, '0', '["morning_and_evening"]', 0.0000, NULL, NULL, NULL, NULL),
	(1167, 90, 71, '0', '["morning_and_evening"]', 0.0000, NULL, NULL, NULL, NULL),
	(1168, 90, 72, '0', '["morning_and_evening"]', 0.0000, NULL, NULL, NULL, NULL),
	(1169, 90, 73, '0', '["morning_and_evening"]', 0.0000, NULL, NULL, NULL, NULL),
	(1170, 90, 74, '0', '["morning_and_evening"]', 0.0000, NULL, NULL, NULL, NULL),
	(1171, 90, 75, '0', '["morning_and_evening"]', 0.0000, NULL, NULL, NULL, NULL),
	(1172, 90, 76, '0', '["morning_and_evening"]', 0.0000, NULL, NULL, NULL, NULL),
	(1173, 90, 77, '0', '["morning_and_evening"]', 0.0000, NULL, NULL, NULL, NULL),
	(1174, 90, 78, '0', '["morning_and_evening"]', 0.0000, NULL, NULL, NULL, NULL),
	(1175, 90, 79, '0', '["morning_and_evening"]', 0.0000, NULL, NULL, NULL, NULL),
	(1176, 90, 80, '0', '["morning_and_evening"]', 0.0000, NULL, NULL, NULL, NULL),
	(1177, 90, 81, '0', '["morning_and_evening"]', 0.0000, NULL, NULL, NULL, NULL),
	(1178, 90, 82, '0', '["morning_and_evening"]', 0.0000, NULL, NULL, NULL, NULL),
	(1179, 90, 83, '0', '["morning_and_evening"]', 0.0000, NULL, NULL, NULL, NULL),
	(1180, 90, 84, '0', '["morning_and_evening"]', 0.0000, NULL, NULL, NULL, NULL),
	(1181, 90, 85, '0', '["morning_and_evening"]', 0.0000, NULL, NULL, NULL, NULL),
	(1182, 90, 86, '0', '["morning_and_evening"]', 0.0000, NULL, NULL, NULL, NULL),
	(1183, 90, 87, '0', '["morning_and_evening"]', 0.0000, NULL, NULL, NULL, NULL),
	(1184, 90, 88, '0', '["morning_and_evening"]', 0.0000, NULL, NULL, NULL, NULL),
	(1185, 90, 89, '0', '["morning_and_evening"]', 0.0000, NULL, NULL, NULL, NULL),
	(1186, 90, 90, '0', '["morning_and_evening"]', 0.0000, NULL, NULL, NULL, NULL),
	(1187, 90, 91, '0', '["morning_and_evening"]', 0.0000, NULL, NULL, NULL, NULL),
	(1188, 90, 92, '0', '["morning_and_evening"]', 0.0000, NULL, NULL, NULL, NULL),
	(1189, 90, 93, '0', '["morning_and_evening"]', 0.0000, NULL, NULL, NULL, NULL),
	(1190, 90, 94, '0', '["morning_and_evening"]', 0.0000, NULL, NULL, NULL, NULL),
	(1191, 90, 95, '0', '["morning_and_evening"]', 0.0000, NULL, NULL, NULL, NULL),
	(1192, 90, 96, '0', '["morning_and_evening"]', 0.0000, NULL, NULL, NULL, NULL),
	(1193, 90, 97, '0', '["morning_and_evening"]', 0.0000, NULL, NULL, NULL, NULL),
	(1194, 90, 98, '0', '["morning_and_evening"]', 0.0000, NULL, NULL, NULL, NULL),
	(1195, 90, 99, '0', '["morning_and_evening"]', 0.0000, NULL, NULL, NULL, NULL),
	(1196, 90, 100, '0', '["morning_and_evening"]', 0.0000, NULL, NULL, NULL, NULL),
	(1197, 90, 101, '0', '["morning_and_evening"]', 0.0000, NULL, NULL, NULL, NULL),
	(1198, 90, 102, '0', '["morning_and_evening"]', 0.0000, NULL, NULL, NULL, NULL),
	(1199, 90, 103, '0', '["morning_and_evening"]', 0.0000, NULL, NULL, NULL, NULL),
	(1200, 90, 104, '0', '["morning_and_evening"]', 0.0000, NULL, NULL, NULL, NULL),
	(1201, 90, 105, '0', '["morning_and_evening"]', 0.0000, NULL, NULL, NULL, NULL),
	(1202, 90, 106, '0', '["morning_and_evening"]', 0.0000, NULL, NULL, NULL, NULL),
	(1203, 90, 107, '0', '["morning_and_evening"]', 0.0000, NULL, NULL, NULL, NULL),
	(1204, 90, 108, '0', '["morning_and_evening"]', 0.0000, NULL, NULL, NULL, NULL),
	(1205, 90, 184, '0', '["morning_and_evening"]', 0.0000, NULL, NULL, NULL, NULL),
	(1206, 90, 185, '0', '["morning_and_evening"]', 0.0000, NULL, NULL, NULL, NULL),
	(1207, 90, 186, '0', '["morning_and_evening"]', 0.0000, NULL, NULL, NULL, NULL),
	(1208, 90, 187, '0', '["morning_and_evening"]', 0.0000, NULL, NULL, NULL, NULL),
	(1209, 90, 188, '0', '["morning_and_evening"]', 0.0000, NULL, NULL, NULL, NULL),
	(1210, 90, 189, '0', '["morning_and_evening"]', 0.0000, NULL, NULL, NULL, NULL),
	(1211, 90, 190, '0', '["morning_and_evening"]', 0.0000, NULL, NULL, NULL, NULL),
	(1212, 90, 191, '0', '["morning_and_evening"]', 0.0000, NULL, NULL, NULL, NULL),
	(1213, 90, 192, '0', '["morning_and_evening"]', 0.0000, NULL, NULL, NULL, NULL),
	(1214, 90, 193, '0', '["morning_and_evening"]', 0.0000, NULL, NULL, NULL, NULL),
	(1215, 90, 194, '0', '["morning_and_evening"]', 0.0000, NULL, NULL, NULL, NULL),
	(1216, 90, 195, '0', '["morning_and_evening"]', 0.0000, NULL, NULL, NULL, NULL),
	(1217, 90, 196, '0', '["morning_and_evening"]', 0.0000, NULL, NULL, NULL, NULL),
	(1218, 90, 197, '0', '["morning_and_evening"]', 0.0000, NULL, NULL, NULL, NULL),
	(1219, 90, 198, '0', '["morning_and_evening"]', 0.0000, NULL, NULL, NULL, NULL),
	(1220, 90, 199, '0', '["morning_and_evening"]', 0.0000, NULL, NULL, NULL, NULL),
	(1221, 90, 200, '0', '["morning_and_evening"]', 0.0000, NULL, NULL, NULL, NULL),
	(1222, 90, 201, '0', '["morning_and_evening"]', 0.0000, NULL, NULL, NULL, NULL),
	(1223, 90, 202, '0', '["morning_and_evening"]', 0.0000, NULL, NULL, NULL, NULL),
	(1224, 90, 203, '0', '["morning_and_evening"]', 0.0000, NULL, NULL, NULL, NULL),
	(1225, 90, 204, '0', '["morning_and_evening"]', 0.0000, NULL, NULL, NULL, NULL),
	(1226, 90, 205, '0', '["morning_and_evening"]', 0.0000, NULL, NULL, NULL, NULL),
	(1227, 90, 206, '0', '["morning_and_evening"]', 0.0000, NULL, NULL, NULL, NULL),
	(1228, 90, 207, '0', '["morning_and_evening"]', 0.0000, NULL, NULL, NULL, NULL),
	(1229, 90, 208, '0', '["morning_and_evening"]', 0.0000, NULL, NULL, NULL, NULL),
	(1230, 90, 209, '0', '["morning_and_evening"]', 0.0000, NULL, NULL, NULL, NULL),
	(1231, 90, 210, '0', '["morning_and_evening"]', 0.0000, NULL, NULL, NULL, NULL),
	(1232, 90, 211, '0', '["morning_and_evening"]', 0.0000, NULL, NULL, NULL, NULL),
	(1233, 90, 212, '0', '["morning_and_evening"]', 0.0000, NULL, NULL, NULL, NULL),
	(1234, 90, 213, '0', '["morning_and_evening"]', 0.0000, NULL, NULL, NULL, NULL),
	(1235, 90, 214, '0', '["morning_and_evening"]', 0.0000, NULL, NULL, NULL, NULL),
	(1236, 90, 215, '0', '["morning_and_evening"]', 0.0000, NULL, NULL, NULL, NULL),
	(1237, 90, 216, '0', '["morning_and_evening"]', 0.0000, NULL, NULL, NULL, NULL),
	(1238, 90, 217, '0', '["morning_and_evening"]', 0.0000, NULL, NULL, NULL, NULL),
	(1239, 90, 218, '0', '["morning_and_evening"]', 0.0000, NULL, NULL, NULL, NULL),
	(1240, 90, 219, '0', '["morning_and_evening"]', 0.0000, NULL, NULL, NULL, NULL),
	(1241, 90, 220, '0', '["morning_and_evening"]', 0.0000, NULL, NULL, NULL, NULL),
	(1242, 90, 221, '0', '["morning_and_evening"]', 0.0000, NULL, NULL, NULL, NULL),
	(1243, 90, 222, '0', '["morning_and_evening"]', 0.0000, NULL, NULL, NULL, NULL),
	(1244, 90, 109, '0', '["morning_and_evening"]', 0.0000, NULL, NULL, NULL, NULL),
	(1245, 90, 110, '0', '["morning_and_evening"]', 0.0000, NULL, NULL, NULL, NULL),
	(1246, 90, 111, '0', '["morning_and_evening"]', 0.0000, NULL, NULL, NULL, NULL),
	(1247, 90, 112, '0', '["morning_and_evening"]', 0.0000, NULL, NULL, NULL, NULL),
	(1248, 90, 113, '0', '["morning_and_evening"]', 0.0000, NULL, NULL, NULL, NULL),
	(1249, 90, 114, '0', '["morning_and_evening"]', 0.0000, NULL, NULL, NULL, NULL),
	(1250, 90, 223, '0', '["morning_and_evening"]', 0.0000, NULL, NULL, NULL, NULL),
	(1251, 90, 224, '0', '["morning_and_evening"]', 0.0000, NULL, NULL, NULL, NULL),
	(1252, 90, 225, '0', '["morning_and_evening"]', 0.0000, NULL, NULL, NULL, NULL),
	(1253, 90, 226, '0', '["morning_and_evening"]', 0.0000, NULL, NULL, NULL, NULL),
	(1254, 90, 227, '0', '["morning_and_evening"]', 0.0000, NULL, NULL, NULL, NULL),
	(1255, 90, 228, '0', '["morning_and_evening"]', 0.0000, NULL, NULL, NULL, NULL),
	(1256, 98, 1, '2000', '["morning_and_evening"]', 60000.0000, NULL, NULL, NULL, NULL),
	(1257, 98, 2, '10', '["morning"]', 300.0000, NULL, NULL, NULL, NULL),
	(1258, 98, 3, '5', '["lunch","bedtime"]', 150.0000, NULL, NULL, NULL, NULL),
	(1259, 98, 4, '0', '["morning_and_evening"]', 0.0000, NULL, NULL, NULL, NULL),
	(1260, 98, 5, '10', '["morning","evening"]', 300.0000, NULL, NULL, NULL, NULL),
	(1261, 98, 6, '0', '["morning_and_evening"]', 0.0000, NULL, NULL, NULL, NULL),
	(1262, 98, 7, '0', '["morning_and_evening"]', 0.0000, NULL, NULL, NULL, NULL),
	(1263, 98, 8, '0', '["morning_and_evening"]', 0.0000, NULL, NULL, NULL, NULL),
	(1264, 98, 9, '0', '["morning_and_evening"]', 0.0000, NULL, NULL, NULL, NULL),
	(1265, 98, 10, '0', '["morning_and_evening"]', 0.0000, NULL, NULL, NULL, NULL),
	(1266, 98, 11, '0', '["morning_and_evening"]', 0.0000, NULL, NULL, NULL, NULL),
	(1267, 98, 12, '0', '["morning_and_evening"]', 0.0000, NULL, NULL, NULL, NULL),
	(1268, 98, 13, '0', '["morning_and_evening"]', 0.0000, NULL, NULL, NULL, NULL),
	(1269, 98, 14, '0', '["morning_and_evening"]', 0.0000, NULL, NULL, NULL, NULL),
	(1270, 98, 15, '0', '["morning_and_evening"]', 0.0000, NULL, NULL, NULL, NULL),
	(1271, 98, 115, '0', '["morning_and_evening"]', 0.0000, NULL, NULL, NULL, NULL),
	(1272, 98, 116, '0', '["morning_and_evening"]', 0.0000, NULL, NULL, NULL, NULL),
	(1273, 98, 117, '0', '["morning_and_evening"]', 0.0000, NULL, NULL, NULL, NULL),
	(1274, 98, 118, '0', '["morning_and_evening"]', 0.0000, NULL, NULL, NULL, NULL),
	(1275, 98, 119, '0', '["morning_and_evening"]', 0.0000, NULL, NULL, NULL, NULL),
	(1276, 98, 120, '0', '["morning_and_evening"]', 0.0000, NULL, NULL, NULL, NULL),
	(1277, 98, 121, '0', '["morning_and_evening"]', 0.0000, NULL, NULL, NULL, NULL),
	(1278, 98, 122, '0', '["morning_and_evening"]', 0.0000, NULL, NULL, NULL, NULL),
	(1279, 98, 123, '0', '["morning_and_evening"]', 0.0000, NULL, NULL, NULL, NULL),
	(1280, 98, 124, '0', '["morning_and_evening"]', 0.0000, NULL, NULL, NULL, NULL),
	(1281, 98, 125, '0', '["morning_and_evening"]', 0.0000, NULL, NULL, NULL, NULL),
	(1282, 98, 126, '0', '["morning_and_evening"]', 0.0000, NULL, NULL, NULL, NULL),
	(1283, 98, 127, '0', '["morning_and_evening"]', 0.0000, NULL, NULL, NULL, NULL),
	(1284, 98, 128, '0', '["morning_and_evening"]', 0.0000, NULL, NULL, NULL, NULL),
	(1285, 98, 129, '0', '["morning_and_evening"]', 0.0000, NULL, NULL, NULL, NULL),
	(1286, 98, 16, '0', '["morning_and_evening"]', 0.0000, NULL, NULL, NULL, NULL),
	(1287, 98, 17, '0', '["morning_and_evening"]', 0.0000, NULL, NULL, NULL, NULL),
	(1288, 98, 18, '0', '["morning_and_evening"]', 0.0000, NULL, NULL, NULL, NULL),
	(1289, 98, 19, '0', '["morning_and_evening"]', 0.0000, NULL, NULL, NULL, NULL),
	(1290, 98, 20, '0', '["morning_and_evening"]', 0.0000, NULL, NULL, NULL, NULL),
	(1291, 98, 21, '0', '["morning_and_evening"]', 0.0000, NULL, NULL, NULL, NULL),
	(1292, 98, 22, '0', '["morning_and_evening"]', 0.0000, NULL, NULL, NULL, NULL),
	(1293, 98, 23, '0', '["morning_and_evening"]', 0.0000, NULL, NULL, NULL, NULL),
	(1294, 98, 24, '0', '["morning_and_evening"]', 0.0000, NULL, NULL, NULL, NULL),
	(1295, 98, 25, '0', '["morning_and_evening"]', 0.0000, NULL, NULL, NULL, NULL),
	(1296, 98, 26, '0', '["morning_and_evening"]', 0.0000, NULL, NULL, NULL, NULL),
	(1297, 98, 27, '0', '["morning_and_evening"]', 0.0000, NULL, NULL, NULL, NULL),
	(1298, 98, 28, '0', '["morning_and_evening"]', 0.0000, NULL, NULL, NULL, NULL),
	(1299, 98, 29, '0', '["morning_and_evening"]', 0.0000, NULL, NULL, NULL, NULL),
	(1300, 98, 130, '0', '["morning_and_evening"]', 0.0000, NULL, NULL, NULL, NULL),
	(1301, 98, 131, '0', '["morning_and_evening"]', 0.0000, NULL, NULL, NULL, NULL),
	(1302, 98, 132, '0', '["morning_and_evening"]', 0.0000, NULL, NULL, NULL, NULL),
	(1303, 98, 133, '0', '["morning_and_evening"]', 0.0000, NULL, NULL, NULL, NULL),
	(1304, 98, 134, '0', '["morning_and_evening"]', 0.0000, NULL, NULL, NULL, NULL),
	(1305, 98, 135, '0', '["morning_and_evening"]', 0.0000, NULL, NULL, NULL, NULL),
	(1306, 98, 136, '0', '["morning_and_evening"]', 0.0000, NULL, NULL, NULL, NULL),
	(1307, 98, 137, '0', '["morning_and_evening"]', 0.0000, NULL, NULL, NULL, NULL),
	(1308, 98, 138, '0', '["morning_and_evening"]', 0.0000, NULL, NULL, NULL, NULL),
	(1309, 98, 139, '0', '["morning_and_evening"]', 0.0000, NULL, NULL, NULL, NULL),
	(1310, 98, 140, '0', '["morning_and_evening"]', 0.0000, NULL, NULL, NULL, NULL),
	(1311, 98, 141, '0', '["morning_and_evening"]', 0.0000, NULL, NULL, NULL, NULL),
	(1312, 98, 142, '0', '["morning_and_evening"]', 0.0000, NULL, NULL, NULL, NULL),
	(1313, 98, 143, '0', '["morning_and_evening"]', 0.0000, NULL, NULL, NULL, NULL),
	(1314, 98, 30, '0', '["morning_and_evening"]', 0.0000, NULL, NULL, NULL, NULL),
	(1315, 98, 31, '0', '["morning_and_evening"]', 0.0000, NULL, NULL, NULL, NULL),
	(1316, 98, 32, '0', '["morning_and_evening"]', 0.0000, NULL, NULL, NULL, NULL),
	(1317, 98, 33, '0', '["morning_and_evening"]', 0.0000, NULL, NULL, NULL, NULL),
	(1318, 98, 34, '0', '["morning_and_evening"]', 0.0000, NULL, NULL, NULL, NULL),
	(1319, 98, 144, '0', '["morning_and_evening"]', 0.0000, NULL, NULL, NULL, NULL),
	(1320, 98, 145, '0', '["morning_and_evening"]', 0.0000, NULL, NULL, NULL, NULL),
	(1321, 98, 146, '0', '["morning_and_evening"]', 0.0000, NULL, NULL, NULL, NULL),
	(1322, 98, 147, '0', '["morning_and_evening"]', 0.0000, NULL, NULL, NULL, NULL),
	(1323, 98, 148, '0', '["morning_and_evening"]', 0.0000, NULL, NULL, NULL, NULL),
	(1324, 98, 35, '0', '["morning_and_evening"]', 0.0000, NULL, NULL, NULL, NULL),
	(1325, 98, 36, '0', '["morning_and_evening"]', 0.0000, NULL, NULL, NULL, NULL),
	(1326, 98, 37, '0', '["morning_and_evening"]', 0.0000, NULL, NULL, NULL, NULL),
	(1327, 98, 38, '0', '["morning_and_evening"]', 0.0000, NULL, NULL, NULL, NULL),
	(1328, 98, 39, '0', '["morning_and_evening"]', 0.0000, NULL, NULL, NULL, NULL),
	(1329, 98, 40, '0', '["morning_and_evening"]', 0.0000, NULL, NULL, NULL, NULL),
	(1330, 98, 41, '0', '["morning_and_evening"]', 0.0000, NULL, NULL, NULL, NULL),
	(1331, 98, 42, '0', '["morning_and_evening"]', 0.0000, NULL, NULL, NULL, NULL),
	(1332, 98, 43, '0', '["morning_and_evening"]', 0.0000, NULL, NULL, NULL, NULL),
	(1333, 98, 44, '0', '["morning_and_evening"]', 0.0000, NULL, NULL, NULL, NULL),
	(1334, 98, 45, '0', '["morning_and_evening"]', 0.0000, NULL, NULL, NULL, NULL),
	(1335, 98, 46, '0', '["morning_and_evening"]', 0.0000, NULL, NULL, NULL, NULL),
	(1336, 98, 47, '0', '["morning_and_evening"]', 0.0000, NULL, NULL, NULL, NULL),
	(1337, 98, 48, '0', '["morning_and_evening"]', 0.0000, NULL, NULL, NULL, NULL),
	(1338, 98, 49, '0', '["morning_and_evening"]', 0.0000, NULL, NULL, NULL, NULL),
	(1339, 98, 50, '0', '["morning_and_evening"]', 0.0000, NULL, NULL, NULL, NULL),
	(1340, 98, 149, '0', '["morning_and_evening"]', 0.0000, NULL, NULL, NULL, NULL),
	(1341, 98, 150, '0', '["morning_and_evening"]', 0.0000, NULL, NULL, NULL, NULL),
	(1342, 98, 151, '0', '["morning_and_evening"]', 0.0000, NULL, NULL, NULL, NULL),
	(1343, 98, 152, '0', '["morning_and_evening"]', 0.0000, NULL, NULL, NULL, NULL),
	(1344, 98, 153, '0', '["morning_and_evening"]', 0.0000, NULL, NULL, NULL, NULL),
	(1345, 98, 154, '0', '["morning_and_evening"]', 0.0000, NULL, NULL, NULL, NULL),
	(1346, 98, 155, '0', '["morning_and_evening"]', 0.0000, NULL, NULL, NULL, NULL),
	(1347, 98, 156, '0', '["morning_and_evening"]', 0.0000, NULL, NULL, NULL, NULL),
	(1348, 98, 157, '0', '["morning_and_evening"]', 0.0000, NULL, NULL, NULL, NULL),
	(1349, 98, 158, '0', '["morning_and_evening"]', 0.0000, NULL, NULL, NULL, NULL),
	(1350, 98, 159, '0', '["morning_and_evening"]', 0.0000, NULL, NULL, NULL, NULL),
	(1351, 98, 160, '0', '["morning_and_evening"]', 0.0000, NULL, NULL, NULL, NULL),
	(1352, 98, 161, '0', '["morning_and_evening"]', 0.0000, NULL, NULL, NULL, NULL),
	(1353, 98, 162, '0', '["morning_and_evening"]', 0.0000, NULL, NULL, NULL, NULL),
	(1354, 98, 163, '0', '["morning_and_evening"]', 0.0000, NULL, NULL, NULL, NULL),
	(1355, 98, 164, '0', '["morning_and_evening"]', 0.0000, NULL, NULL, NULL, NULL),
	(1356, 98, 51, '0', '["morning_and_evening"]', 0.0000, NULL, NULL, NULL, NULL),
	(1357, 98, 52, '0', '["morning_and_evening"]', 0.0000, NULL, NULL, NULL, NULL),
	(1358, 98, 53, '0', '["morning_and_evening"]', 0.0000, NULL, NULL, NULL, NULL),
	(1359, 98, 54, '0', '["morning_and_evening"]', 0.0000, NULL, NULL, NULL, NULL),
	(1360, 98, 55, '0', '["morning_and_evening"]', 0.0000, NULL, NULL, NULL, NULL),
	(1361, 98, 56, '0', '["morning_and_evening"]', 0.0000, NULL, NULL, NULL, NULL),
	(1362, 98, 57, '0', '["morning_and_evening"]', 0.0000, NULL, NULL, NULL, NULL),
	(1363, 98, 58, '0', '["morning_and_evening"]', 0.0000, NULL, NULL, NULL, NULL),
	(1364, 98, 59, '0', '["morning_and_evening"]', 0.0000, NULL, NULL, NULL, NULL),
	(1365, 98, 60, '0', '["morning_and_evening"]', 0.0000, NULL, NULL, NULL, NULL),
	(1366, 98, 61, '0', '["morning_and_evening"]', 0.0000, NULL, NULL, NULL, NULL),
	(1367, 98, 62, '0', '["morning_and_evening"]', 0.0000, NULL, NULL, NULL, NULL),
	(1368, 98, 63, '0', '["morning_and_evening"]', 0.0000, NULL, NULL, NULL, NULL),
	(1369, 98, 165, '0', '["morning_and_evening"]', 0.0000, NULL, NULL, NULL, NULL),
	(1370, 98, 166, '0', '["morning_and_evening"]', 0.0000, NULL, NULL, NULL, NULL),
	(1371, 98, 167, '0', '["morning_and_evening"]', 0.0000, NULL, NULL, NULL, NULL),
	(1372, 98, 168, '0', '["morning_and_evening"]', 0.0000, NULL, NULL, NULL, NULL),
	(1373, 98, 169, '0', '["morning_and_evening"]', 0.0000, NULL, NULL, NULL, NULL),
	(1374, 98, 170, '0', '["morning_and_evening"]', 0.0000, NULL, NULL, NULL, NULL),
	(1375, 98, 171, '0', '["morning_and_evening"]', 0.0000, NULL, NULL, NULL, NULL),
	(1376, 98, 172, '0', '["morning_and_evening"]', 0.0000, NULL, NULL, NULL, NULL),
	(1377, 98, 173, '0', '["morning_and_evening"]', 0.0000, NULL, NULL, NULL, NULL),
	(1378, 98, 174, '0', '["morning_and_evening"]', 0.0000, NULL, NULL, NULL, NULL),
	(1379, 98, 175, '0', '["morning_and_evening"]', 0.0000, NULL, NULL, NULL, NULL),
	(1380, 98, 176, '0', '["morning_and_evening"]', 0.0000, NULL, NULL, NULL, NULL),
	(1381, 98, 177, '0', '["morning_and_evening"]', 0.0000, NULL, NULL, NULL, NULL),
	(1382, 98, 64, '0', '["morning_and_evening"]', 0.0000, NULL, NULL, NULL, NULL),
	(1383, 98, 65, '0', '["morning_and_evening"]', 0.0000, NULL, NULL, NULL, NULL),
	(1384, 98, 66, '0', '["morning_and_evening"]', 0.0000, NULL, NULL, NULL, NULL),
	(1385, 98, 178, '0', '["morning_and_evening"]', 0.0000, NULL, NULL, NULL, NULL),
	(1386, 98, 179, '0', '["morning_and_evening"]', 0.0000, NULL, NULL, NULL, NULL),
	(1387, 98, 180, '0', '["morning_and_evening"]', 0.0000, NULL, NULL, NULL, NULL),
	(1388, 98, 67, '0', '["morning_and_evening"]', 0.0000, NULL, NULL, NULL, NULL),
	(1389, 98, 68, '0', '["morning_and_evening"]', 0.0000, NULL, NULL, NULL, NULL),
	(1390, 98, 69, '0', '["morning_and_evening"]', 0.0000, NULL, NULL, NULL, NULL),
	(1391, 98, 181, '0', '["morning_and_evening"]', 0.0000, NULL, NULL, NULL, NULL),
	(1392, 98, 182, '0', '["morning_and_evening"]', 0.0000, NULL, NULL, NULL, NULL),
	(1393, 98, 183, '0', '["morning_and_evening"]', 0.0000, NULL, NULL, NULL, NULL),
	(1394, 98, 70, '0', '["morning_and_evening"]', 0.0000, NULL, NULL, NULL, NULL),
	(1395, 98, 71, '0', '["morning_and_evening"]', 0.0000, NULL, NULL, NULL, NULL),
	(1396, 98, 72, '0', '["morning_and_evening"]', 0.0000, NULL, NULL, NULL, NULL),
	(1397, 98, 73, '0', '["morning_and_evening"]', 0.0000, NULL, NULL, NULL, NULL),
	(1398, 98, 74, '0', '["morning_and_evening"]', 0.0000, NULL, NULL, NULL, NULL),
	(1399, 98, 75, '0', '["morning_and_evening"]', 0.0000, NULL, NULL, NULL, NULL),
	(1400, 98, 76, '0', '["morning_and_evening"]', 0.0000, NULL, NULL, NULL, NULL),
	(1401, 98, 77, '0', '["morning_and_evening"]', 0.0000, NULL, NULL, NULL, NULL),
	(1402, 98, 78, '0', '["morning_and_evening"]', 0.0000, NULL, NULL, NULL, NULL),
	(1403, 98, 79, '0', '["morning_and_evening"]', 0.0000, NULL, NULL, NULL, NULL),
	(1404, 98, 80, '0', '["morning_and_evening"]', 0.0000, NULL, NULL, NULL, NULL),
	(1405, 98, 81, '0', '["morning_and_evening"]', 0.0000, NULL, NULL, NULL, NULL),
	(1406, 98, 82, '0', '["morning_and_evening"]', 0.0000, NULL, NULL, NULL, NULL),
	(1407, 98, 83, '0', '["morning_and_evening"]', 0.0000, NULL, NULL, NULL, NULL),
	(1408, 98, 84, '0', '["morning_and_evening"]', 0.0000, NULL, NULL, NULL, NULL),
	(1409, 98, 85, '0', '["morning_and_evening"]', 0.0000, NULL, NULL, NULL, NULL),
	(1410, 98, 86, '0', '["morning_and_evening"]', 0.0000, NULL, NULL, NULL, NULL),
	(1411, 98, 87, '0', '["morning_and_evening"]', 0.0000, NULL, NULL, NULL, NULL),
	(1412, 98, 88, '0', '["morning_and_evening"]', 0.0000, NULL, NULL, NULL, NULL),
	(1413, 98, 89, '0', '["morning_and_evening"]', 0.0000, NULL, NULL, NULL, NULL),
	(1414, 98, 90, '0', '["morning_and_evening"]', 0.0000, NULL, NULL, NULL, NULL),
	(1415, 98, 91, '0', '["morning_and_evening"]', 0.0000, NULL, NULL, NULL, NULL),
	(1416, 98, 92, '0', '["morning_and_evening"]', 0.0000, NULL, NULL, NULL, NULL),
	(1417, 98, 93, '0', '["morning_and_evening"]', 0.0000, NULL, NULL, NULL, NULL),
	(1418, 98, 94, '0', '["morning_and_evening"]', 0.0000, NULL, NULL, NULL, NULL),
	(1419, 98, 95, '0', '["morning_and_evening"]', 0.0000, NULL, NULL, NULL, NULL),
	(1420, 98, 96, '0', '["morning_and_evening"]', 0.0000, NULL, NULL, NULL, NULL),
	(1421, 98, 97, '0', '["morning_and_evening"]', 0.0000, NULL, NULL, NULL, NULL),
	(1422, 98, 98, '0', '["morning_and_evening"]', 0.0000, NULL, NULL, NULL, NULL),
	(1423, 98, 99, '0', '["morning_and_evening"]', 0.0000, NULL, NULL, NULL, NULL),
	(1424, 98, 100, '0', '["morning_and_evening"]', 0.0000, NULL, NULL, NULL, NULL),
	(1425, 98, 101, '0', '["morning_and_evening"]', 0.0000, NULL, NULL, NULL, NULL),
	(1426, 98, 102, '0', '["morning_and_evening"]', 0.0000, NULL, NULL, NULL, NULL),
	(1427, 98, 103, '0', '["morning_and_evening"]', 0.0000, NULL, NULL, NULL, NULL),
	(1428, 98, 104, '0', '["morning_and_evening"]', 0.0000, NULL, NULL, NULL, NULL),
	(1429, 98, 105, '0', '["morning_and_evening"]', 0.0000, NULL, NULL, NULL, NULL),
	(1430, 98, 106, '0', '["morning_and_evening"]', 0.0000, NULL, NULL, NULL, NULL),
	(1431, 98, 107, '0', '["morning_and_evening"]', 0.0000, NULL, NULL, NULL, NULL),
	(1432, 98, 108, '0', '["morning_and_evening"]', 0.0000, NULL, NULL, NULL, NULL),
	(1433, 98, 184, '0', '["morning_and_evening"]', 0.0000, NULL, NULL, NULL, NULL),
	(1434, 98, 185, '0', '["morning_and_evening"]', 0.0000, NULL, NULL, NULL, NULL),
	(1435, 98, 186, '0', '["morning_and_evening"]', 0.0000, NULL, NULL, NULL, NULL),
	(1436, 98, 187, '0', '["morning_and_evening"]', 0.0000, NULL, NULL, NULL, NULL),
	(1437, 98, 188, '0', '["morning_and_evening"]', 0.0000, NULL, NULL, NULL, NULL),
	(1438, 98, 189, '0', '["morning_and_evening"]', 0.0000, NULL, NULL, NULL, NULL),
	(1439, 98, 190, '0', '["morning_and_evening"]', 0.0000, NULL, NULL, NULL, NULL),
	(1440, 98, 191, '0', '["morning_and_evening"]', 0.0000, NULL, NULL, NULL, NULL),
	(1441, 98, 192, '0', '["morning_and_evening"]', 0.0000, NULL, NULL, NULL, NULL),
	(1442, 98, 193, '0', '["morning_and_evening"]', 0.0000, NULL, NULL, NULL, NULL),
	(1443, 98, 194, '0', '["morning_and_evening"]', 0.0000, NULL, NULL, NULL, NULL),
	(1444, 98, 195, '0', '["morning_and_evening"]', 0.0000, NULL, NULL, NULL, NULL),
	(1445, 98, 196, '0', '["morning_and_evening"]', 0.0000, NULL, NULL, NULL, NULL),
	(1446, 98, 197, '0', '["morning_and_evening"]', 0.0000, NULL, NULL, NULL, NULL),
	(1447, 98, 198, '0', '["morning_and_evening"]', 0.0000, NULL, NULL, NULL, NULL),
	(1448, 98, 199, '0', '["morning_and_evening"]', 0.0000, NULL, NULL, NULL, NULL),
	(1449, 98, 200, '0', '["morning_and_evening"]', 0.0000, NULL, NULL, NULL, NULL),
	(1450, 98, 201, '0', '["morning_and_evening"]', 0.0000, NULL, NULL, NULL, NULL),
	(1451, 98, 202, '0', '["morning_and_evening"]', 0.0000, NULL, NULL, NULL, NULL),
	(1452, 98, 203, '0', '["morning_and_evening"]', 0.0000, NULL, NULL, NULL, NULL),
	(1453, 98, 204, '0', '["morning_and_evening"]', 0.0000, NULL, NULL, NULL, NULL),
	(1454, 98, 205, '0', '["morning_and_evening"]', 0.0000, NULL, NULL, NULL, NULL),
	(1455, 98, 206, '0', '["morning_and_evening"]', 0.0000, NULL, NULL, NULL, NULL),
	(1456, 98, 207, '0', '["morning_and_evening"]', 0.0000, NULL, NULL, NULL, NULL),
	(1457, 98, 208, '0', '["morning_and_evening"]', 0.0000, NULL, NULL, NULL, NULL),
	(1458, 98, 209, '0', '["morning_and_evening"]', 0.0000, NULL, NULL, NULL, NULL),
	(1459, 98, 210, '0', '["morning_and_evening"]', 0.0000, NULL, NULL, NULL, NULL),
	(1460, 98, 211, '0', '["morning_and_evening"]', 0.0000, NULL, NULL, NULL, NULL),
	(1461, 98, 212, '0', '["morning_and_evening"]', 0.0000, NULL, NULL, NULL, NULL),
	(1462, 98, 213, '0', '["morning_and_evening"]', 0.0000, NULL, NULL, NULL, NULL),
	(1463, 98, 214, '0', '["morning_and_evening"]', 0.0000, NULL, NULL, NULL, NULL),
	(1464, 98, 215, '0', '["morning_and_evening"]', 0.0000, NULL, NULL, NULL, NULL),
	(1465, 98, 216, '0', '["morning_and_evening"]', 0.0000, NULL, NULL, NULL, NULL),
	(1466, 98, 217, '0', '["morning_and_evening"]', 0.0000, NULL, NULL, NULL, NULL),
	(1467, 98, 218, '0', '["morning_and_evening"]', 0.0000, NULL, NULL, NULL, NULL),
	(1468, 98, 219, '0', '["morning_and_evening"]', 0.0000, NULL, NULL, NULL, NULL),
	(1469, 98, 220, '0', '["morning_and_evening"]', 0.0000, NULL, NULL, NULL, NULL),
	(1470, 98, 221, '0', '["morning_and_evening"]', 0.0000, NULL, NULL, NULL, NULL),
	(1471, 98, 222, '0', '["morning_and_evening"]', 0.0000, NULL, NULL, NULL, NULL),
	(1472, 98, 109, '0', '["morning_and_evening"]', 0.0000, NULL, NULL, NULL, NULL),
	(1473, 98, 110, '0', '["morning_and_evening"]', 0.0000, NULL, NULL, NULL, NULL),
	(1474, 98, 111, '0', '["morning_and_evening"]', 0.0000, NULL, NULL, NULL, NULL),
	(1475, 98, 112, '0', '["morning_and_evening"]', 0.0000, NULL, NULL, NULL, NULL),
	(1476, 98, 113, '0', '["morning_and_evening"]', 0.0000, NULL, NULL, NULL, NULL),
	(1477, 98, 114, '0', '["morning_and_evening"]', 0.0000, NULL, NULL, NULL, NULL),
	(1478, 98, 223, '0', '["morning_and_evening"]', 0.0000, NULL, NULL, NULL, NULL),
	(1479, 98, 224, '0', '["morning_and_evening"]', 0.0000, NULL, NULL, NULL, NULL),
	(1480, 98, 225, '0', '["morning_and_evening"]', 0.0000, NULL, NULL, NULL, NULL),
	(1481, 98, 226, '0', '["morning_and_evening"]', 0.0000, NULL, NULL, NULL, NULL),
	(1482, 98, 227, '0', '["morning_and_evening"]', 0.0000, NULL, NULL, NULL, NULL),
	(1483, 98, 228, '0', '["morning_and_evening"]', 0.0000, NULL, NULL, NULL, NULL),
	(1484, 99, 1, '2000', '["morning_and_evening"]', 6000.0000, NULL, NULL, NULL, NULL),
	(1485, 99, 2, '10', '["morning"]', 300.0000, NULL, NULL, NULL, NULL),
	(1486, 99, 3, '5', '["lunch"]', 150.0000, NULL, NULL, NULL, NULL),
	(1487, 99, 4, '0', '["morning_and_evening"]', 0.0000, NULL, NULL, NULL, NULL),
	(1488, 99, 5, '0', '["morning_and_evening"]', 0.0000, NULL, NULL, NULL, NULL),
	(1489, 99, 6, '0', '["morning_and_evening"]', 0.0000, NULL, NULL, NULL, NULL),
	(1490, 99, 7, '0', '["morning_and_evening"]', 0.0000, NULL, NULL, NULL, NULL),
	(1491, 99, 8, '0', '["morning_and_evening"]', 0.0000, NULL, NULL, NULL, NULL),
	(1492, 99, 9, '0', '["morning_and_evening"]', 0.0000, NULL, NULL, NULL, NULL),
	(1493, 99, 10, '0', '["morning_and_evening"]', 0.0000, NULL, NULL, NULL, NULL),
	(1494, 99, 11, '0', '["morning_and_evening"]', 0.0000, NULL, NULL, NULL, NULL),
	(1495, 99, 12, '0', '["morning_and_evening"]', 0.0000, NULL, NULL, NULL, NULL),
	(1496, 99, 13, '0', '["morning_and_evening"]', 0.0000, NULL, NULL, NULL, NULL),
	(1497, 99, 14, '0', '["morning_and_evening"]', 0.0000, NULL, NULL, NULL, NULL),
	(1498, 99, 15, '0', '["morning_and_evening"]', 0.0000, NULL, NULL, NULL, NULL),
	(1499, 99, 115, '0', '["morning_and_evening"]', 0.0000, NULL, NULL, NULL, NULL),
	(1500, 99, 116, '0', '["morning_and_evening"]', 0.0000, NULL, NULL, NULL, NULL),
	(1501, 99, 117, '0', '["morning_and_evening"]', 0.0000, NULL, NULL, NULL, NULL),
	(1502, 99, 118, '0', '["morning_and_evening"]', 0.0000, NULL, NULL, NULL, NULL),
	(1503, 99, 119, '0', '["morning_and_evening"]', 0.0000, NULL, NULL, NULL, NULL),
	(1504, 99, 120, '10', '["morning","lunch","evening"]', 300.0000, NULL, NULL, NULL, NULL),
	(1505, 99, 121, '300', '["lunch","evening"]', 9000.0000, NULL, NULL, NULL, NULL),
	(1506, 99, 122, '0', '["morning_and_evening"]', 0.0000, NULL, NULL, NULL, NULL),
	(1507, 99, 123, '0', '["morning_and_evening"]', 0.0000, NULL, NULL, NULL, NULL),
	(1508, 99, 124, '0', '["morning_and_evening"]', 0.0000, NULL, NULL, NULL, NULL),
	(1509, 99, 125, '0', '["morning_and_evening"]', 0.0000, NULL, NULL, NULL, NULL),
	(1510, 99, 126, '0', '["morning_and_evening"]', 0.0000, NULL, NULL, NULL, NULL),
	(1511, 99, 127, '0', '["morning_and_evening"]', 0.0000, NULL, NULL, NULL, NULL),
	(1512, 99, 128, '0', '["morning_and_evening"]', 0.0000, NULL, NULL, NULL, NULL),
	(1513, 99, 129, '0', '["morning_and_evening"]', 0.0000, NULL, NULL, NULL, NULL),
	(1514, 99, 16, '0', '["morning_and_evening"]', 0.0000, NULL, NULL, NULL, NULL),
	(1515, 99, 17, '0', '["morning_and_evening"]', 0.0000, NULL, NULL, NULL, NULL),
	(1516, 99, 18, '0', '["morning_and_evening"]', 0.0000, NULL, NULL, NULL, NULL),
	(1517, 99, 19, '0', '["morning_and_evening"]', 0.0000, NULL, NULL, NULL, NULL),
	(1518, 99, 20, '0', '["morning_and_evening"]', 0.0000, NULL, NULL, NULL, NULL),
	(1519, 99, 21, '0', '["morning_and_evening"]', 0.0000, NULL, NULL, NULL, NULL),
	(1520, 99, 22, '0', '["morning_and_evening"]', 0.0000, NULL, NULL, NULL, NULL),
	(1521, 99, 23, '0', '["morning_and_evening"]', 0.0000, NULL, NULL, NULL, NULL),
	(1522, 99, 24, '0', '["morning_and_evening"]', 0.0000, NULL, NULL, NULL, NULL),
	(1523, 99, 25, '0', '["morning_and_evening"]', 0.0000, NULL, NULL, NULL, NULL),
	(1524, 99, 26, '0', '["morning_and_evening"]', 0.0000, NULL, NULL, NULL, NULL),
	(1525, 99, 27, '0', '["morning_and_evening"]', 0.0000, NULL, NULL, NULL, NULL),
	(1526, 99, 28, '0', '["morning_and_evening"]', 0.0000, NULL, NULL, NULL, NULL),
	(1527, 99, 29, '0', '["morning_and_evening"]', 0.0000, NULL, NULL, NULL, NULL),
	(1528, 99, 130, '0', '["morning_and_evening"]', 0.0000, NULL, NULL, NULL, NULL),
	(1529, 99, 131, '0', '["morning_and_evening"]', 0.0000, NULL, NULL, NULL, NULL),
	(1530, 99, 132, '0', '["morning_and_evening"]', 0.0000, NULL, NULL, NULL, NULL),
	(1531, 99, 133, '0', '["morning_and_evening"]', 0.0000, NULL, NULL, NULL, NULL),
	(1532, 99, 134, '0', '["morning_and_evening"]', 0.0000, NULL, NULL, NULL, NULL),
	(1533, 99, 135, '0', '["morning_and_evening"]', 0.0000, NULL, NULL, NULL, NULL),
	(1534, 99, 136, '0', '["morning_and_evening"]', 0.0000, NULL, NULL, NULL, NULL),
	(1535, 99, 137, '0', '["morning_and_evening"]', 0.0000, NULL, NULL, NULL, NULL),
	(1536, 99, 138, '0', '["morning_and_evening"]', 0.0000, NULL, NULL, NULL, NULL),
	(1537, 99, 139, '0', '["morning_and_evening"]', 0.0000, NULL, NULL, NULL, NULL),
	(1538, 99, 140, '0', '["morning_and_evening"]', 0.0000, NULL, NULL, NULL, NULL),
	(1539, 99, 141, '0', '["morning_and_evening"]', 0.0000, NULL, NULL, NULL, NULL),
	(1540, 99, 142, '0', '["morning_and_evening"]', 0.0000, NULL, NULL, NULL, NULL),
	(1541, 99, 143, '0', '["morning_and_evening"]', 0.0000, NULL, NULL, NULL, NULL),
	(1542, 99, 30, '0', '["morning_and_evening"]', 0.0000, NULL, NULL, NULL, NULL),
	(1543, 99, 31, '0', '["morning_and_evening"]', 0.0000, NULL, NULL, NULL, NULL),
	(1544, 99, 32, '0', '["morning_and_evening"]', 0.0000, NULL, NULL, NULL, NULL),
	(1545, 99, 33, '0', '["morning_and_evening"]', 0.0000, NULL, NULL, NULL, NULL),
	(1546, 99, 34, '0', '["morning_and_evening"]', 0.0000, NULL, NULL, NULL, NULL),
	(1547, 99, 144, '0', '["morning_and_evening"]', 0.0000, NULL, NULL, NULL, NULL),
	(1548, 99, 145, '0', '["morning_and_evening"]', 0.0000, NULL, NULL, NULL, NULL),
	(1549, 99, 146, '0', '["morning_and_evening"]', 0.0000, NULL, NULL, NULL, NULL),
	(1550, 99, 147, '0', '["morning_and_evening"]', 0.0000, NULL, NULL, NULL, NULL),
	(1551, 99, 148, '0', '["morning_and_evening"]', 0.0000, NULL, NULL, NULL, NULL),
	(1552, 99, 35, '0', '["morning_and_evening"]', 0.0000, NULL, NULL, NULL, NULL),
	(1553, 99, 36, '0', '["morning_and_evening"]', 0.0000, NULL, NULL, NULL, NULL),
	(1554, 99, 37, '0', '["morning_and_evening"]', 0.0000, NULL, NULL, NULL, NULL),
	(1555, 99, 38, '0', '["morning_and_evening"]', 0.0000, NULL, NULL, NULL, NULL),
	(1556, 99, 39, '0', '["morning_and_evening"]', 0.0000, NULL, NULL, NULL, NULL),
	(1557, 99, 40, '0', '["morning_and_evening"]', 0.0000, NULL, NULL, NULL, NULL),
	(1558, 99, 41, '0', '["morning_and_evening"]', 0.0000, NULL, NULL, NULL, NULL),
	(1559, 99, 42, '0', '["morning_and_evening"]', 0.0000, NULL, NULL, NULL, NULL),
	(1560, 99, 43, '0', '["morning_and_evening"]', 0.0000, NULL, NULL, NULL, NULL),
	(1561, 99, 44, '0', '["morning_and_evening"]', 0.0000, NULL, NULL, NULL, NULL),
	(1562, 99, 45, '0', '["morning_and_evening"]', 0.0000, NULL, NULL, NULL, NULL),
	(1563, 99, 46, '0', '["morning_and_evening"]', 0.0000, NULL, NULL, NULL, NULL),
	(1564, 99, 47, '0', '["morning_and_evening"]', 0.0000, NULL, NULL, NULL, NULL),
	(1565, 99, 48, '0', '["morning_and_evening"]', 0.0000, NULL, NULL, NULL, NULL),
	(1566, 99, 49, '0', '["morning_and_evening"]', 0.0000, NULL, NULL, NULL, NULL),
	(1567, 99, 50, '0', '["morning_and_evening"]', 0.0000, NULL, NULL, NULL, NULL),
	(1568, 99, 149, '0', '["morning_and_evening"]', 0.0000, NULL, NULL, NULL, NULL),
	(1569, 99, 150, '0', '["morning_and_evening"]', 0.0000, NULL, NULL, NULL, NULL),
	(1570, 99, 151, '0', '["morning_and_evening"]', 0.0000, NULL, NULL, NULL, NULL),
	(1571, 99, 152, '0', '["morning_and_evening"]', 0.0000, NULL, NULL, NULL, NULL),
	(1572, 99, 153, '0', '["morning_and_evening"]', 0.0000, NULL, NULL, NULL, NULL),
	(1573, 99, 154, '0', '["morning_and_evening"]', 0.0000, NULL, NULL, NULL, NULL),
	(1574, 99, 155, '0', '["morning_and_evening"]', 0.0000, NULL, NULL, NULL, NULL),
	(1575, 99, 156, '0', '["morning_and_evening"]', 0.0000, NULL, NULL, NULL, NULL),
	(1576, 99, 157, '0', '["morning_and_evening"]', 0.0000, NULL, NULL, NULL, NULL),
	(1577, 99, 158, '0', '["morning_and_evening"]', 0.0000, NULL, NULL, NULL, NULL),
	(1578, 99, 159, '0', '["morning_and_evening"]', 0.0000, NULL, NULL, NULL, NULL),
	(1579, 99, 160, '0', '["morning_and_evening"]', 0.0000, NULL, NULL, NULL, NULL),
	(1580, 99, 161, '0', '["morning_and_evening"]', 0.0000, NULL, NULL, NULL, NULL),
	(1581, 99, 162, '0', '["morning_and_evening"]', 0.0000, NULL, NULL, NULL, NULL),
	(1582, 99, 163, '0', '["morning_and_evening"]', 0.0000, NULL, NULL, NULL, NULL),
	(1583, 99, 164, '0', '["morning_and_evening"]', 0.0000, NULL, NULL, NULL, NULL),
	(1584, 99, 51, '0', '["morning_and_evening"]', 0.0000, NULL, NULL, NULL, NULL),
	(1585, 99, 52, '0', '["morning_and_evening"]', 0.0000, NULL, NULL, NULL, NULL),
	(1586, 99, 53, '0', '["morning_and_evening"]', 0.0000, NULL, NULL, NULL, NULL),
	(1587, 99, 54, '0', '["morning_and_evening"]', 0.0000, NULL, NULL, NULL, NULL),
	(1588, 99, 55, '0', '["morning_and_evening"]', 0.0000, NULL, NULL, NULL, NULL),
	(1589, 99, 56, '0', '["morning_and_evening"]', 0.0000, NULL, NULL, NULL, NULL),
	(1590, 99, 57, '0', '["morning_and_evening"]', 0.0000, NULL, NULL, NULL, NULL),
	(1591, 99, 58, '0', '["morning_and_evening"]', 0.0000, NULL, NULL, NULL, NULL),
	(1592, 99, 59, '0', '["morning_and_evening"]', 0.0000, NULL, NULL, NULL, NULL),
	(1593, 99, 60, '0', '["morning_and_evening"]', 0.0000, NULL, NULL, NULL, NULL),
	(1594, 99, 61, '0', '["morning_and_evening"]', 0.0000, NULL, NULL, NULL, NULL),
	(1595, 99, 62, '0', '["morning_and_evening"]', 0.0000, NULL, NULL, NULL, NULL),
	(1596, 99, 63, '0', '["morning_and_evening"]', 0.0000, NULL, NULL, NULL, NULL),
	(1597, 99, 165, '0', '["morning_and_evening"]', 0.0000, NULL, NULL, NULL, NULL),
	(1598, 99, 166, '0', '["morning_and_evening"]', 0.0000, NULL, NULL, NULL, NULL),
	(1599, 99, 167, '0', '["morning_and_evening"]', 0.0000, NULL, NULL, NULL, NULL),
	(1600, 99, 168, '0', '["morning_and_evening"]', 0.0000, NULL, NULL, NULL, NULL),
	(1601, 99, 169, '0', '["morning_and_evening"]', 0.0000, NULL, NULL, NULL, NULL),
	(1602, 99, 170, '0', '["morning_and_evening"]', 0.0000, NULL, NULL, NULL, NULL),
	(1603, 99, 171, '0', '["morning_and_evening"]', 0.0000, NULL, NULL, NULL, NULL),
	(1604, 99, 172, '0', '["morning_and_evening"]', 0.0000, NULL, NULL, NULL, NULL),
	(1605, 99, 173, '0', '["morning_and_evening"]', 0.0000, NULL, NULL, NULL, NULL),
	(1606, 99, 174, '0', '["morning_and_evening"]', 0.0000, NULL, NULL, NULL, NULL),
	(1607, 99, 175, '0', '["morning_and_evening"]', 0.0000, NULL, NULL, NULL, NULL),
	(1608, 99, 176, '0', '["morning_and_evening"]', 0.0000, NULL, NULL, NULL, NULL),
	(1609, 99, 177, '0', '["morning_and_evening"]', 0.0000, NULL, NULL, NULL, NULL),
	(1610, 99, 64, '0', '["morning_and_evening"]', 0.0000, NULL, NULL, NULL, NULL),
	(1611, 99, 65, '0', '["morning_and_evening"]', 0.0000, NULL, NULL, NULL, NULL),
	(1612, 99, 66, '0', '["morning_and_evening"]', 0.0000, NULL, NULL, NULL, NULL),
	(1613, 99, 178, '0', '["morning_and_evening"]', 0.0000, NULL, NULL, NULL, NULL),
	(1614, 99, 179, '0', '["morning_and_evening"]', 0.0000, NULL, NULL, NULL, NULL),
	(1615, 99, 180, '0', '["morning_and_evening"]', 0.0000, NULL, NULL, NULL, NULL),
	(1616, 99, 67, '0', '["morning_and_evening"]', 0.0000, NULL, NULL, NULL, NULL),
	(1617, 99, 68, '0', '["morning_and_evening"]', 0.0000, NULL, NULL, NULL, NULL),
	(1618, 99, 69, '0', '["morning_and_evening"]', 0.0000, NULL, NULL, NULL, NULL),
	(1619, 99, 181, '0', '["morning_and_evening"]', 0.0000, NULL, NULL, NULL, NULL),
	(1620, 99, 182, '0', '["morning_and_evening"]', 0.0000, NULL, NULL, NULL, NULL),
	(1621, 99, 183, '0', '["morning_and_evening"]', 0.0000, NULL, NULL, NULL, NULL),
	(1622, 99, 70, '0', '["morning_and_evening"]', 0.0000, NULL, NULL, NULL, NULL),
	(1623, 99, 71, '0', '["morning_and_evening"]', 0.0000, NULL, NULL, NULL, NULL),
	(1624, 99, 72, '0', '["morning_and_evening"]', 0.0000, NULL, NULL, NULL, NULL),
	(1625, 99, 73, '0', '["morning_and_evening"]', 0.0000, NULL, NULL, NULL, NULL),
	(1626, 99, 74, '0', '["morning_and_evening"]', 0.0000, NULL, NULL, NULL, NULL),
	(1627, 99, 75, '0', '["morning_and_evening"]', 0.0000, NULL, NULL, NULL, NULL),
	(1628, 99, 76, '0', '["morning_and_evening"]', 0.0000, NULL, NULL, NULL, NULL),
	(1629, 99, 77, '0', '["morning_and_evening"]', 0.0000, NULL, NULL, NULL, NULL),
	(1630, 99, 78, '0', '["morning_and_evening"]', 0.0000, NULL, NULL, NULL, NULL),
	(1631, 99, 79, '0', '["morning_and_evening"]', 0.0000, NULL, NULL, NULL, NULL),
	(1632, 99, 80, '0', '["morning_and_evening"]', 0.0000, NULL, NULL, NULL, NULL),
	(1633, 99, 81, '0', '["morning_and_evening"]', 0.0000, NULL, NULL, NULL, NULL),
	(1634, 99, 82, '0', '["morning_and_evening"]', 0.0000, NULL, NULL, NULL, NULL),
	(1635, 99, 83, '0', '["morning_and_evening"]', 0.0000, NULL, NULL, NULL, NULL),
	(1636, 99, 84, '0', '["morning_and_evening"]', 0.0000, NULL, NULL, NULL, NULL),
	(1637, 99, 85, '0', '["morning_and_evening"]', 0.0000, NULL, NULL, NULL, NULL),
	(1638, 99, 86, '0', '["morning_and_evening"]', 0.0000, NULL, NULL, NULL, NULL),
	(1639, 99, 87, '0', '["morning_and_evening"]', 0.0000, NULL, NULL, NULL, NULL),
	(1640, 99, 88, '0', '["morning_and_evening"]', 0.0000, NULL, NULL, NULL, NULL),
	(1641, 99, 89, '0', '["morning_and_evening"]', 0.0000, NULL, NULL, NULL, NULL),
	(1642, 99, 90, '0', '["morning_and_evening"]', 0.0000, NULL, NULL, NULL, NULL),
	(1643, 99, 91, '0', '["morning_and_evening"]', 0.0000, NULL, NULL, NULL, NULL),
	(1644, 99, 92, '0', '["morning_and_evening"]', 0.0000, NULL, NULL, NULL, NULL),
	(1645, 99, 93, '0', '["morning_and_evening"]', 0.0000, NULL, NULL, NULL, NULL),
	(1646, 99, 94, '0', '["morning_and_evening"]', 0.0000, NULL, NULL, NULL, NULL),
	(1647, 99, 95, '0', '["morning_and_evening"]', 0.0000, NULL, NULL, NULL, NULL),
	(1648, 99, 96, '0', '["morning_and_evening"]', 0.0000, NULL, NULL, NULL, NULL),
	(1649, 99, 97, '0', '["morning_and_evening"]', 0.0000, NULL, NULL, NULL, NULL),
	(1650, 99, 98, '0', '["morning_and_evening"]', 0.0000, NULL, NULL, NULL, NULL),
	(1651, 99, 99, '0', '["morning_and_evening"]', 0.0000, NULL, NULL, NULL, NULL),
	(1652, 99, 100, '0', '["morning_and_evening"]', 0.0000, NULL, NULL, NULL, NULL),
	(1653, 99, 101, '0', '["morning_and_evening"]', 0.0000, NULL, NULL, NULL, NULL),
	(1654, 99, 102, '0', '["morning_and_evening"]', 0.0000, NULL, NULL, NULL, NULL),
	(1655, 99, 103, '0', '["morning_and_evening"]', 0.0000, NULL, NULL, NULL, NULL),
	(1656, 99, 104, '0', '["morning_and_evening"]', 0.0000, NULL, NULL, NULL, NULL),
	(1657, 99, 105, '0', '["morning_and_evening"]', 0.0000, NULL, NULL, NULL, NULL),
	(1658, 99, 106, '0', '["morning_and_evening"]', 0.0000, NULL, NULL, NULL, NULL),
	(1659, 99, 107, '0', '["morning_and_evening"]', 0.0000, NULL, NULL, NULL, NULL),
	(1660, 99, 108, '0', '["morning_and_evening"]', 0.0000, NULL, NULL, NULL, NULL),
	(1661, 99, 184, '0', '["morning_and_evening"]', 0.0000, NULL, NULL, NULL, NULL),
	(1662, 99, 185, '0', '["morning_and_evening"]', 0.0000, NULL, NULL, NULL, NULL),
	(1663, 99, 186, '0', '["morning_and_evening"]', 0.0000, NULL, NULL, NULL, NULL),
	(1664, 99, 187, '0', '["morning_and_evening"]', 0.0000, NULL, NULL, NULL, NULL),
	(1665, 99, 188, '0', '["morning_and_evening"]', 0.0000, NULL, NULL, NULL, NULL),
	(1666, 99, 189, '0', '["morning_and_evening"]', 0.0000, NULL, NULL, NULL, NULL),
	(1667, 99, 190, '0', '["morning_and_evening"]', 0.0000, NULL, NULL, NULL, NULL),
	(1668, 99, 191, '0', '["morning_and_evening"]', 0.0000, NULL, NULL, NULL, NULL),
	(1669, 99, 192, '0', '["morning_and_evening"]', 0.0000, NULL, NULL, NULL, NULL),
	(1670, 99, 193, '0', '["morning_and_evening"]', 0.0000, NULL, NULL, NULL, NULL),
	(1671, 99, 194, '0', '["morning_and_evening"]', 0.0000, NULL, NULL, NULL, NULL),
	(1672, 99, 195, '0', '["morning_and_evening"]', 0.0000, NULL, NULL, NULL, NULL),
	(1673, 99, 196, '0', '["morning_and_evening"]', 0.0000, NULL, NULL, NULL, NULL),
	(1674, 99, 197, '0', '["morning_and_evening"]', 0.0000, NULL, NULL, NULL, NULL),
	(1675, 99, 198, '0', '["morning_and_evening"]', 0.0000, NULL, NULL, NULL, NULL),
	(1676, 99, 199, '0', '["morning_and_evening"]', 0.0000, NULL, NULL, NULL, NULL),
	(1677, 99, 200, '0', '["morning_and_evening"]', 0.0000, NULL, NULL, NULL, NULL),
	(1678, 99, 201, '0', '["morning_and_evening"]', 0.0000, NULL, NULL, NULL, NULL),
	(1679, 99, 202, '0', '["morning_and_evening"]', 0.0000, NULL, NULL, NULL, NULL),
	(1680, 99, 203, '0', '["morning_and_evening"]', 0.0000, NULL, NULL, NULL, NULL),
	(1681, 99, 204, '0', '["morning_and_evening"]', 0.0000, NULL, NULL, NULL, NULL),
	(1682, 99, 205, '0', '["morning_and_evening"]', 0.0000, NULL, NULL, NULL, NULL),
	(1683, 99, 206, '0', '["morning_and_evening"]', 0.0000, NULL, NULL, NULL, NULL),
	(1684, 99, 207, '0', '["morning_and_evening"]', 0.0000, NULL, NULL, NULL, NULL),
	(1685, 99, 208, '0', '["morning_and_evening"]', 0.0000, NULL, NULL, NULL, NULL),
	(1686, 99, 209, '0', '["morning_and_evening"]', 0.0000, NULL, NULL, NULL, NULL),
	(1687, 99, 210, '0', '["morning_and_evening"]', 0.0000, NULL, NULL, NULL, NULL),
	(1688, 99, 211, '0', '["morning_and_evening"]', 0.0000, NULL, NULL, NULL, NULL),
	(1689, 99, 212, '0', '["morning_and_evening"]', 0.0000, NULL, NULL, NULL, NULL),
	(1690, 99, 213, '0', '["morning_and_evening"]', 0.0000, NULL, NULL, NULL, NULL),
	(1691, 99, 214, '0', '["morning_and_evening"]', 0.0000, NULL, NULL, NULL, NULL),
	(1692, 99, 215, '0', '["morning_and_evening"]', 0.0000, NULL, NULL, NULL, NULL),
	(1693, 99, 216, '0', '["morning_and_evening"]', 0.0000, NULL, NULL, NULL, NULL),
	(1694, 99, 217, '0', '["morning_and_evening"]', 0.0000, NULL, NULL, NULL, NULL),
	(1695, 99, 218, '0', '["morning_and_evening"]', 0.0000, NULL, NULL, NULL, NULL),
	(1696, 99, 219, '0', '["morning_and_evening"]', 0.0000, NULL, NULL, NULL, NULL),
	(1697, 99, 220, '0', '["morning_and_evening"]', 0.0000, NULL, NULL, NULL, NULL),
	(1698, 99, 221, '0', '["morning_and_evening"]', 0.0000, NULL, NULL, NULL, NULL),
	(1699, 99, 222, '0', '["morning_and_evening"]', 0.0000, NULL, NULL, NULL, NULL),
	(1700, 99, 109, '0', '["morning_and_evening"]', 0.0000, NULL, NULL, NULL, NULL),
	(1701, 99, 110, '0', '["morning_and_evening"]', 0.0000, NULL, NULL, NULL, NULL),
	(1702, 99, 111, '0', '["morning_and_evening"]', 0.0000, NULL, NULL, NULL, NULL),
	(1703, 99, 112, '0', '["morning_and_evening"]', 0.0000, NULL, NULL, NULL, NULL),
	(1704, 99, 113, '0', '["morning_and_evening"]', 0.0000, NULL, NULL, NULL, NULL),
	(1705, 99, 114, '0', '["morning_and_evening"]', 0.0000, NULL, NULL, NULL, NULL),
	(1706, 99, 223, '0', '["morning_and_evening"]', 0.0000, NULL, NULL, NULL, NULL),
	(1707, 99, 224, '0', '["morning_and_evening"]', 0.0000, NULL, NULL, NULL, NULL),
	(1708, 99, 225, '0', '["morning_and_evening"]', 0.0000, NULL, NULL, NULL, NULL),
	(1709, 99, 226, '0', '["morning_and_evening"]', 0.0000, NULL, NULL, NULL, NULL),
	(1710, 99, 227, '0', '["morning_and_evening"]', 0.0000, NULL, NULL, NULL, NULL),
	(1711, 99, 228, '0', '["morning_and_evening"]', 0.0000, NULL, NULL, NULL, NULL),
	(1712, 100, 1, '0', '["morning_and_evening"]', 0.0000, NULL, NULL, NULL, NULL),
	(1713, 100, 2, '0', '["morning_and_evening"]', 0.0000, NULL, NULL, NULL, NULL),
	(1714, 100, 3, '0', '["morning_and_evening"]', 0.0000, NULL, NULL, NULL, NULL),
	(1715, 100, 4, '0', '["morning_and_evening"]', 0.0000, NULL, NULL, NULL, NULL),
	(1716, 100, 5, '0', '["morning_and_evening"]', 0.0000, NULL, NULL, NULL, NULL),
	(1717, 100, 6, '0', '["morning_and_evening"]', 0.0000, NULL, NULL, NULL, NULL),
	(1718, 100, 7, '0', '["morning_and_evening"]', 0.0000, NULL, NULL, NULL, NULL),
	(1719, 100, 8, '0', '["morning_and_evening"]', 0.0000, NULL, NULL, NULL, NULL),
	(1720, 100, 9, '0', '["morning_and_evening"]', 0.0000, NULL, NULL, NULL, NULL),
	(1721, 100, 10, '0', '["morning_and_evening"]', 0.0000, NULL, NULL, NULL, NULL),
	(1722, 100, 11, '0', '["morning_and_evening"]', 0.0000, NULL, NULL, NULL, NULL),
	(1723, 100, 12, '0', '["morning_and_evening"]', 0.0000, NULL, NULL, NULL, NULL),
	(1724, 100, 13, '0', '["morning_and_evening"]', 0.0000, NULL, NULL, NULL, NULL),
	(1725, 100, 14, '0', '["morning_and_evening"]', 0.0000, NULL, NULL, NULL, NULL),
	(1726, 100, 15, '0', '["morning_and_evening"]', 0.0000, NULL, NULL, NULL, NULL),
	(1727, 100, 115, '0', '["morning_and_evening"]', 0.0000, NULL, NULL, NULL, NULL),
	(1728, 100, 116, '0', '["morning_and_evening"]', 0.0000, NULL, NULL, NULL, NULL),
	(1729, 100, 117, '0', '["morning_and_evening"]', 0.0000, NULL, NULL, NULL, NULL),
	(1730, 100, 118, '0', '["morning_and_evening"]', 0.0000, NULL, NULL, NULL, NULL),
	(1731, 100, 119, '0', '["morning_and_evening"]', 0.0000, NULL, NULL, NULL, NULL),
	(1732, 100, 120, '0', '["morning_and_evening"]', 0.0000, NULL, NULL, NULL, NULL),
	(1733, 100, 121, '0', '["morning_and_evening"]', 0.0000, NULL, NULL, NULL, NULL),
	(1734, 100, 122, '0', '["morning_and_evening"]', 0.0000, NULL, NULL, NULL, NULL),
	(1735, 100, 123, '0', '["morning_and_evening"]', 0.0000, NULL, NULL, NULL, NULL),
	(1736, 100, 124, '0', '["morning_and_evening"]', 0.0000, NULL, NULL, NULL, NULL),
	(1737, 100, 125, '0', '["morning_and_evening"]', 0.0000, NULL, NULL, NULL, NULL),
	(1738, 100, 126, '0', '["morning_and_evening"]', 0.0000, NULL, NULL, NULL, NULL),
	(1739, 100, 127, '0', '["morning_and_evening"]', 0.0000, NULL, NULL, NULL, NULL),
	(1740, 100, 128, '0', '["morning_and_evening"]', 0.0000, NULL, NULL, NULL, NULL),
	(1741, 100, 129, '0', '["morning_and_evening"]', 0.0000, NULL, NULL, NULL, NULL),
	(1742, 100, 16, '0', '["morning_and_evening"]', 0.0000, NULL, NULL, NULL, NULL),
	(1743, 100, 17, '0', '["morning_and_evening"]', 0.0000, NULL, NULL, NULL, NULL),
	(1744, 100, 18, '0', '["morning_and_evening"]', 0.0000, NULL, NULL, NULL, NULL),
	(1745, 100, 19, '0', '["morning_and_evening"]', 0.0000, NULL, NULL, NULL, NULL),
	(1746, 100, 20, '0', '["morning_and_evening"]', 0.0000, NULL, NULL, NULL, NULL),
	(1747, 100, 21, '0', '["morning_and_evening"]', 0.0000, NULL, NULL, NULL, NULL),
	(1748, 100, 22, '0', '["morning_and_evening"]', 0.0000, NULL, NULL, NULL, NULL),
	(1749, 100, 23, '0', '["morning_and_evening"]', 0.0000, NULL, NULL, NULL, NULL),
	(1750, 100, 24, '0', '["morning_and_evening"]', 0.0000, NULL, NULL, NULL, NULL),
	(1751, 100, 25, '0', '["morning_and_evening"]', 0.0000, NULL, NULL, NULL, NULL),
	(1752, 100, 26, '0', '["morning_and_evening"]', 0.0000, NULL, NULL, NULL, NULL),
	(1753, 100, 27, '0', '["morning_and_evening"]', 0.0000, NULL, NULL, NULL, NULL),
	(1754, 100, 28, '0', '["morning_and_evening"]', 0.0000, NULL, NULL, NULL, NULL),
	(1755, 100, 29, '0', '["morning_and_evening"]', 0.0000, NULL, NULL, NULL, NULL),
	(1756, 100, 130, '0', '["morning_and_evening"]', 0.0000, NULL, NULL, NULL, NULL),
	(1757, 100, 131, '0', '["morning_and_evening"]', 0.0000, NULL, NULL, NULL, NULL),
	(1758, 100, 132, '0', '["morning_and_evening"]', 0.0000, NULL, NULL, NULL, NULL),
	(1759, 100, 133, '0', '["morning_and_evening"]', 0.0000, NULL, NULL, NULL, NULL),
	(1760, 100, 134, '0', '["morning_and_evening"]', 0.0000, NULL, NULL, NULL, NULL),
	(1761, 100, 135, '0', '["morning_and_evening"]', 0.0000, NULL, NULL, NULL, NULL),
	(1762, 100, 136, '0', '["morning_and_evening"]', 0.0000, NULL, NULL, NULL, NULL),
	(1763, 100, 137, '0', '["morning_and_evening"]', 0.0000, NULL, NULL, NULL, NULL),
	(1764, 100, 138, '0', '["morning_and_evening"]', 0.0000, NULL, NULL, NULL, NULL),
	(1765, 100, 139, '0', '["morning_and_evening"]', 0.0000, NULL, NULL, NULL, NULL),
	(1766, 100, 140, '0', '["morning_and_evening"]', 0.0000, NULL, NULL, NULL, NULL),
	(1767, 100, 141, '0', '["morning_and_evening"]', 0.0000, NULL, NULL, NULL, NULL),
	(1768, 100, 142, '0', '["morning_and_evening"]', 0.0000, NULL, NULL, NULL, NULL),
	(1769, 100, 143, '0', '["morning_and_evening"]', 0.0000, NULL, NULL, NULL, NULL),
	(1770, 100, 30, '0', '["morning_and_evening"]', 0.0000, NULL, NULL, NULL, NULL),
	(1771, 100, 31, '0', '["morning_and_evening"]', 0.0000, NULL, NULL, NULL, NULL),
	(1772, 100, 32, '0', '["morning_and_evening"]', 0.0000, NULL, NULL, NULL, NULL),
	(1773, 100, 33, '0', '["morning_and_evening"]', 0.0000, NULL, NULL, NULL, NULL),
	(1774, 100, 34, '0', '["morning_and_evening"]', 0.0000, NULL, NULL, NULL, NULL),
	(1775, 100, 144, '0', '["morning_and_evening"]', 0.0000, NULL, NULL, NULL, NULL),
	(1776, 100, 145, '0', '["morning_and_evening"]', 0.0000, NULL, NULL, NULL, NULL),
	(1777, 100, 146, '0', '["morning_and_evening"]', 0.0000, NULL, NULL, NULL, NULL),
	(1778, 100, 147, '0', '["morning_and_evening"]', 0.0000, NULL, NULL, NULL, NULL),
	(1779, 100, 148, '0', '["morning_and_evening"]', 0.0000, NULL, NULL, NULL, NULL),
	(1780, 100, 35, '0', '["morning_and_evening"]', 0.0000, NULL, NULL, NULL, NULL),
	(1781, 100, 36, '0', '["morning_and_evening"]', 0.0000, NULL, NULL, NULL, NULL),
	(1782, 100, 37, '0', '["morning_and_evening"]', 0.0000, NULL, NULL, NULL, NULL),
	(1783, 100, 38, '0', '["morning_and_evening"]', 0.0000, NULL, NULL, NULL, NULL),
	(1784, 100, 39, '0', '["morning_and_evening"]', 0.0000, NULL, NULL, NULL, NULL),
	(1785, 100, 40, '0', '["morning_and_evening"]', 0.0000, NULL, NULL, NULL, NULL),
	(1786, 100, 41, '0', '["morning_and_evening"]', 0.0000, NULL, NULL, NULL, NULL),
	(1787, 100, 42, '0', '["morning_and_evening"]', 0.0000, NULL, NULL, NULL, NULL),
	(1788, 100, 43, '0', '["morning_and_evening"]', 0.0000, NULL, NULL, NULL, NULL),
	(1789, 100, 44, '0', '["morning_and_evening"]', 0.0000, NULL, NULL, NULL, NULL),
	(1790, 100, 45, '0', '["morning_and_evening"]', 0.0000, NULL, NULL, NULL, NULL),
	(1791, 100, 46, '0', '["morning_and_evening"]', 0.0000, NULL, NULL, NULL, NULL),
	(1792, 100, 47, '0', '["morning_and_evening"]', 0.0000, NULL, NULL, NULL, NULL),
	(1793, 100, 48, '0', '["morning_and_evening"]', 0.0000, NULL, NULL, NULL, NULL),
	(1794, 100, 49, '0', '["morning_and_evening"]', 0.0000, NULL, NULL, NULL, NULL),
	(1795, 100, 50, '0', '["morning_and_evening"]', 0.0000, NULL, NULL, NULL, NULL),
	(1796, 100, 149, '0', '["morning_and_evening"]', 0.0000, NULL, NULL, NULL, NULL),
	(1797, 100, 150, '0', '["morning_and_evening"]', 0.0000, NULL, NULL, NULL, NULL),
	(1798, 100, 151, '0', '["morning_and_evening"]', 0.0000, NULL, NULL, NULL, NULL),
	(1799, 100, 152, '0', '["morning_and_evening"]', 0.0000, NULL, NULL, NULL, NULL),
	(1800, 100, 153, '0', '["morning_and_evening"]', 0.0000, NULL, NULL, NULL, NULL),
	(1801, 100, 154, '0', '["morning_and_evening"]', 0.0000, NULL, NULL, NULL, NULL),
	(1802, 100, 155, '0', '["morning_and_evening"]', 0.0000, NULL, NULL, NULL, NULL),
	(1803, 100, 156, '0', '["morning_and_evening"]', 0.0000, NULL, NULL, NULL, NULL),
	(1804, 100, 157, '0', '["morning_and_evening"]', 0.0000, NULL, NULL, NULL, NULL),
	(1805, 100, 158, '0', '["morning_and_evening"]', 0.0000, NULL, NULL, NULL, NULL),
	(1806, 100, 159, '0', '["morning_and_evening"]', 0.0000, NULL, NULL, NULL, NULL),
	(1807, 100, 160, '0', '["morning_and_evening"]', 0.0000, NULL, NULL, NULL, NULL),
	(1808, 100, 161, '0', '["morning_and_evening"]', 0.0000, NULL, NULL, NULL, NULL),
	(1809, 100, 162, '0', '["morning_and_evening"]', 0.0000, NULL, NULL, NULL, NULL),
	(1810, 100, 163, '0', '["morning_and_evening"]', 0.0000, NULL, NULL, NULL, NULL),
	(1811, 100, 164, '0', '["morning_and_evening"]', 0.0000, NULL, NULL, NULL, NULL),
	(1812, 100, 51, '0', '["morning_and_evening"]', 0.0000, NULL, NULL, NULL, NULL),
	(1813, 100, 52, '0', '["morning_and_evening"]', 0.0000, NULL, NULL, NULL, NULL),
	(1814, 100, 53, '0', '["morning_and_evening"]', 0.0000, NULL, NULL, NULL, NULL),
	(1815, 100, 54, '0', '["morning_and_evening"]', 0.0000, NULL, NULL, NULL, NULL),
	(1816, 100, 55, '0', '["morning_and_evening"]', 0.0000, NULL, NULL, NULL, NULL),
	(1817, 100, 56, '0', '["morning_and_evening"]', 0.0000, NULL, NULL, NULL, NULL),
	(1818, 100, 57, '0', '["morning_and_evening"]', 0.0000, NULL, NULL, NULL, NULL),
	(1819, 100, 58, '0', '["morning_and_evening"]', 0.0000, NULL, NULL, NULL, NULL),
	(1820, 100, 59, '0', '["morning_and_evening"]', 0.0000, NULL, NULL, NULL, NULL),
	(1821, 100, 60, '0', '["morning_and_evening"]', 0.0000, NULL, NULL, NULL, NULL),
	(1822, 100, 61, '0', '["morning_and_evening"]', 0.0000, NULL, NULL, NULL, NULL),
	(1823, 100, 62, '0', '["morning_and_evening"]', 0.0000, NULL, NULL, NULL, NULL),
	(1824, 100, 63, '0', '["morning_and_evening"]', 0.0000, NULL, NULL, NULL, NULL),
	(1825, 100, 165, '0', '["morning_and_evening"]', 0.0000, NULL, NULL, NULL, NULL),
	(1826, 100, 166, '0', '["morning_and_evening"]', 0.0000, NULL, NULL, NULL, NULL),
	(1827, 100, 167, '0', '["morning_and_evening"]', 0.0000, NULL, NULL, NULL, NULL),
	(1828, 100, 168, '0', '["morning_and_evening"]', 0.0000, NULL, NULL, NULL, NULL),
	(1829, 100, 169, '0', '["morning_and_evening"]', 0.0000, NULL, NULL, NULL, NULL),
	(1830, 100, 170, '0', '["morning_and_evening"]', 0.0000, NULL, NULL, NULL, NULL),
	(1831, 100, 171, '0', '["morning_and_evening"]', 0.0000, NULL, NULL, NULL, NULL),
	(1832, 100, 172, '0', '["morning_and_evening"]', 0.0000, NULL, NULL, NULL, NULL),
	(1833, 100, 173, '0', '["morning_and_evening"]', 0.0000, NULL, NULL, NULL, NULL),
	(1834, 100, 174, '0', '["morning_and_evening"]', 0.0000, NULL, NULL, NULL, NULL),
	(1835, 100, 175, '0', '["morning_and_evening"]', 0.0000, NULL, NULL, NULL, NULL),
	(1836, 100, 176, '0', '["morning_and_evening"]', 0.0000, NULL, NULL, NULL, NULL),
	(1837, 100, 177, '0', '["morning_and_evening"]', 0.0000, NULL, NULL, NULL, NULL),
	(1838, 100, 64, '0', '["morning_and_evening"]', 0.0000, NULL, NULL, NULL, NULL),
	(1839, 100, 65, '0', '["morning_and_evening"]', 0.0000, NULL, NULL, NULL, NULL),
	(1840, 100, 66, '0', '["morning_and_evening"]', 0.0000, NULL, NULL, NULL, NULL),
	(1841, 100, 178, '0', '["morning_and_evening"]', 0.0000, NULL, NULL, NULL, NULL),
	(1842, 100, 179, '0', '["morning_and_evening"]', 0.0000, NULL, NULL, NULL, NULL),
	(1843, 100, 180, '0', '["morning_and_evening"]', 0.0000, NULL, NULL, NULL, NULL),
	(1844, 100, 67, '0', '["morning_and_evening"]', 0.0000, NULL, NULL, NULL, NULL),
	(1845, 100, 68, '0', '["morning_and_evening"]', 0.0000, NULL, NULL, NULL, NULL),
	(1846, 100, 69, '0', '["morning_and_evening"]', 0.0000, NULL, NULL, NULL, NULL),
	(1847, 100, 181, '0', '["morning_and_evening"]', 0.0000, NULL, NULL, NULL, NULL),
	(1848, 100, 182, '0', '["morning_and_evening"]', 0.0000, NULL, NULL, NULL, NULL),
	(1849, 100, 183, '0', '["morning_and_evening"]', 0.0000, NULL, NULL, NULL, NULL),
	(1850, 100, 70, '0', '["morning_and_evening"]', 0.0000, NULL, NULL, NULL, NULL),
	(1851, 100, 71, '0', '["morning_and_evening"]', 0.0000, NULL, NULL, NULL, NULL),
	(1852, 100, 72, '0', '["morning_and_evening"]', 0.0000, NULL, NULL, NULL, NULL),
	(1853, 100, 73, '0', '["morning_and_evening"]', 0.0000, NULL, NULL, NULL, NULL),
	(1854, 100, 74, '0', '["morning_and_evening"]', 0.0000, NULL, NULL, NULL, NULL),
	(1855, 100, 75, '0', '["morning_and_evening"]', 0.0000, NULL, NULL, NULL, NULL),
	(1856, 100, 76, '0', '["morning_and_evening"]', 0.0000, NULL, NULL, NULL, NULL),
	(1857, 100, 77, '0', '["morning_and_evening"]', 0.0000, NULL, NULL, NULL, NULL),
	(1858, 100, 78, '0', '["morning_and_evening"]', 0.0000, NULL, NULL, NULL, NULL),
	(1859, 100, 79, '0', '["morning_and_evening"]', 0.0000, NULL, NULL, NULL, NULL),
	(1860, 100, 80, '0', '["morning_and_evening"]', 0.0000, NULL, NULL, NULL, NULL),
	(1861, 100, 81, '0', '["morning_and_evening"]', 0.0000, NULL, NULL, NULL, NULL),
	(1862, 100, 82, '0', '["morning_and_evening"]', 0.0000, NULL, NULL, NULL, NULL),
	(1863, 100, 83, '0', '["morning_and_evening"]', 0.0000, NULL, NULL, NULL, NULL),
	(1864, 100, 84, '0', '["morning_and_evening"]', 0.0000, NULL, NULL, NULL, NULL),
	(1865, 100, 85, '0', '["morning_and_evening"]', 0.0000, NULL, NULL, NULL, NULL),
	(1866, 100, 86, '0', '["morning_and_evening"]', 0.0000, NULL, NULL, NULL, NULL),
	(1867, 100, 87, '0', '["morning_and_evening"]', 0.0000, NULL, NULL, NULL, NULL),
	(1868, 100, 88, '0', '["morning_and_evening"]', 0.0000, NULL, NULL, NULL, NULL),
	(1869, 100, 89, '0', '["morning_and_evening"]', 0.0000, NULL, NULL, NULL, NULL),
	(1870, 100, 90, '0', '["morning_and_evening"]', 0.0000, NULL, NULL, NULL, NULL),
	(1871, 100, 91, '0', '["morning_and_evening"]', 0.0000, NULL, NULL, NULL, NULL),
	(1872, 100, 92, '0', '["morning_and_evening"]', 0.0000, NULL, NULL, NULL, NULL),
	(1873, 100, 93, '0', '["morning_and_evening"]', 0.0000, NULL, NULL, NULL, NULL),
	(1874, 100, 94, '0', '["morning_and_evening"]', 0.0000, NULL, NULL, NULL, NULL),
	(1875, 100, 95, '0', '["morning_and_evening"]', 0.0000, NULL, NULL, NULL, NULL),
	(1876, 100, 96, '0', '["morning_and_evening"]', 0.0000, NULL, NULL, NULL, NULL),
	(1877, 100, 97, '0', '["morning_and_evening"]', 0.0000, NULL, NULL, NULL, NULL),
	(1878, 100, 98, '0', '["morning_and_evening"]', 0.0000, NULL, NULL, NULL, NULL),
	(1879, 100, 99, '0', '["morning_and_evening"]', 0.0000, NULL, NULL, NULL, NULL),
	(1880, 100, 100, '0', '["morning_and_evening"]', 0.0000, NULL, NULL, NULL, NULL),
	(1881, 100, 101, '0', '["morning_and_evening"]', 0.0000, NULL, NULL, NULL, NULL),
	(1882, 100, 102, '0', '["morning_and_evening"]', 0.0000, NULL, NULL, NULL, NULL),
	(1883, 100, 103, '0', '["morning_and_evening"]', 0.0000, NULL, NULL, NULL, NULL),
	(1884, 100, 104, '0', '["morning_and_evening"]', 0.0000, NULL, NULL, NULL, NULL),
	(1885, 100, 105, '0', '["morning_and_evening"]', 0.0000, NULL, NULL, NULL, NULL),
	(1886, 100, 106, '0', '["morning_and_evening"]', 0.0000, NULL, NULL, NULL, NULL),
	(1887, 100, 107, '0', '["morning_and_evening"]', 0.0000, NULL, NULL, NULL, NULL),
	(1888, 100, 108, '0', '["morning_and_evening"]', 0.0000, NULL, NULL, NULL, NULL),
	(1889, 100, 184, '0', '["morning_and_evening"]', 0.0000, NULL, NULL, NULL, NULL),
	(1890, 100, 185, '0', '["morning_and_evening"]', 0.0000, NULL, NULL, NULL, NULL),
	(1891, 100, 186, '0', '["morning_and_evening"]', 0.0000, NULL, NULL, NULL, NULL),
	(1892, 100, 187, '0', '["morning_and_evening"]', 0.0000, NULL, NULL, NULL, NULL),
	(1893, 100, 188, '0', '["morning_and_evening"]', 0.0000, NULL, NULL, NULL, NULL),
	(1894, 100, 189, '0', '["morning_and_evening"]', 0.0000, NULL, NULL, NULL, NULL),
	(1895, 100, 190, '0', '["morning_and_evening"]', 0.0000, NULL, NULL, NULL, NULL),
	(1896, 100, 191, '0', '["morning_and_evening"]', 0.0000, NULL, NULL, NULL, NULL),
	(1897, 100, 192, '0', '["morning_and_evening"]', 0.0000, NULL, NULL, NULL, NULL),
	(1898, 100, 193, '0', '["morning_and_evening"]', 0.0000, NULL, NULL, NULL, NULL),
	(1899, 100, 194, '0', '["morning_and_evening"]', 0.0000, NULL, NULL, NULL, NULL),
	(1900, 100, 195, '0', '["morning_and_evening"]', 0.0000, NULL, NULL, NULL, NULL),
	(1901, 100, 196, '0', '["morning_and_evening"]', 0.0000, NULL, NULL, NULL, NULL),
	(1902, 100, 197, '0', '["morning_and_evening"]', 0.0000, NULL, NULL, NULL, NULL),
	(1903, 100, 198, '0', '["morning_and_evening"]', 0.0000, NULL, NULL, NULL, NULL),
	(1904, 100, 199, '0', '["morning_and_evening"]', 0.0000, NULL, NULL, NULL, NULL),
	(1905, 100, 200, '0', '["morning_and_evening"]', 0.0000, NULL, NULL, NULL, NULL),
	(1906, 100, 201, '0', '["morning_and_evening"]', 0.0000, NULL, NULL, NULL, NULL),
	(1907, 100, 202, '0', '["morning_and_evening"]', 0.0000, NULL, NULL, NULL, NULL),
	(1908, 100, 203, '0', '["morning_and_evening"]', 0.0000, NULL, NULL, NULL, NULL),
	(1909, 100, 204, '0', '["morning_and_evening"]', 0.0000, NULL, NULL, NULL, NULL),
	(1910, 100, 205, '0', '["morning_and_evening"]', 0.0000, NULL, NULL, NULL, NULL),
	(1911, 100, 206, '0', '["morning_and_evening"]', 0.0000, NULL, NULL, NULL, NULL),
	(1912, 100, 207, '0', '["morning_and_evening"]', 0.0000, NULL, NULL, NULL, NULL),
	(1913, 100, 208, '0', '["morning_and_evening"]', 0.0000, NULL, NULL, NULL, NULL),
	(1914, 100, 209, '0', '["morning_and_evening"]', 0.0000, NULL, NULL, NULL, NULL),
	(1915, 100, 210, '0', '["morning_and_evening"]', 0.0000, NULL, NULL, NULL, NULL),
	(1916, 100, 211, '0', '["morning_and_evening"]', 0.0000, NULL, NULL, NULL, NULL),
	(1917, 100, 212, '0', '["morning_and_evening"]', 0.0000, NULL, NULL, NULL, NULL),
	(1918, 100, 213, '0', '["morning_and_evening"]', 0.0000, NULL, NULL, NULL, NULL),
	(1919, 100, 214, '0', '["morning_and_evening"]', 0.0000, NULL, NULL, NULL, NULL),
	(1920, 100, 215, '0', '["morning_and_evening"]', 0.0000, NULL, NULL, NULL, NULL),
	(1921, 100, 216, '0', '["morning_and_evening"]', 0.0000, NULL, NULL, NULL, NULL),
	(1922, 100, 217, '0', '["morning_and_evening"]', 0.0000, NULL, NULL, NULL, NULL),
	(1923, 100, 218, '0', '["morning_and_evening"]', 0.0000, NULL, NULL, NULL, NULL),
	(1924, 100, 219, '0', '["morning_and_evening"]', 0.0000, NULL, NULL, NULL, NULL),
	(1925, 100, 220, '0', '["morning_and_evening"]', 0.0000, NULL, NULL, NULL, NULL),
	(1926, 100, 221, '0', '["morning_and_evening"]', 0.0000, NULL, NULL, NULL, NULL),
	(1927, 100, 222, '0', '["morning_and_evening"]', 0.0000, NULL, NULL, NULL, NULL),
	(1928, 100, 109, '0', '["morning_and_evening"]', 0.0000, NULL, NULL, NULL, NULL),
	(1929, 100, 110, '0', '["morning_and_evening"]', 0.0000, NULL, NULL, NULL, NULL),
	(1930, 100, 111, '0', '["morning_and_evening"]', 0.0000, NULL, NULL, NULL, NULL),
	(1931, 100, 112, '0', '["morning_and_evening"]', 0.0000, NULL, NULL, NULL, NULL),
	(1932, 100, 113, '0', '["morning_and_evening"]', 0.0000, NULL, NULL, NULL, NULL),
	(1933, 100, 114, '0', '["morning_and_evening"]', 0.0000, NULL, NULL, NULL, NULL),
	(1934, 100, 223, '0', '["morning_and_evening"]', 0.0000, NULL, NULL, NULL, NULL),
	(1935, 100, 224, '0', '["morning_and_evening"]', 0.0000, NULL, NULL, NULL, NULL),
	(1936, 100, 225, '0', '["morning_and_evening"]', 0.0000, NULL, NULL, NULL, NULL),
	(1937, 100, 226, '0', '["morning_and_evening"]', 0.0000, NULL, NULL, NULL, NULL),
	(1938, 100, 227, '0', '["morning_and_evening"]', 0.0000, NULL, NULL, NULL, NULL),
	(1939, 100, 228, '0', '["morning_and_evening"]', 0.0000, NULL, NULL, NULL, NULL),
	(1940, 101, 1, '2000', '["morning_and_evening"]', 40000.0000, NULL, NULL, NULL, NULL),
	(1941, 101, 2, '0', '["morning_and_evening"]', 0.0000, NULL, NULL, NULL, NULL),
	(1942, 101, 3, '5', '["morning","evening"]', 100.0000, NULL, NULL, NULL, NULL),
	(1943, 101, 4, '0', '["morning_and_evening"]', 0.0000, NULL, NULL, NULL, NULL),
	(1944, 101, 5, '0', '["morning_and_evening"]', 0.0000, NULL, NULL, NULL, NULL),
	(1945, 101, 6, '0', '["morning_and_evening"]', 0.0000, NULL, NULL, NULL, NULL),
	(1946, 101, 7, '0', '["morning_and_evening"]', 0.0000, NULL, NULL, NULL, NULL),
	(1947, 101, 8, '0', '["morning_and_evening"]', 0.0000, NULL, NULL, NULL, NULL),
	(1948, 101, 9, '0', '["morning_and_evening"]', 0.0000, NULL, NULL, NULL, NULL),
	(1949, 101, 10, '0', '["morning_and_evening"]', 0.0000, NULL, NULL, NULL, NULL),
	(1950, 101, 11, '0', '["morning_and_evening"]', 0.0000, NULL, NULL, NULL, NULL),
	(1951, 101, 12, '0', '["morning_and_evening"]', 0.0000, NULL, NULL, NULL, NULL),
	(1952, 101, 13, '0', '["morning_and_evening"]', 0.0000, NULL, NULL, NULL, NULL),
	(1953, 101, 14, '0', '["morning_and_evening"]', 0.0000, NULL, NULL, NULL, NULL),
	(1954, 101, 15, '0', '["morning_and_evening"]', 0.0000, NULL, NULL, NULL, NULL),
	(1955, 101, 115, '0', '["morning_and_evening"]', 0.0000, NULL, NULL, NULL, NULL),
	(1956, 101, 116, '0', '["morning_and_evening"]', 0.0000, NULL, NULL, NULL, NULL),
	(1957, 101, 117, '0', '["morning_and_evening"]', 0.0000, NULL, NULL, NULL, NULL),
	(1958, 101, 118, '0', '["morning_and_evening"]', 0.0000, NULL, NULL, NULL, NULL),
	(1959, 101, 119, '0', '["morning_and_evening"]', 0.0000, NULL, NULL, NULL, NULL),
	(1960, 101, 120, '0', '["morning_and_evening"]', 0.0000, NULL, NULL, NULL, NULL),
	(1961, 101, 121, '0', '["morning_and_evening"]', 0.0000, NULL, NULL, NULL, NULL),
	(1962, 101, 122, '0', '["morning_and_evening"]', 0.0000, NULL, NULL, NULL, NULL),
	(1963, 101, 123, '0', '["morning_and_evening"]', 0.0000, NULL, NULL, NULL, NULL),
	(1964, 101, 124, '0', '["morning_and_evening"]', 0.0000, NULL, NULL, NULL, NULL),
	(1965, 101, 125, '0', '["morning_and_evening"]', 0.0000, NULL, NULL, NULL, NULL),
	(1966, 101, 126, '0', '["morning_and_evening"]', 0.0000, NULL, NULL, NULL, NULL),
	(1967, 101, 127, '0', '["morning_and_evening"]', 0.0000, NULL, NULL, NULL, NULL),
	(1968, 101, 128, '0', '["morning_and_evening"]', 0.0000, NULL, NULL, NULL, NULL),
	(1969, 101, 129, '0', '["morning_and_evening"]', 0.0000, NULL, NULL, NULL, NULL),
	(1970, 101, 16, '0', '["morning_and_evening"]', 0.0000, NULL, NULL, NULL, NULL),
	(1971, 101, 17, '0', '["morning_and_evening"]', 0.0000, NULL, NULL, NULL, NULL),
	(1972, 101, 18, '0', '["morning_and_evening"]', 0.0000, NULL, NULL, NULL, NULL),
	(1973, 101, 19, '0', '["morning_and_evening"]', 0.0000, NULL, NULL, NULL, NULL),
	(1974, 101, 20, '0', '["morning_and_evening"]', 0.0000, NULL, NULL, NULL, NULL),
	(1975, 101, 21, '0', '["morning_and_evening"]', 0.0000, NULL, NULL, NULL, NULL),
	(1976, 101, 22, '0', '["morning_and_evening"]', 0.0000, NULL, NULL, NULL, NULL),
	(1977, 101, 23, '0', '["morning_and_evening"]', 0.0000, NULL, NULL, NULL, NULL),
	(1978, 101, 24, '0', '["morning_and_evening"]', 0.0000, NULL, NULL, NULL, NULL),
	(1979, 101, 25, '0', '["morning_and_evening"]', 0.0000, NULL, NULL, NULL, NULL),
	(1980, 101, 26, '0', '["morning_and_evening"]', 0.0000, NULL, NULL, NULL, NULL),
	(1981, 101, 27, '0', '["morning_and_evening"]', 0.0000, NULL, NULL, NULL, NULL),
	(1982, 101, 28, '0', '["morning_and_evening"]', 0.0000, NULL, NULL, NULL, NULL),
	(1983, 101, 29, '0', '["morning_and_evening"]', 0.0000, NULL, NULL, NULL, NULL),
	(1984, 101, 130, '0', '["morning_and_evening"]', 0.0000, NULL, NULL, NULL, NULL),
	(1985, 101, 131, '0', '["morning_and_evening"]', 0.0000, NULL, NULL, NULL, NULL),
	(1986, 101, 132, '0', '["morning_and_evening"]', 0.0000, NULL, NULL, NULL, NULL),
	(1987, 101, 133, '0', '["morning_and_evening"]', 0.0000, NULL, NULL, NULL, NULL),
	(1988, 101, 134, '0', '["morning_and_evening"]', 0.0000, NULL, NULL, NULL, NULL),
	(1989, 101, 135, '0', '["morning_and_evening"]', 0.0000, NULL, NULL, NULL, NULL),
	(1990, 101, 136, '0', '["morning_and_evening"]', 0.0000, NULL, NULL, NULL, NULL),
	(1991, 101, 137, '0', '["morning_and_evening"]', 0.0000, NULL, NULL, NULL, NULL),
	(1992, 101, 138, '0', '["morning_and_evening"]', 0.0000, NULL, NULL, NULL, NULL),
	(1993, 101, 139, '0', '["morning_and_evening"]', 0.0000, NULL, NULL, NULL, NULL),
	(1994, 101, 140, '0', '["morning_and_evening"]', 0.0000, NULL, NULL, NULL, NULL),
	(1995, 101, 141, '0', '["morning_and_evening"]', 0.0000, NULL, NULL, NULL, NULL),
	(1996, 101, 142, '0', '["morning_and_evening"]', 0.0000, NULL, NULL, NULL, NULL),
	(1997, 101, 143, '0', '["morning_and_evening"]', 0.0000, NULL, NULL, NULL, NULL),
	(1998, 101, 30, '0', '["morning_and_evening"]', 0.0000, NULL, NULL, NULL, NULL),
	(1999, 101, 31, '0', '["morning_and_evening"]', 0.0000, NULL, NULL, NULL, NULL),
	(2000, 101, 32, '0', '["morning_and_evening"]', 0.0000, NULL, NULL, NULL, NULL),
	(2001, 101, 33, '0', '["morning_and_evening"]', 0.0000, NULL, NULL, NULL, NULL),
	(2002, 101, 34, '0', '["morning_and_evening"]', 0.0000, NULL, NULL, NULL, NULL),
	(2003, 101, 144, '0', '["morning_and_evening"]', 0.0000, NULL, NULL, NULL, NULL),
	(2004, 101, 145, '0', '["morning_and_evening"]', 0.0000, NULL, NULL, NULL, NULL),
	(2005, 101, 146, '0', '["morning_and_evening"]', 0.0000, NULL, NULL, NULL, NULL),
	(2006, 101, 147, '0', '["morning_and_evening"]', 0.0000, NULL, NULL, NULL, NULL),
	(2007, 101, 148, '0', '["morning_and_evening"]', 0.0000, NULL, NULL, NULL, NULL),
	(2008, 101, 35, '0', '["morning_and_evening"]', 0.0000, NULL, NULL, NULL, NULL),
	(2009, 101, 36, '0', '["morning_and_evening"]', 0.0000, NULL, NULL, NULL, NULL),
	(2010, 101, 37, '0', '["morning_and_evening"]', 0.0000, NULL, NULL, NULL, NULL),
	(2011, 101, 38, '0', '["morning_and_evening"]', 0.0000, NULL, NULL, NULL, NULL),
	(2012, 101, 39, '0', '["morning_and_evening"]', 0.0000, NULL, NULL, NULL, NULL),
	(2013, 101, 40, '0', '["morning_and_evening"]', 0.0000, NULL, NULL, NULL, NULL),
	(2014, 101, 41, '0', '["morning_and_evening"]', 0.0000, NULL, NULL, NULL, NULL),
	(2015, 101, 42, '0', '["morning_and_evening"]', 0.0000, NULL, NULL, NULL, NULL),
	(2016, 101, 43, '0', '["morning_and_evening"]', 0.0000, NULL, NULL, NULL, NULL),
	(2017, 101, 44, '0', '["morning_and_evening"]', 0.0000, NULL, NULL, NULL, NULL),
	(2018, 101, 45, '0', '["morning_and_evening"]', 0.0000, NULL, NULL, NULL, NULL),
	(2019, 101, 46, '0', '["morning_and_evening"]', 0.0000, NULL, NULL, NULL, NULL),
	(2020, 101, 47, '0', '["morning_and_evening"]', 0.0000, NULL, NULL, NULL, NULL),
	(2021, 101, 48, '0', '["morning_and_evening"]', 0.0000, NULL, NULL, NULL, NULL),
	(2022, 101, 49, '0', '["morning_and_evening"]', 0.0000, NULL, NULL, NULL, NULL),
	(2023, 101, 50, '0', '["morning_and_evening"]', 0.0000, NULL, NULL, NULL, NULL),
	(2024, 101, 149, '0', '["morning_and_evening"]', 0.0000, NULL, NULL, NULL, NULL),
	(2025, 101, 150, '0', '["morning_and_evening"]', 0.0000, NULL, NULL, NULL, NULL),
	(2026, 101, 151, '0', '["morning_and_evening"]', 0.0000, NULL, NULL, NULL, NULL),
	(2027, 101, 152, '0', '["morning_and_evening"]', 0.0000, NULL, NULL, NULL, NULL),
	(2028, 101, 153, '0', '["morning_and_evening"]', 0.0000, NULL, NULL, NULL, NULL),
	(2029, 101, 154, '0', '["morning_and_evening"]', 0.0000, NULL, NULL, NULL, NULL),
	(2030, 101, 155, '0', '["morning_and_evening"]', 0.0000, NULL, NULL, NULL, NULL),
	(2031, 101, 156, '0', '["morning_and_evening"]', 0.0000, NULL, NULL, NULL, NULL),
	(2032, 101, 157, '0', '["morning_and_evening"]', 0.0000, NULL, NULL, NULL, NULL),
	(2033, 101, 158, '0', '["morning_and_evening"]', 0.0000, NULL, NULL, NULL, NULL),
	(2034, 101, 159, '0', '["morning_and_evening"]', 0.0000, NULL, NULL, NULL, NULL),
	(2035, 101, 160, '0', '["morning_and_evening"]', 0.0000, NULL, NULL, NULL, NULL),
	(2036, 101, 161, '0', '["morning_and_evening"]', 0.0000, NULL, NULL, NULL, NULL),
	(2037, 101, 162, '0', '["morning_and_evening"]', 0.0000, NULL, NULL, NULL, NULL),
	(2038, 101, 163, '0', '["morning_and_evening"]', 0.0000, NULL, NULL, NULL, NULL),
	(2039, 101, 164, '0', '["morning_and_evening"]', 0.0000, NULL, NULL, NULL, NULL),
	(2040, 101, 51, '0', '["morning_and_evening"]', 0.0000, NULL, NULL, NULL, NULL),
	(2041, 101, 52, '0', '["morning_and_evening"]', 0.0000, NULL, NULL, NULL, NULL),
	(2042, 101, 53, '0', '["morning_and_evening"]', 0.0000, NULL, NULL, NULL, NULL),
	(2043, 101, 54, '0', '["morning_and_evening"]', 0.0000, NULL, NULL, NULL, NULL),
	(2044, 101, 55, '0', '["morning_and_evening"]', 0.0000, NULL, NULL, NULL, NULL),
	(2045, 101, 56, '0', '["morning_and_evening"]', 0.0000, NULL, NULL, NULL, NULL),
	(2046, 101, 57, '0', '["morning_and_evening"]', 0.0000, NULL, NULL, NULL, NULL),
	(2047, 101, 58, '0', '["morning_and_evening"]', 0.0000, NULL, NULL, NULL, NULL),
	(2048, 101, 59, '0', '["morning_and_evening"]', 0.0000, NULL, NULL, NULL, NULL),
	(2049, 101, 60, '0', '["morning_and_evening"]', 0.0000, NULL, NULL, NULL, NULL),
	(2050, 101, 61, '0', '["morning_and_evening"]', 0.0000, NULL, NULL, NULL, NULL),
	(2051, 101, 62, '0', '["morning_and_evening"]', 0.0000, NULL, NULL, NULL, NULL),
	(2052, 101, 63, '0', '["morning_and_evening"]', 0.0000, NULL, NULL, NULL, NULL),
	(2053, 101, 165, '0', '["morning_and_evening"]', 0.0000, NULL, NULL, NULL, NULL),
	(2054, 101, 166, '0', '["morning_and_evening"]', 0.0000, NULL, NULL, NULL, NULL),
	(2055, 101, 167, '0', '["morning_and_evening"]', 0.0000, NULL, NULL, NULL, NULL),
	(2056, 101, 168, '0', '["morning_and_evening"]', 0.0000, NULL, NULL, NULL, NULL),
	(2057, 101, 169, '0', '["morning_and_evening"]', 0.0000, NULL, NULL, NULL, NULL),
	(2058, 101, 170, '0', '["morning_and_evening"]', 0.0000, NULL, NULL, NULL, NULL),
	(2059, 101, 171, '0', '["morning_and_evening"]', 0.0000, NULL, NULL, NULL, NULL),
	(2060, 101, 172, '0', '["morning_and_evening"]', 0.0000, NULL, NULL, NULL, NULL),
	(2061, 101, 173, '0', '["morning_and_evening"]', 0.0000, NULL, NULL, NULL, NULL),
	(2062, 101, 174, '0', '["morning_and_evening"]', 0.0000, NULL, NULL, NULL, NULL),
	(2063, 101, 175, '0', '["morning_and_evening"]', 0.0000, NULL, NULL, NULL, NULL),
	(2064, 101, 176, '0', '["morning_and_evening"]', 0.0000, NULL, NULL, NULL, NULL),
	(2065, 101, 177, '0', '["morning_and_evening"]', 0.0000, NULL, NULL, NULL, NULL),
	(2066, 101, 64, '0', '["morning_and_evening"]', 0.0000, NULL, NULL, NULL, NULL),
	(2067, 101, 65, '0', '["morning_and_evening"]', 0.0000, NULL, NULL, NULL, NULL),
	(2068, 101, 66, '0', '["morning_and_evening"]', 0.0000, NULL, NULL, NULL, NULL),
	(2069, 101, 178, '0', '["morning_and_evening"]', 0.0000, NULL, NULL, NULL, NULL),
	(2070, 101, 179, '0', '["morning_and_evening"]', 0.0000, NULL, NULL, NULL, NULL),
	(2071, 101, 180, '0', '["morning_and_evening"]', 0.0000, NULL, NULL, NULL, NULL),
	(2072, 101, 67, '0', '["morning_and_evening"]', 0.0000, NULL, NULL, NULL, NULL),
	(2073, 101, 68, '0', '["morning_and_evening"]', 0.0000, NULL, NULL, NULL, NULL),
	(2074, 101, 69, '0', '["morning_and_evening"]', 0.0000, NULL, NULL, NULL, NULL),
	(2075, 101, 181, '0', '["morning_and_evening"]', 0.0000, NULL, NULL, NULL, NULL),
	(2076, 101, 182, '0', '["morning_and_evening"]', 0.0000, NULL, NULL, NULL, NULL),
	(2077, 101, 183, '0', '["morning_and_evening"]', 0.0000, NULL, NULL, NULL, NULL),
	(2078, 101, 70, '0', '["morning_and_evening"]', 0.0000, NULL, NULL, NULL, NULL),
	(2079, 101, 71, '0', '["morning_and_evening"]', 0.0000, NULL, NULL, NULL, NULL),
	(2080, 101, 72, '0', '["morning_and_evening"]', 0.0000, NULL, NULL, NULL, NULL),
	(2081, 101, 73, '0', '["morning_and_evening"]', 0.0000, NULL, NULL, NULL, NULL),
	(2082, 101, 74, '0', '["morning_and_evening"]', 0.0000, NULL, NULL, NULL, NULL),
	(2083, 101, 75, '0', '["morning_and_evening"]', 0.0000, NULL, NULL, NULL, NULL),
	(2084, 101, 76, '0', '["morning_and_evening"]', 0.0000, NULL, NULL, NULL, NULL),
	(2085, 101, 77, '0', '["morning_and_evening"]', 0.0000, NULL, NULL, NULL, NULL),
	(2086, 101, 78, '0', '["morning_and_evening"]', 0.0000, NULL, NULL, NULL, NULL),
	(2087, 101, 79, '0', '["morning_and_evening"]', 0.0000, NULL, NULL, NULL, NULL),
	(2088, 101, 80, '0', '["morning_and_evening"]', 0.0000, NULL, NULL, NULL, NULL),
	(2089, 101, 81, '0', '["morning_and_evening"]', 0.0000, NULL, NULL, NULL, NULL),
	(2090, 101, 82, '0', '["morning_and_evening"]', 0.0000, NULL, NULL, NULL, NULL),
	(2091, 101, 83, '0', '["morning_and_evening"]', 0.0000, NULL, NULL, NULL, NULL),
	(2092, 101, 84, '0', '["morning_and_evening"]', 0.0000, NULL, NULL, NULL, NULL),
	(2093, 101, 85, '0', '["morning_and_evening"]', 0.0000, NULL, NULL, NULL, NULL),
	(2094, 101, 86, '0', '["morning_and_evening"]', 0.0000, NULL, NULL, NULL, NULL),
	(2095, 101, 87, '0', '["morning_and_evening"]', 0.0000, NULL, NULL, NULL, NULL),
	(2096, 101, 88, '0', '["morning_and_evening"]', 0.0000, NULL, NULL, NULL, NULL),
	(2097, 101, 89, '0', '["morning_and_evening"]', 0.0000, NULL, NULL, NULL, NULL),
	(2098, 101, 90, '0', '["morning_and_evening"]', 0.0000, NULL, NULL, NULL, NULL),
	(2099, 101, 91, '0', '["morning_and_evening"]', 0.0000, NULL, NULL, NULL, NULL),
	(2100, 101, 92, '0', '["morning_and_evening"]', 0.0000, NULL, NULL, NULL, NULL),
	(2101, 101, 93, '0', '["morning_and_evening"]', 0.0000, NULL, NULL, NULL, NULL),
	(2102, 101, 94, '0', '["morning_and_evening"]', 0.0000, NULL, NULL, NULL, NULL),
	(2103, 101, 95, '0', '["morning_and_evening"]', 0.0000, NULL, NULL, NULL, NULL),
	(2104, 101, 96, '0', '["morning_and_evening"]', 0.0000, NULL, NULL, NULL, NULL),
	(2105, 101, 97, '0', '["morning_and_evening"]', 0.0000, NULL, NULL, NULL, NULL),
	(2106, 101, 98, '0', '["morning_and_evening"]', 0.0000, NULL, NULL, NULL, NULL),
	(2107, 101, 99, '0', '["morning_and_evening"]', 0.0000, NULL, NULL, NULL, NULL),
	(2108, 101, 100, '0', '["morning_and_evening"]', 0.0000, NULL, NULL, NULL, NULL),
	(2109, 101, 101, '0', '["morning_and_evening"]', 0.0000, NULL, NULL, NULL, NULL),
	(2110, 101, 102, '0', '["morning_and_evening"]', 0.0000, NULL, NULL, NULL, NULL),
	(2111, 101, 103, '0', '["morning_and_evening"]', 0.0000, NULL, NULL, NULL, NULL),
	(2112, 101, 104, '0', '["morning_and_evening"]', 0.0000, NULL, NULL, NULL, NULL),
	(2113, 101, 105, '0', '["morning_and_evening"]', 0.0000, NULL, NULL, NULL, NULL),
	(2114, 101, 106, '0', '["morning_and_evening"]', 0.0000, NULL, NULL, NULL, NULL),
	(2115, 101, 107, '0', '["morning_and_evening"]', 0.0000, NULL, NULL, NULL, NULL),
	(2116, 101, 108, '0', '["morning_and_evening"]', 0.0000, NULL, NULL, NULL, NULL),
	(2117, 101, 184, '0', '["morning_and_evening"]', 0.0000, NULL, NULL, NULL, NULL),
	(2118, 101, 185, '0', '["morning_and_evening"]', 0.0000, NULL, NULL, NULL, NULL),
	(2119, 101, 186, '0', '["morning_and_evening"]', 0.0000, NULL, NULL, NULL, NULL),
	(2120, 101, 187, '0', '["morning_and_evening"]', 0.0000, NULL, NULL, NULL, NULL),
	(2121, 101, 188, '0', '["morning_and_evening"]', 0.0000, NULL, NULL, NULL, NULL),
	(2122, 101, 189, '0', '["morning_and_evening"]', 0.0000, NULL, NULL, NULL, NULL),
	(2123, 101, 190, '0', '["morning_and_evening"]', 0.0000, NULL, NULL, NULL, NULL),
	(2124, 101, 191, '0', '["morning_and_evening"]', 0.0000, NULL, NULL, NULL, NULL),
	(2125, 101, 192, '0', '["morning_and_evening"]', 0.0000, NULL, NULL, NULL, NULL),
	(2126, 101, 193, '0', '["morning_and_evening"]', 0.0000, NULL, NULL, NULL, NULL),
	(2127, 101, 194, '0', '["morning_and_evening"]', 0.0000, NULL, NULL, NULL, NULL),
	(2128, 101, 195, '0', '["morning_and_evening"]', 0.0000, NULL, NULL, NULL, NULL),
	(2129, 101, 196, '0', '["morning_and_evening"]', 0.0000, NULL, NULL, NULL, NULL),
	(2130, 101, 197, '0', '["morning_and_evening"]', 0.0000, NULL, NULL, NULL, NULL),
	(2131, 101, 198, '0', '["morning_and_evening"]', 0.0000, NULL, NULL, NULL, NULL),
	(2132, 101, 199, '0', '["morning_and_evening"]', 0.0000, NULL, NULL, NULL, NULL),
	(2133, 101, 200, '0', '["morning_and_evening"]', 0.0000, NULL, NULL, NULL, NULL),
	(2134, 101, 201, '0', '["morning_and_evening"]', 0.0000, NULL, NULL, NULL, NULL),
	(2135, 101, 202, '0', '["morning_and_evening"]', 0.0000, NULL, NULL, NULL, NULL),
	(2136, 101, 203, '0', '["morning_and_evening"]', 0.0000, NULL, NULL, NULL, NULL),
	(2137, 101, 204, '0', '["morning_and_evening"]', 0.0000, NULL, NULL, NULL, NULL),
	(2138, 101, 205, '0', '["morning_and_evening"]', 0.0000, NULL, NULL, NULL, NULL),
	(2139, 101, 206, '0', '["morning_and_evening"]', 0.0000, NULL, NULL, NULL, NULL),
	(2140, 101, 207, '0', '["morning_and_evening"]', 0.0000, NULL, NULL, NULL, NULL),
	(2141, 101, 208, '0', '["morning_and_evening"]', 0.0000, NULL, NULL, NULL, NULL),
	(2142, 101, 209, '0', '["morning_and_evening"]', 0.0000, NULL, NULL, NULL, NULL),
	(2143, 101, 210, '0', '["morning_and_evening"]', 0.0000, NULL, NULL, NULL, NULL),
	(2144, 101, 211, '0', '["morning_and_evening"]', 0.0000, NULL, NULL, NULL, NULL),
	(2145, 101, 212, '0', '["morning_and_evening"]', 0.0000, NULL, NULL, NULL, NULL),
	(2146, 101, 213, '0', '["morning_and_evening"]', 0.0000, NULL, NULL, NULL, NULL),
	(2147, 101, 214, '0', '["morning_and_evening"]', 0.0000, NULL, NULL, NULL, NULL),
	(2148, 101, 215, '0', '["morning_and_evening"]', 0.0000, NULL, NULL, NULL, NULL),
	(2149, 101, 216, '0', '["morning_and_evening"]', 0.0000, NULL, NULL, NULL, NULL),
	(2150, 101, 217, '0', '["morning_and_evening"]', 0.0000, NULL, NULL, NULL, NULL),
	(2151, 101, 218, '0', '["morning_and_evening"]', 0.0000, NULL, NULL, NULL, NULL),
	(2152, 101, 219, '0', '["morning_and_evening"]', 0.0000, NULL, NULL, NULL, NULL),
	(2153, 101, 220, '0', '["morning_and_evening"]', 0.0000, NULL, NULL, NULL, NULL),
	(2154, 101, 221, '0', '["morning_and_evening"]', 0.0000, NULL, NULL, NULL, NULL),
	(2155, 101, 222, '0', '["morning_and_evening"]', 0.0000, NULL, NULL, NULL, NULL),
	(2156, 101, 109, '0', '["morning_and_evening"]', 0.0000, NULL, NULL, NULL, NULL),
	(2157, 101, 110, '0', '["morning_and_evening"]', 0.0000, NULL, NULL, NULL, NULL),
	(2158, 101, 111, '0', '["morning_and_evening"]', 0.0000, NULL, NULL, NULL, NULL),
	(2159, 101, 112, '0', '["morning_and_evening"]', 0.0000, NULL, NULL, NULL, NULL),
	(2160, 101, 113, '0', '["morning_and_evening"]', 0.0000, NULL, NULL, NULL, NULL),
	(2161, 101, 114, '0', '["morning_and_evening"]', 0.0000, NULL, NULL, NULL, NULL),
	(2162, 101, 223, '0', '["morning_and_evening"]', 0.0000, NULL, NULL, NULL, NULL),
	(2163, 101, 224, '0', '["morning_and_evening"]', 0.0000, NULL, NULL, NULL, NULL),
	(2164, 101, 225, '0', '["morning_and_evening"]', 0.0000, NULL, NULL, NULL, NULL),
	(2165, 101, 226, '0', '["morning_and_evening"]', 0.0000, NULL, NULL, NULL, NULL),
	(2166, 101, 227, '0', '["morning_and_evening"]', 0.0000, NULL, NULL, NULL, NULL),
	(2167, 101, 228, '0', '["morning_and_evening"]', 0.0000, NULL, NULL, NULL, NULL),
	(2168, 102, 1, '0', '["morning_and_evening"]', 0.0000, NULL, NULL, NULL, NULL),
	(2169, 102, 2, '0', '["morning_and_evening"]', 0.0000, NULL, NULL, NULL, NULL),
	(2170, 102, 3, '0', '["morning_and_evening"]', 0.0000, NULL, NULL, NULL, NULL),
	(2171, 102, 4, '10', '["morning_and_evening"]', 2400.0000, NULL, NULL, NULL, NULL),
	(2172, 102, 5, '10', '["morning","lunch","evening"]', 2400.0000, NULL, NULL, NULL, NULL),
	(2173, 102, 6, '0', '["morning_and_evening"]', 0.0000, NULL, NULL, NULL, NULL),
	(2174, 102, 7, '300', '["morning","bedtime"]', 72000.0000, NULL, NULL, NULL, NULL),
	(2175, 102, 8, '0', '["morning_and_evening"]', 0.0000, NULL, NULL, NULL, NULL),
	(2176, 102, 9, '0', '["morning_and_evening"]', 0.0000, NULL, NULL, NULL, NULL),
	(2177, 102, 10, '0', '["morning_and_evening"]', 0.0000, NULL, NULL, NULL, NULL),
	(2178, 102, 11, '0', '["morning_and_evening"]', 0.0000, NULL, NULL, NULL, NULL),
	(2179, 102, 12, '0', '["morning_and_evening"]', 0.0000, NULL, NULL, NULL, NULL),
	(2180, 102, 13, '0', '["morning_and_evening"]', 0.0000, NULL, NULL, NULL, NULL),
	(2181, 102, 14, '0', '["morning_and_evening"]', 0.0000, NULL, NULL, NULL, NULL),
	(2182, 102, 15, '0', '["morning_and_evening"]', 0.0000, NULL, NULL, NULL, NULL),
	(2183, 102, 115, '0', '["morning_and_evening"]', 0.0000, NULL, NULL, NULL, NULL),
	(2184, 102, 116, '0', '["morning_and_evening"]', 0.0000, NULL, NULL, NULL, NULL),
	(2185, 102, 117, '0', '["morning_and_evening"]', 0.0000, NULL, NULL, NULL, NULL),
	(2186, 102, 118, '0', '["morning_and_evening"]', 0.0000, NULL, NULL, NULL, NULL),
	(2187, 102, 119, '0', '["morning_and_evening"]', 0.0000, NULL, NULL, NULL, NULL),
	(2188, 102, 120, '0', '["morning_and_evening"]', 0.0000, NULL, NULL, NULL, NULL),
	(2189, 102, 121, '0', '["morning_and_evening"]', 0.0000, NULL, NULL, NULL, NULL),
	(2190, 102, 122, '0', '["morning_and_evening"]', 0.0000, NULL, NULL, NULL, NULL),
	(2191, 102, 123, '0', '["morning_and_evening"]', 0.0000, NULL, NULL, NULL, NULL),
	(2192, 102, 124, '0', '["morning_and_evening"]', 0.0000, NULL, NULL, NULL, NULL),
	(2193, 102, 125, '0', '["morning_and_evening"]', 0.0000, NULL, NULL, NULL, NULL),
	(2194, 102, 126, '0', '["morning_and_evening"]', 0.0000, NULL, NULL, NULL, NULL),
	(2195, 102, 127, '0', '["morning_and_evening"]', 0.0000, NULL, NULL, NULL, NULL),
	(2196, 102, 128, '0', '["morning_and_evening"]', 0.0000, NULL, NULL, NULL, NULL),
	(2197, 102, 129, '0', '["morning_and_evening"]', 0.0000, NULL, NULL, NULL, NULL),
	(2198, 102, 16, '0', '["morning_and_evening"]', 0.0000, NULL, NULL, NULL, NULL),
	(2199, 102, 17, '0', '["morning_and_evening"]', 0.0000, NULL, NULL, NULL, NULL),
	(2200, 102, 18, '0', '["morning_and_evening"]', 0.0000, NULL, NULL, NULL, NULL),
	(2201, 102, 19, '0', '["morning_and_evening"]', 0.0000, NULL, NULL, NULL, NULL),
	(2202, 102, 20, '0', '["morning_and_evening"]', 0.0000, NULL, NULL, NULL, NULL),
	(2203, 102, 21, '0', '["morning_and_evening"]', 0.0000, NULL, NULL, NULL, NULL),
	(2204, 102, 22, '0', '["morning_and_evening"]', 0.0000, NULL, NULL, NULL, NULL),
	(2205, 102, 23, '0', '["morning_and_evening"]', 0.0000, NULL, NULL, NULL, NULL),
	(2206, 102, 24, '0', '["morning_and_evening"]', 0.0000, NULL, NULL, NULL, NULL),
	(2207, 102, 25, '0', '["morning_and_evening"]', 0.0000, NULL, NULL, NULL, NULL),
	(2208, 102, 26, '0', '["morning_and_evening"]', 0.0000, NULL, NULL, NULL, NULL),
	(2209, 102, 27, '0', '["morning_and_evening"]', 0.0000, NULL, NULL, NULL, NULL),
	(2210, 102, 28, '0', '["morning_and_evening"]', 0.0000, NULL, NULL, NULL, NULL),
	(2211, 102, 29, '0', '["morning_and_evening"]', 0.0000, NULL, NULL, NULL, NULL),
	(2212, 102, 130, '0', '["morning_and_evening"]', 0.0000, NULL, NULL, NULL, NULL),
	(2213, 102, 131, '0', '["morning_and_evening"]', 0.0000, NULL, NULL, NULL, NULL),
	(2214, 102, 132, '0', '["morning_and_evening"]', 0.0000, NULL, NULL, NULL, NULL),
	(2215, 102, 133, '0', '["morning_and_evening"]', 0.0000, NULL, NULL, NULL, NULL),
	(2216, 102, 134, '0', '["morning_and_evening"]', 0.0000, NULL, NULL, NULL, NULL),
	(2217, 102, 135, '0', '["morning_and_evening"]', 0.0000, NULL, NULL, NULL, NULL),
	(2218, 102, 136, '0', '["morning_and_evening"]', 0.0000, NULL, NULL, NULL, NULL),
	(2219, 102, 137, '0', '["morning_and_evening"]', 0.0000, NULL, NULL, NULL, NULL),
	(2220, 102, 138, '0', '["morning_and_evening"]', 0.0000, NULL, NULL, NULL, NULL),
	(2221, 102, 139, '0', '["morning_and_evening"]', 0.0000, NULL, NULL, NULL, NULL),
	(2222, 102, 140, '0', '["morning_and_evening"]', 0.0000, NULL, NULL, NULL, NULL),
	(2223, 102, 141, '0', '["morning_and_evening"]', 0.0000, NULL, NULL, NULL, NULL),
	(2224, 102, 142, '0', '["morning_and_evening"]', 0.0000, NULL, NULL, NULL, NULL),
	(2225, 102, 143, '0', '["morning_and_evening"]', 0.0000, NULL, NULL, NULL, NULL),
	(2226, 102, 30, '0', '["morning_and_evening"]', 0.0000, NULL, NULL, NULL, NULL),
	(2227, 102, 31, '0', '["morning_and_evening"]', 0.0000, NULL, NULL, NULL, NULL),
	(2228, 102, 32, '0', '["morning_and_evening"]', 0.0000, NULL, NULL, NULL, NULL),
	(2229, 102, 33, '0', '["morning_and_evening"]', 0.0000, NULL, NULL, NULL, NULL),
	(2230, 102, 34, '0', '["morning_and_evening"]', 0.0000, NULL, NULL, NULL, NULL),
	(2231, 102, 144, '0', '["morning_and_evening"]', 0.0000, NULL, NULL, NULL, NULL),
	(2232, 102, 145, '0', '["morning_and_evening"]', 0.0000, NULL, NULL, NULL, NULL),
	(2233, 102, 146, '0', '["morning_and_evening"]', 0.0000, NULL, NULL, NULL, NULL),
	(2234, 102, 147, '0', '["morning_and_evening"]', 0.0000, NULL, NULL, NULL, NULL),
	(2235, 102, 148, '0', '["morning_and_evening"]', 0.0000, NULL, NULL, NULL, NULL),
	(2236, 102, 35, '0', '["morning_and_evening"]', 0.0000, NULL, NULL, NULL, NULL),
	(2237, 102, 36, '0', '["morning_and_evening"]', 0.0000, NULL, NULL, NULL, NULL),
	(2238, 102, 37, '0', '["morning_and_evening"]', 0.0000, NULL, NULL, NULL, NULL),
	(2239, 102, 38, '0', '["morning_and_evening"]', 0.0000, NULL, NULL, NULL, NULL),
	(2240, 102, 39, '0', '["morning_and_evening"]', 0.0000, NULL, NULL, NULL, NULL),
	(2241, 102, 40, '0', '["morning_and_evening"]', 0.0000, NULL, NULL, NULL, NULL),
	(2242, 102, 41, '0', '["morning_and_evening"]', 0.0000, NULL, NULL, NULL, NULL),
	(2243, 102, 42, '0', '["morning_and_evening"]', 0.0000, NULL, NULL, NULL, NULL),
	(2244, 102, 43, '0', '["morning_and_evening"]', 0.0000, NULL, NULL, NULL, NULL),
	(2245, 102, 44, '0', '["morning_and_evening"]', 0.0000, NULL, NULL, NULL, NULL),
	(2246, 102, 45, '0', '["morning_and_evening"]', 0.0000, NULL, NULL, NULL, NULL),
	(2247, 102, 46, '0', '["morning_and_evening"]', 0.0000, NULL, NULL, NULL, NULL),
	(2248, 102, 47, '0', '["morning_and_evening"]', 0.0000, NULL, NULL, NULL, NULL),
	(2249, 102, 48, '0', '["morning_and_evening"]', 0.0000, NULL, NULL, NULL, NULL),
	(2250, 102, 49, '0', '["morning_and_evening"]', 0.0000, NULL, NULL, NULL, NULL),
	(2251, 102, 50, '0', '["morning_and_evening"]', 0.0000, NULL, NULL, NULL, NULL),
	(2252, 102, 149, '0', '["morning_and_evening"]', 0.0000, NULL, NULL, NULL, NULL),
	(2253, 102, 150, '0', '["morning_and_evening"]', 0.0000, NULL, NULL, NULL, NULL),
	(2254, 102, 151, '0', '["morning_and_evening"]', 0.0000, NULL, NULL, NULL, NULL),
	(2255, 102, 152, '0', '["morning_and_evening"]', 0.0000, NULL, NULL, NULL, NULL),
	(2256, 102, 153, '0', '["morning_and_evening"]', 0.0000, NULL, NULL, NULL, NULL),
	(2257, 102, 154, '0', '["morning_and_evening"]', 0.0000, NULL, NULL, NULL, NULL),
	(2258, 102, 155, '0', '["morning_and_evening"]', 0.0000, NULL, NULL, NULL, NULL),
	(2259, 102, 156, '0', '["morning_and_evening"]', 0.0000, NULL, NULL, NULL, NULL),
	(2260, 102, 157, '0', '["morning_and_evening"]', 0.0000, NULL, NULL, NULL, NULL),
	(2261, 102, 158, '0', '["morning_and_evening"]', 0.0000, NULL, NULL, NULL, NULL),
	(2262, 102, 159, '0', '["morning_and_evening"]', 0.0000, NULL, NULL, NULL, NULL),
	(2263, 102, 160, '0', '["morning_and_evening"]', 0.0000, NULL, NULL, NULL, NULL),
	(2264, 102, 161, '0', '["morning_and_evening"]', 0.0000, NULL, NULL, NULL, NULL),
	(2265, 102, 162, '0', '["morning_and_evening"]', 0.0000, NULL, NULL, NULL, NULL),
	(2266, 102, 163, '0', '["morning_and_evening"]', 0.0000, NULL, NULL, NULL, NULL),
	(2267, 102, 164, '0', '["morning_and_evening"]', 0.0000, NULL, NULL, NULL, NULL),
	(2268, 102, 51, '0', '["morning_and_evening"]', 0.0000, NULL, NULL, NULL, NULL),
	(2269, 102, 52, '0', '["morning_and_evening"]', 0.0000, NULL, NULL, NULL, NULL),
	(2270, 102, 53, '0', '["morning_and_evening"]', 0.0000, NULL, NULL, NULL, NULL),
	(2271, 102, 54, '0', '["morning_and_evening"]', 0.0000, NULL, NULL, NULL, NULL),
	(2272, 102, 55, '0', '["morning_and_evening"]', 0.0000, NULL, NULL, NULL, NULL),
	(2273, 102, 56, '0', '["morning_and_evening"]', 0.0000, NULL, NULL, NULL, NULL),
	(2274, 102, 57, '0', '["morning_and_evening"]', 0.0000, NULL, NULL, NULL, NULL),
	(2275, 102, 58, '0', '["morning_and_evening"]', 0.0000, NULL, NULL, NULL, NULL),
	(2276, 102, 59, '0', '["morning_and_evening"]', 0.0000, NULL, NULL, NULL, NULL),
	(2277, 102, 60, '0', '["morning_and_evening"]', 0.0000, NULL, NULL, NULL, NULL),
	(2278, 102, 61, '0', '["morning_and_evening"]', 0.0000, NULL, NULL, NULL, NULL),
	(2279, 102, 62, '0', '["morning_and_evening"]', 0.0000, NULL, NULL, NULL, NULL),
	(2280, 102, 63, '0', '["morning_and_evening"]', 0.0000, NULL, NULL, NULL, NULL),
	(2281, 102, 165, '0', '["morning_and_evening"]', 0.0000, NULL, NULL, NULL, NULL),
	(2282, 102, 166, '0', '["morning_and_evening"]', 0.0000, NULL, NULL, NULL, NULL),
	(2283, 102, 167, '0', '["morning_and_evening"]', 0.0000, NULL, NULL, NULL, NULL),
	(2284, 102, 168, '0', '["morning_and_evening"]', 0.0000, NULL, NULL, NULL, NULL),
	(2285, 102, 169, '0', '["morning_and_evening"]', 0.0000, NULL, NULL, NULL, NULL),
	(2286, 102, 170, '0', '["morning_and_evening"]', 0.0000, NULL, NULL, NULL, NULL),
	(2287, 102, 171, '0', '["morning_and_evening"]', 0.0000, NULL, NULL, NULL, NULL),
	(2288, 102, 172, '0', '["morning_and_evening"]', 0.0000, NULL, NULL, NULL, NULL),
	(2289, 102, 173, '0', '["morning_and_evening"]', 0.0000, NULL, NULL, NULL, NULL),
	(2290, 102, 174, '0', '["morning_and_evening"]', 0.0000, NULL, NULL, NULL, NULL),
	(2291, 102, 175, '0', '["morning_and_evening"]', 0.0000, NULL, NULL, NULL, NULL),
	(2292, 102, 176, '0', '["morning_and_evening"]', 0.0000, NULL, NULL, NULL, NULL),
	(2293, 102, 177, '0', '["morning_and_evening"]', 0.0000, NULL, NULL, NULL, NULL),
	(2294, 102, 64, '0', '["morning_and_evening"]', 0.0000, NULL, NULL, NULL, NULL),
	(2295, 102, 65, '0', '["morning_and_evening"]', 0.0000, NULL, NULL, NULL, NULL),
	(2296, 102, 66, '0', '["morning_and_evening"]', 0.0000, NULL, NULL, NULL, NULL),
	(2297, 102, 178, '0', '["morning_and_evening"]', 0.0000, NULL, NULL, NULL, NULL),
	(2298, 102, 179, '0', '["morning_and_evening"]', 0.0000, NULL, NULL, NULL, NULL),
	(2299, 102, 180, '0', '["morning_and_evening"]', 0.0000, NULL, NULL, NULL, NULL),
	(2300, 102, 67, '0', '["morning_and_evening"]', 0.0000, NULL, NULL, NULL, NULL),
	(2301, 102, 68, '0', '["morning_and_evening"]', 0.0000, NULL, NULL, NULL, NULL),
	(2302, 102, 69, '0', '["morning_and_evening"]', 0.0000, NULL, NULL, NULL, NULL),
	(2303, 102, 181, '0', '["morning_and_evening"]', 0.0000, NULL, NULL, NULL, NULL),
	(2304, 102, 182, '0', '["morning_and_evening"]', 0.0000, NULL, NULL, NULL, NULL),
	(2305, 102, 183, '0', '["morning_and_evening"]', 0.0000, NULL, NULL, NULL, NULL),
	(2306, 102, 70, '0', '["morning_and_evening"]', 0.0000, NULL, NULL, NULL, NULL),
	(2307, 102, 71, '0', '["morning_and_evening"]', 0.0000, NULL, NULL, NULL, NULL),
	(2308, 102, 72, '0', '["morning_and_evening"]', 0.0000, NULL, NULL, NULL, NULL),
	(2309, 102, 73, '0', '["morning_and_evening"]', 0.0000, NULL, NULL, NULL, NULL),
	(2310, 102, 74, '0', '["morning_and_evening"]', 0.0000, NULL, NULL, NULL, NULL),
	(2311, 102, 75, '0', '["morning_and_evening"]', 0.0000, NULL, NULL, NULL, NULL),
	(2312, 102, 76, '0', '["morning_and_evening"]', 0.0000, NULL, NULL, NULL, NULL),
	(2313, 102, 77, '0', '["morning_and_evening"]', 0.0000, NULL, NULL, NULL, NULL),
	(2314, 102, 78, '0', '["morning_and_evening"]', 0.0000, NULL, NULL, NULL, NULL),
	(2315, 102, 79, '0', '["morning_and_evening"]', 0.0000, NULL, NULL, NULL, NULL),
	(2316, 102, 80, '0', '["morning_and_evening"]', 0.0000, NULL, NULL, NULL, NULL),
	(2317, 102, 81, '0', '["morning_and_evening"]', 0.0000, NULL, NULL, NULL, NULL),
	(2318, 102, 82, '0', '["morning_and_evening"]', 0.0000, NULL, NULL, NULL, NULL),
	(2319, 102, 83, '0', '["morning_and_evening"]', 0.0000, NULL, NULL, NULL, NULL),
	(2320, 102, 84, '0', '["morning_and_evening"]', 0.0000, NULL, NULL, NULL, NULL),
	(2321, 102, 85, '0', '["morning_and_evening"]', 0.0000, NULL, NULL, NULL, NULL),
	(2322, 102, 86, '0', '["morning_and_evening"]', 0.0000, NULL, NULL, NULL, NULL),
	(2323, 102, 87, '0', '["morning_and_evening"]', 0.0000, NULL, NULL, NULL, NULL),
	(2324, 102, 88, '0', '["morning_and_evening"]', 0.0000, NULL, NULL, NULL, NULL),
	(2325, 102, 89, '0', '["morning_and_evening"]', 0.0000, NULL, NULL, NULL, NULL),
	(2326, 102, 90, '0', '["morning_and_evening"]', 0.0000, NULL, NULL, NULL, NULL),
	(2327, 102, 91, '0', '["morning_and_evening"]', 0.0000, NULL, NULL, NULL, NULL),
	(2328, 102, 92, '0', '["morning_and_evening"]', 0.0000, NULL, NULL, NULL, NULL),
	(2329, 102, 93, '0', '["morning_and_evening"]', 0.0000, NULL, NULL, NULL, NULL),
	(2330, 102, 94, '0', '["morning_and_evening"]', 0.0000, NULL, NULL, NULL, NULL),
	(2331, 102, 95, '0', '["morning_and_evening"]', 0.0000, NULL, NULL, NULL, NULL),
	(2332, 102, 96, '0', '["morning_and_evening"]', 0.0000, NULL, NULL, NULL, NULL),
	(2333, 102, 97, '0', '["morning_and_evening"]', 0.0000, NULL, NULL, NULL, NULL),
	(2334, 102, 98, '0', '["morning_and_evening"]', 0.0000, NULL, NULL, NULL, NULL),
	(2335, 102, 99, '0', '["morning_and_evening"]', 0.0000, NULL, NULL, NULL, NULL),
	(2336, 102, 100, '0', '["morning_and_evening"]', 0.0000, NULL, NULL, NULL, NULL),
	(2337, 102, 101, '0', '["morning_and_evening"]', 0.0000, NULL, NULL, NULL, NULL),
	(2338, 102, 102, '0', '["morning_and_evening"]', 0.0000, NULL, NULL, NULL, NULL),
	(2339, 102, 103, '0', '["morning_and_evening"]', 0.0000, NULL, NULL, NULL, NULL),
	(2340, 102, 104, '0', '["morning_and_evening"]', 0.0000, NULL, NULL, NULL, NULL),
	(2341, 102, 105, '0', '["morning_and_evening"]', 0.0000, NULL, NULL, NULL, NULL),
	(2342, 102, 106, '0', '["morning_and_evening"]', 0.0000, NULL, NULL, NULL, NULL),
	(2343, 102, 107, '0', '["morning_and_evening"]', 0.0000, NULL, NULL, NULL, NULL),
	(2344, 102, 108, '0', '["morning_and_evening"]', 0.0000, NULL, NULL, NULL, NULL),
	(2345, 102, 184, '0', '["morning_and_evening"]', 0.0000, NULL, NULL, NULL, NULL),
	(2346, 102, 185, '0', '["morning_and_evening"]', 0.0000, NULL, NULL, NULL, NULL),
	(2347, 102, 186, '0', '["morning_and_evening"]', 0.0000, NULL, NULL, NULL, NULL),
	(2348, 102, 187, '0', '["morning_and_evening"]', 0.0000, NULL, NULL, NULL, NULL),
	(2349, 102, 188, '0', '["morning_and_evening"]', 0.0000, NULL, NULL, NULL, NULL),
	(2350, 102, 189, '0', '["morning_and_evening"]', 0.0000, NULL, NULL, NULL, NULL),
	(2351, 102, 190, '0', '["morning_and_evening"]', 0.0000, NULL, NULL, NULL, NULL),
	(2352, 102, 191, '0', '["morning_and_evening"]', 0.0000, NULL, NULL, NULL, NULL),
	(2353, 102, 192, '0', '["morning_and_evening"]', 0.0000, NULL, NULL, NULL, NULL),
	(2354, 102, 193, '0', '["morning_and_evening"]', 0.0000, NULL, NULL, NULL, NULL),
	(2355, 102, 194, '0', '["morning_and_evening"]', 0.0000, NULL, NULL, NULL, NULL),
	(2356, 102, 195, '0', '["morning_and_evening"]', 0.0000, NULL, NULL, NULL, NULL),
	(2357, 102, 196, '0', '["morning_and_evening"]', 0.0000, NULL, NULL, NULL, NULL),
	(2358, 102, 197, '0', '["morning_and_evening"]', 0.0000, NULL, NULL, NULL, NULL),
	(2359, 102, 198, '0', '["morning_and_evening"]', 0.0000, NULL, NULL, NULL, NULL),
	(2360, 102, 199, '0', '["morning_and_evening"]', 0.0000, NULL, NULL, NULL, NULL),
	(2361, 102, 200, '0', '["morning_and_evening"]', 0.0000, NULL, NULL, NULL, NULL),
	(2362, 102, 201, '0', '["morning_and_evening"]', 0.0000, NULL, NULL, NULL, NULL),
	(2363, 102, 202, '0', '["morning_and_evening"]', 0.0000, NULL, NULL, NULL, NULL),
	(2364, 102, 203, '0', '["morning_and_evening"]', 0.0000, NULL, NULL, NULL, NULL),
	(2365, 102, 204, '0', '["morning_and_evening"]', 0.0000, NULL, NULL, NULL, NULL),
	(2366, 102, 205, '0', '["morning_and_evening"]', 0.0000, NULL, NULL, NULL, NULL),
	(2367, 102, 206, '0', '["morning_and_evening"]', 0.0000, NULL, NULL, NULL, NULL),
	(2368, 102, 207, '0', '["morning_and_evening"]', 0.0000, NULL, NULL, NULL, NULL),
	(2369, 102, 208, '0', '["morning_and_evening"]', 0.0000, NULL, NULL, NULL, NULL),
	(2370, 102, 209, '0', '["morning_and_evening"]', 0.0000, NULL, NULL, NULL, NULL),
	(2371, 102, 210, '0', '["morning_and_evening"]', 0.0000, NULL, NULL, NULL, NULL),
	(2372, 102, 211, '0', '["morning_and_evening"]', 0.0000, NULL, NULL, NULL, NULL),
	(2373, 102, 212, '0', '["morning_and_evening"]', 0.0000, NULL, NULL, NULL, NULL),
	(2374, 102, 213, '0', '["morning_and_evening"]', 0.0000, NULL, NULL, NULL, NULL),
	(2375, 102, 214, '0', '["morning_and_evening"]', 0.0000, NULL, NULL, NULL, NULL),
	(2376, 102, 215, '0', '["morning_and_evening"]', 0.0000, NULL, NULL, NULL, NULL),
	(2377, 102, 216, '0', '["morning_and_evening"]', 0.0000, NULL, NULL, NULL, NULL),
	(2378, 102, 217, '0', '["morning_and_evening"]', 0.0000, NULL, NULL, NULL, NULL),
	(2379, 102, 218, '0', '["morning_and_evening"]', 0.0000, NULL, NULL, NULL, NULL),
	(2380, 102, 219, '0', '["morning_and_evening"]', 0.0000, NULL, NULL, NULL, NULL),
	(2381, 102, 220, '0', '["morning_and_evening"]', 0.0000, NULL, NULL, NULL, NULL),
	(2382, 102, 221, '0', '["morning_and_evening"]', 0.0000, NULL, NULL, NULL, NULL),
	(2383, 102, 222, '0', '["morning_and_evening"]', 0.0000, NULL, NULL, NULL, NULL),
	(2384, 102, 109, '0', '["morning_and_evening"]', 0.0000, NULL, NULL, NULL, NULL),
	(2385, 102, 110, '0', '["morning_and_evening"]', 0.0000, NULL, NULL, NULL, NULL),
	(2386, 102, 111, '0', '["morning_and_evening"]', 0.0000, NULL, NULL, NULL, NULL),
	(2387, 102, 112, '0', '["morning_and_evening"]', 0.0000, NULL, NULL, NULL, NULL),
	(2388, 102, 113, '0', '["morning_and_evening"]', 0.0000, NULL, NULL, NULL, NULL),
	(2389, 102, 114, '0', '["morning_and_evening"]', 0.0000, NULL, NULL, NULL, NULL),
	(2390, 102, 223, '0', '["morning_and_evening"]', 0.0000, NULL, NULL, NULL, NULL),
	(2391, 102, 224, '0', '["morning_and_evening"]', 0.0000, NULL, NULL, NULL, NULL),
	(2392, 102, 225, '0', '["morning_and_evening"]', 0.0000, NULL, NULL, NULL, NULL),
	(2393, 102, 226, '0', '["morning_and_evening"]', 0.0000, NULL, NULL, NULL, NULL),
	(2394, 102, 227, '0', '["morning_and_evening"]', 0.0000, NULL, NULL, NULL, NULL),
	(2395, 102, 228, '0', '["morning_and_evening"]', 0.0000, NULL, NULL, NULL, NULL),
	(2396, 103, 1, '0', '["morning_and_evening"]', 0.0000, NULL, NULL, NULL, NULL),
	(2397, 103, 2, '0', '["morning_and_evening"]', 0.0000, NULL, NULL, NULL, NULL),
	(2398, 103, 3, '0', '["morning_and_evening"]', 0.0000, NULL, NULL, NULL, NULL),
	(2399, 103, 4, '0', '["morning_and_evening"]', 0.0000, NULL, NULL, NULL, NULL),
	(2400, 103, 5, '0', '["morning_and_evening"]', 0.0000, NULL, NULL, NULL, NULL),
	(2401, 103, 6, '0', '["morning_and_evening"]', 0.0000, NULL, NULL, NULL, NULL),
	(2402, 103, 7, '0', '["morning_and_evening"]', 0.0000, NULL, NULL, NULL, NULL),
	(2403, 103, 8, '0', '["morning_and_evening"]', 0.0000, NULL, NULL, NULL, NULL),
	(2404, 103, 9, '0', '["morning_and_evening"]', 0.0000, NULL, NULL, NULL, NULL),
	(2405, 103, 10, '0', '["morning_and_evening"]', 0.0000, NULL, NULL, NULL, NULL),
	(2406, 103, 11, '0', '["morning_and_evening"]', 0.0000, NULL, NULL, NULL, NULL),
	(2407, 103, 12, '0', '["morning_and_evening"]', 0.0000, NULL, NULL, NULL, NULL),
	(2408, 103, 13, '0', '["morning_and_evening"]', 0.0000, NULL, NULL, NULL, NULL),
	(2409, 103, 14, '0', '["morning_and_evening"]', 0.0000, NULL, NULL, NULL, NULL),
	(2410, 103, 15, '0', '["morning_and_evening"]', 0.0000, NULL, NULL, NULL, NULL),
	(2411, 103, 115, '0', '["morning_and_evening"]', 0.0000, NULL, NULL, NULL, NULL),
	(2412, 103, 116, '0', '["morning_and_evening"]', 0.0000, NULL, NULL, NULL, NULL),
	(2413, 103, 117, '0', '["morning_and_evening"]', 0.0000, NULL, NULL, NULL, NULL),
	(2414, 103, 118, '0', '["morning_and_evening"]', 0.0000, NULL, NULL, NULL, NULL),
	(2415, 103, 119, '0', '["morning_and_evening"]', 0.0000, NULL, NULL, NULL, NULL),
	(2416, 103, 120, '0', '["morning_and_evening"]', 0.0000, NULL, NULL, NULL, NULL),
	(2417, 103, 121, '0', '["morning_and_evening"]', 0.0000, NULL, NULL, NULL, NULL),
	(2418, 103, 122, '0', '["morning_and_evening"]', 0.0000, NULL, NULL, NULL, NULL),
	(2419, 103, 123, '0', '["morning_and_evening"]', 0.0000, NULL, NULL, NULL, NULL),
	(2420, 103, 124, '0', '["morning_and_evening"]', 0.0000, NULL, NULL, NULL, NULL),
	(2421, 103, 125, '0', '["morning_and_evening"]', 0.0000, NULL, NULL, NULL, NULL),
	(2422, 103, 126, '0', '["morning_and_evening"]', 0.0000, NULL, NULL, NULL, NULL),
	(2423, 103, 127, '0', '["morning_and_evening"]', 0.0000, NULL, NULL, NULL, NULL),
	(2424, 103, 128, '0', '["morning_and_evening"]', 0.0000, NULL, NULL, NULL, NULL),
	(2425, 103, 129, '0', '["morning_and_evening"]', 0.0000, NULL, NULL, NULL, NULL),
	(2426, 103, 16, '0', '["morning_and_evening"]', 0.0000, NULL, NULL, NULL, NULL),
	(2427, 103, 17, '0', '["morning_and_evening"]', 0.0000, NULL, NULL, NULL, NULL),
	(2428, 103, 18, '0', '["morning_and_evening"]', 0.0000, NULL, NULL, NULL, NULL),
	(2429, 103, 19, '0', '["morning_and_evening"]', 0.0000, NULL, NULL, NULL, NULL),
	(2430, 103, 20, '0', '["morning_and_evening"]', 0.0000, NULL, NULL, NULL, NULL),
	(2431, 103, 21, '0', '["morning_and_evening"]', 0.0000, NULL, NULL, NULL, NULL),
	(2432, 103, 22, '0', '["morning_and_evening"]', 0.0000, NULL, NULL, NULL, NULL),
	(2433, 103, 23, '0', '["morning_and_evening"]', 0.0000, NULL, NULL, NULL, NULL),
	(2434, 103, 24, '0', '["morning_and_evening"]', 0.0000, NULL, NULL, NULL, NULL),
	(2435, 103, 25, '0', '["morning_and_evening"]', 0.0000, NULL, NULL, NULL, NULL),
	(2436, 103, 26, '0', '["morning_and_evening"]', 0.0000, NULL, NULL, NULL, NULL),
	(2437, 103, 27, '0', '["morning_and_evening"]', 0.0000, NULL, NULL, NULL, NULL),
	(2438, 103, 28, '0', '["morning_and_evening"]', 0.0000, NULL, NULL, NULL, NULL),
	(2439, 103, 29, '0', '["morning_and_evening"]', 0.0000, NULL, NULL, NULL, NULL),
	(2440, 103, 130, '0', '["morning_and_evening"]', 0.0000, NULL, NULL, NULL, NULL),
	(2441, 103, 131, '0', '["morning_and_evening"]', 0.0000, NULL, NULL, NULL, NULL),
	(2442, 103, 132, '0', '["morning_and_evening"]', 0.0000, NULL, NULL, NULL, NULL),
	(2443, 103, 133, '0', '["morning_and_evening"]', 0.0000, NULL, NULL, NULL, NULL),
	(2444, 103, 134, '0', '["morning_and_evening"]', 0.0000, NULL, NULL, NULL, NULL),
	(2445, 103, 135, '0', '["morning_and_evening"]', 0.0000, NULL, NULL, NULL, NULL),
	(2446, 103, 136, '0', '["morning_and_evening"]', 0.0000, NULL, NULL, NULL, NULL),
	(2447, 103, 137, '0', '["morning_and_evening"]', 0.0000, NULL, NULL, NULL, NULL),
	(2448, 103, 138, '0', '["morning_and_evening"]', 0.0000, NULL, NULL, NULL, NULL),
	(2449, 103, 139, '0', '["morning_and_evening"]', 0.0000, NULL, NULL, NULL, NULL),
	(2450, 103, 140, '0', '["morning_and_evening"]', 0.0000, NULL, NULL, NULL, NULL),
	(2451, 103, 141, '0', '["morning_and_evening"]', 0.0000, NULL, NULL, NULL, NULL),
	(2452, 103, 142, '0', '["morning_and_evening"]', 0.0000, NULL, NULL, NULL, NULL),
	(2453, 103, 143, '0', '["morning_and_evening"]', 0.0000, NULL, NULL, NULL, NULL),
	(2454, 103, 30, '0', '["morning_and_evening"]', 0.0000, NULL, NULL, NULL, NULL),
	(2455, 103, 31, '0', '["morning_and_evening"]', 0.0000, NULL, NULL, NULL, NULL),
	(2456, 103, 32, '0', '["morning_and_evening"]', 0.0000, NULL, NULL, NULL, NULL),
	(2457, 103, 33, '0', '["morning_and_evening"]', 0.0000, NULL, NULL, NULL, NULL),
	(2458, 103, 34, '0', '["morning_and_evening"]', 0.0000, NULL, NULL, NULL, NULL),
	(2459, 103, 144, '0', '["morning_and_evening"]', 0.0000, NULL, NULL, NULL, NULL),
	(2460, 103, 145, '0', '["morning_and_evening"]', 0.0000, NULL, NULL, NULL, NULL),
	(2461, 103, 146, '0', '["morning_and_evening"]', 0.0000, NULL, NULL, NULL, NULL),
	(2462, 103, 147, '0', '["morning_and_evening"]', 0.0000, NULL, NULL, NULL, NULL),
	(2463, 103, 148, '0', '["morning_and_evening"]', 0.0000, NULL, NULL, NULL, NULL),
	(2464, 103, 35, '0', '["morning_and_evening"]', 0.0000, NULL, NULL, NULL, NULL),
	(2465, 103, 36, '0', '["morning_and_evening"]', 0.0000, NULL, NULL, NULL, NULL),
	(2466, 103, 37, '0', '["morning_and_evening"]', 0.0000, NULL, NULL, NULL, NULL),
	(2467, 103, 38, '0', '["morning_and_evening"]', 0.0000, NULL, NULL, NULL, NULL),
	(2468, 103, 39, '0', '["morning_and_evening"]', 0.0000, NULL, NULL, NULL, NULL),
	(2469, 103, 40, '0', '["morning_and_evening"]', 0.0000, NULL, NULL, NULL, NULL),
	(2470, 103, 41, '0', '["morning_and_evening"]', 0.0000, NULL, NULL, NULL, NULL),
	(2471, 103, 42, '0', '["morning_and_evening"]', 0.0000, NULL, NULL, NULL, NULL),
	(2472, 103, 43, '0', '["morning_and_evening"]', 0.0000, NULL, NULL, NULL, NULL),
	(2473, 103, 44, '0', '["morning_and_evening"]', 0.0000, NULL, NULL, NULL, NULL),
	(2474, 103, 45, '0', '["morning_and_evening"]', 0.0000, NULL, NULL, NULL, NULL),
	(2475, 103, 46, '0', '["morning_and_evening"]', 0.0000, NULL, NULL, NULL, NULL),
	(2476, 103, 47, '0', '["morning_and_evening"]', 0.0000, NULL, NULL, NULL, NULL),
	(2477, 103, 48, '0', '["morning_and_evening"]', 0.0000, NULL, NULL, NULL, NULL),
	(2478, 103, 49, '0', '["morning_and_evening"]', 0.0000, NULL, NULL, NULL, NULL),
	(2479, 103, 50, '0', '["morning_and_evening"]', 0.0000, NULL, NULL, NULL, NULL),
	(2480, 103, 149, '0', '["morning_and_evening"]', 0.0000, NULL, NULL, NULL, NULL),
	(2481, 103, 150, '0', '["morning_and_evening"]', 0.0000, NULL, NULL, NULL, NULL),
	(2482, 103, 151, '0', '["morning_and_evening"]', 0.0000, NULL, NULL, NULL, NULL),
	(2483, 103, 152, '0', '["morning_and_evening"]', 0.0000, NULL, NULL, NULL, NULL),
	(2484, 103, 153, '0', '["morning_and_evening"]', 0.0000, NULL, NULL, NULL, NULL),
	(2485, 103, 154, '0', '["morning_and_evening"]', 0.0000, NULL, NULL, NULL, NULL),
	(2486, 103, 155, '0', '["morning_and_evening"]', 0.0000, NULL, NULL, NULL, NULL),
	(2487, 103, 156, '0', '["morning_and_evening"]', 0.0000, NULL, NULL, NULL, NULL),
	(2488, 103, 157, '0', '["morning_and_evening"]', 0.0000, NULL, NULL, NULL, NULL),
	(2489, 103, 158, '0', '["morning_and_evening"]', 0.0000, NULL, NULL, NULL, NULL),
	(2490, 103, 159, '0', '["morning_and_evening"]', 0.0000, NULL, NULL, NULL, NULL),
	(2491, 103, 160, '0', '["morning_and_evening"]', 0.0000, NULL, NULL, NULL, NULL),
	(2492, 103, 161, '0', '["morning_and_evening"]', 0.0000, NULL, NULL, NULL, NULL),
	(2493, 103, 162, '0', '["morning_and_evening"]', 0.0000, NULL, NULL, NULL, NULL),
	(2494, 103, 163, '0', '["morning_and_evening"]', 0.0000, NULL, NULL, NULL, NULL),
	(2495, 103, 164, '0', '["morning_and_evening"]', 0.0000, NULL, NULL, NULL, NULL),
	(2496, 103, 51, '0', '["morning_and_evening"]', 0.0000, NULL, NULL, NULL, NULL),
	(2497, 103, 52, '0', '["morning_and_evening"]', 0.0000, NULL, NULL, NULL, NULL),
	(2498, 103, 53, '0', '["morning_and_evening"]', 0.0000, NULL, NULL, NULL, NULL),
	(2499, 103, 54, '0', '["morning_and_evening"]', 0.0000, NULL, NULL, NULL, NULL),
	(2500, 103, 55, '0', '["morning_and_evening"]', 0.0000, NULL, NULL, NULL, NULL),
	(2501, 103, 56, '0', '["morning_and_evening"]', 0.0000, NULL, NULL, NULL, NULL),
	(2502, 103, 57, '0', '["morning_and_evening"]', 0.0000, NULL, NULL, NULL, NULL),
	(2503, 103, 58, '0', '["morning_and_evening"]', 0.0000, NULL, NULL, NULL, NULL),
	(2504, 103, 59, '0', '["morning_and_evening"]', 0.0000, NULL, NULL, NULL, NULL),
	(2505, 103, 60, '0', '["morning_and_evening"]', 0.0000, NULL, NULL, NULL, NULL),
	(2506, 103, 61, '0', '["morning_and_evening"]', 0.0000, NULL, NULL, NULL, NULL),
	(2507, 103, 62, '0', '["morning_and_evening"]', 0.0000, NULL, NULL, NULL, NULL),
	(2508, 103, 63, '0', '["morning_and_evening"]', 0.0000, NULL, NULL, NULL, NULL),
	(2509, 103, 165, '0', '["morning_and_evening"]', 0.0000, NULL, NULL, NULL, NULL),
	(2510, 103, 166, '0', '["morning_and_evening"]', 0.0000, NULL, NULL, NULL, NULL),
	(2511, 103, 167, '0', '["morning_and_evening"]', 0.0000, NULL, NULL, NULL, NULL),
	(2512, 103, 168, '0', '["morning_and_evening"]', 0.0000, NULL, NULL, NULL, NULL),
	(2513, 103, 169, '0', '["morning_and_evening"]', 0.0000, NULL, NULL, NULL, NULL),
	(2514, 103, 170, '0', '["morning_and_evening"]', 0.0000, NULL, NULL, NULL, NULL),
	(2515, 103, 171, '0', '["morning_and_evening"]', 0.0000, NULL, NULL, NULL, NULL),
	(2516, 103, 172, '0', '["morning_and_evening"]', 0.0000, NULL, NULL, NULL, NULL),
	(2517, 103, 173, '0', '["morning_and_evening"]', 0.0000, NULL, NULL, NULL, NULL),
	(2518, 103, 174, '0', '["morning_and_evening"]', 0.0000, NULL, NULL, NULL, NULL),
	(2519, 103, 175, '0', '["morning_and_evening"]', 0.0000, NULL, NULL, NULL, NULL),
	(2520, 103, 176, '0', '["morning_and_evening"]', 0.0000, NULL, NULL, NULL, NULL),
	(2521, 103, 177, '0', '["morning_and_evening"]', 0.0000, NULL, NULL, NULL, NULL),
	(2522, 103, 64, '0', '["morning_and_evening"]', 0.0000, NULL, NULL, NULL, NULL),
	(2523, 103, 65, '0', '["morning_and_evening"]', 0.0000, NULL, NULL, NULL, NULL),
	(2524, 103, 66, '0', '["morning_and_evening"]', 0.0000, NULL, NULL, NULL, NULL),
	(2525, 103, 178, '0', '["morning_and_evening"]', 0.0000, NULL, NULL, NULL, NULL),
	(2526, 103, 179, '0', '["morning_and_evening"]', 0.0000, NULL, NULL, NULL, NULL),
	(2527, 103, 180, '0', '["morning_and_evening"]', 0.0000, NULL, NULL, NULL, NULL),
	(2528, 103, 67, '0', '["morning_and_evening"]', 0.0000, NULL, NULL, NULL, NULL),
	(2529, 103, 68, '0', '["morning_and_evening"]', 0.0000, NULL, NULL, NULL, NULL),
	(2530, 103, 69, '0', '["morning_and_evening"]', 0.0000, NULL, NULL, NULL, NULL),
	(2531, 103, 181, '0', '["morning_and_evening"]', 0.0000, NULL, NULL, NULL, NULL),
	(2532, 103, 182, '0', '["morning_and_evening"]', 0.0000, NULL, NULL, NULL, NULL),
	(2533, 103, 183, '0', '["morning_and_evening"]', 0.0000, NULL, NULL, NULL, NULL),
	(2534, 103, 70, '0', '["morning_and_evening"]', 0.0000, NULL, NULL, NULL, NULL),
	(2535, 103, 71, '0', '["morning_and_evening"]', 0.0000, NULL, NULL, NULL, NULL),
	(2536, 103, 72, '0', '["morning_and_evening"]', 0.0000, NULL, NULL, NULL, NULL),
	(2537, 103, 73, '0', '["morning_and_evening"]', 0.0000, NULL, NULL, NULL, NULL),
	(2538, 103, 74, '0', '["morning_and_evening"]', 0.0000, NULL, NULL, NULL, NULL),
	(2539, 103, 75, '0', '["morning_and_evening"]', 0.0000, NULL, NULL, NULL, NULL),
	(2540, 103, 76, '0', '["morning_and_evening"]', 0.0000, NULL, NULL, NULL, NULL),
	(2541, 103, 77, '0', '["morning_and_evening"]', 0.0000, NULL, NULL, NULL, NULL),
	(2542, 103, 78, '0', '["morning_and_evening"]', 0.0000, NULL, NULL, NULL, NULL),
	(2543, 103, 79, '0', '["morning_and_evening"]', 0.0000, NULL, NULL, NULL, NULL),
	(2544, 103, 80, '0', '["morning_and_evening"]', 0.0000, NULL, NULL, NULL, NULL),
	(2545, 103, 81, '0', '["morning_and_evening"]', 0.0000, NULL, NULL, NULL, NULL),
	(2546, 103, 82, '0', '["morning_and_evening"]', 0.0000, NULL, NULL, NULL, NULL),
	(2547, 103, 83, '0', '["morning_and_evening"]', 0.0000, NULL, NULL, NULL, NULL),
	(2548, 103, 84, '0', '["morning_and_evening"]', 0.0000, NULL, NULL, NULL, NULL),
	(2549, 103, 85, '0', '["morning_and_evening"]', 0.0000, NULL, NULL, NULL, NULL),
	(2550, 103, 86, '0', '["morning_and_evening"]', 0.0000, NULL, NULL, NULL, NULL),
	(2551, 103, 87, '0', '["morning_and_evening"]', 0.0000, NULL, NULL, NULL, NULL),
	(2552, 103, 88, '0', '["morning_and_evening"]', 0.0000, NULL, NULL, NULL, NULL),
	(2553, 103, 89, '0', '["morning_and_evening"]', 0.0000, NULL, NULL, NULL, NULL),
	(2554, 103, 90, '0', '["morning_and_evening"]', 0.0000, NULL, NULL, NULL, NULL),
	(2555, 103, 91, '0', '["morning_and_evening"]', 0.0000, NULL, NULL, NULL, NULL),
	(2556, 103, 92, '0', '["morning_and_evening"]', 0.0000, NULL, NULL, NULL, NULL),
	(2557, 103, 93, '0', '["morning_and_evening"]', 0.0000, NULL, NULL, NULL, NULL),
	(2558, 103, 94, '0', '["morning_and_evening"]', 0.0000, NULL, NULL, NULL, NULL),
	(2559, 103, 95, '0', '["morning_and_evening"]', 0.0000, NULL, NULL, NULL, NULL),
	(2560, 103, 96, '0', '["morning_and_evening"]', 0.0000, NULL, NULL, NULL, NULL),
	(2561, 103, 97, '0', '["morning_and_evening"]', 0.0000, NULL, NULL, NULL, NULL),
	(2562, 103, 98, '0', '["morning_and_evening"]', 0.0000, NULL, NULL, NULL, NULL),
	(2563, 103, 99, '0', '["morning_and_evening"]', 0.0000, NULL, NULL, NULL, NULL),
	(2564, 103, 100, '0', '["morning_and_evening"]', 0.0000, NULL, NULL, NULL, NULL),
	(2565, 103, 101, '0', '["morning_and_evening"]', 0.0000, NULL, NULL, NULL, NULL),
	(2566, 103, 102, '0', '["morning_and_evening"]', 0.0000, NULL, NULL, NULL, NULL),
	(2567, 103, 103, '0', '["morning_and_evening"]', 0.0000, NULL, NULL, NULL, NULL),
	(2568, 103, 104, '0', '["morning_and_evening"]', 0.0000, NULL, NULL, NULL, NULL),
	(2569, 103, 105, '0', '["morning_and_evening"]', 0.0000, NULL, NULL, NULL, NULL),
	(2570, 103, 106, '0', '["morning_and_evening"]', 0.0000, NULL, NULL, NULL, NULL),
	(2571, 103, 107, '0', '["morning_and_evening"]', 0.0000, NULL, NULL, NULL, NULL),
	(2572, 103, 108, '0', '["morning_and_evening"]', 0.0000, NULL, NULL, NULL, NULL),
	(2573, 103, 184, '0', '["morning_and_evening"]', 0.0000, NULL, NULL, NULL, NULL),
	(2574, 103, 185, '0', '["morning_and_evening"]', 0.0000, NULL, NULL, NULL, NULL),
	(2575, 103, 186, '0', '["morning_and_evening"]', 0.0000, NULL, NULL, NULL, NULL),
	(2576, 103, 187, '0', '["morning_and_evening"]', 0.0000, NULL, NULL, NULL, NULL),
	(2577, 103, 188, '0', '["morning_and_evening"]', 0.0000, NULL, NULL, NULL, NULL),
	(2578, 103, 189, '0', '["morning_and_evening"]', 0.0000, NULL, NULL, NULL, NULL),
	(2579, 103, 190, '0', '["morning_and_evening"]', 0.0000, NULL, NULL, NULL, NULL),
	(2580, 103, 191, '0', '["morning_and_evening"]', 0.0000, NULL, NULL, NULL, NULL),
	(2581, 103, 192, '0', '["morning_and_evening"]', 0.0000, NULL, NULL, NULL, NULL),
	(2582, 103, 193, '0', '["morning_and_evening"]', 0.0000, NULL, NULL, NULL, NULL),
	(2583, 103, 194, '0', '["morning_and_evening"]', 0.0000, NULL, NULL, NULL, NULL),
	(2584, 103, 195, '0', '["morning_and_evening"]', 0.0000, NULL, NULL, NULL, NULL),
	(2585, 103, 196, '0', '["morning_and_evening"]', 0.0000, NULL, NULL, NULL, NULL),
	(2586, 103, 197, '0', '["morning_and_evening"]', 0.0000, NULL, NULL, NULL, NULL),
	(2587, 103, 198, '0', '["morning_and_evening"]', 0.0000, NULL, NULL, NULL, NULL),
	(2588, 103, 199, '0', '["morning_and_evening"]', 0.0000, NULL, NULL, NULL, NULL),
	(2589, 103, 200, '0', '["morning_and_evening"]', 0.0000, NULL, NULL, NULL, NULL),
	(2590, 103, 201, '0', '["morning_and_evening"]', 0.0000, NULL, NULL, NULL, NULL),
	(2591, 103, 202, '0', '["morning_and_evening"]', 0.0000, NULL, NULL, NULL, NULL),
	(2592, 103, 203, '0', '["morning_and_evening"]', 0.0000, NULL, NULL, NULL, NULL),
	(2593, 103, 204, '0', '["morning_and_evening"]', 0.0000, NULL, NULL, NULL, NULL),
	(2594, 103, 205, '0', '["morning_and_evening"]', 0.0000, NULL, NULL, NULL, NULL),
	(2595, 103, 206, '0', '["morning_and_evening"]', 0.0000, NULL, NULL, NULL, NULL),
	(2596, 103, 207, '0', '["morning_and_evening"]', 0.0000, NULL, NULL, NULL, NULL),
	(2597, 103, 208, '0', '["morning_and_evening"]', 0.0000, NULL, NULL, NULL, NULL),
	(2598, 103, 209, '0', '["morning_and_evening"]', 0.0000, NULL, NULL, NULL, NULL),
	(2599, 103, 210, '0', '["morning_and_evening"]', 0.0000, NULL, NULL, NULL, NULL),
	(2600, 103, 211, '0', '["morning_and_evening"]', 0.0000, NULL, NULL, NULL, NULL),
	(2601, 103, 212, '0', '["morning_and_evening"]', 0.0000, NULL, NULL, NULL, NULL),
	(2602, 103, 213, '0', '["morning_and_evening"]', 0.0000, NULL, NULL, NULL, NULL),
	(2603, 103, 214, '0', '["morning_and_evening"]', 0.0000, NULL, NULL, NULL, NULL),
	(2604, 103, 215, '0', '["morning_and_evening"]', 0.0000, NULL, NULL, NULL, NULL),
	(2605, 103, 216, '0', '["morning_and_evening"]', 0.0000, NULL, NULL, NULL, NULL),
	(2606, 103, 217, '0', '["morning_and_evening"]', 0.0000, NULL, NULL, NULL, NULL),
	(2607, 103, 218, '0', '["morning_and_evening"]', 0.0000, NULL, NULL, NULL, NULL),
	(2608, 103, 219, '0', '["morning_and_evening"]', 0.0000, NULL, NULL, NULL, NULL),
	(2609, 103, 220, '0', '["morning_and_evening"]', 0.0000, NULL, NULL, NULL, NULL),
	(2610, 103, 221, '0', '["morning_and_evening"]', 0.0000, NULL, NULL, NULL, NULL),
	(2611, 103, 222, '0', '["morning_and_evening"]', 0.0000, NULL, NULL, NULL, NULL),
	(2612, 103, 109, '0', '["morning_and_evening"]', 0.0000, NULL, NULL, NULL, NULL),
	(2613, 103, 110, '0', '["morning_and_evening"]', 0.0000, NULL, NULL, NULL, NULL),
	(2614, 103, 111, '0', '["morning_and_evening"]', 0.0000, NULL, NULL, NULL, NULL),
	(2615, 103, 112, '0', '["morning_and_evening"]', 0.0000, NULL, NULL, NULL, NULL),
	(2616, 103, 113, '0', '["morning_and_evening"]', 0.0000, NULL, NULL, NULL, NULL),
	(2617, 103, 114, '0', '["morning_and_evening"]', 0.0000, NULL, NULL, NULL, NULL),
	(2618, 103, 223, '0', '["morning_and_evening"]', 0.0000, NULL, NULL, NULL, NULL),
	(2619, 103, 224, '0', '["morning_and_evening"]', 0.0000, NULL, NULL, NULL, NULL),
	(2620, 103, 225, '0', '["morning_and_evening"]', 0.0000, NULL, NULL, NULL, NULL),
	(2621, 103, 226, '0', '["morning_and_evening"]', 0.0000, NULL, NULL, NULL, NULL),
	(2622, 103, 227, '0', '["morning_and_evening"]', 0.0000, NULL, NULL, NULL, NULL),
	(2623, 103, 228, '0', '["morning_and_evening"]', 0.0000, NULL, NULL, NULL, NULL),
	(2624, 104, 1, '0', '["morning_and_evening"]', 0.0000, NULL, NULL, NULL, NULL),
	(2625, 104, 2, '500', '["morning"]', 500.0000, NULL, NULL, NULL, NULL),
	(2626, 104, 3, '0', '["morning_and_evening"]', 0.0000, NULL, NULL, NULL, NULL),
	(2627, 104, 4, '0', '["morning_and_evening"]', 0.0000, NULL, NULL, NULL, NULL),
	(2628, 104, 5, '0', '["morning_and_evening"]', 0.0000, NULL, NULL, NULL, NULL),
	(2629, 104, 6, '0', '["morning_and_evening"]', 0.0000, NULL, NULL, NULL, NULL),
	(2630, 104, 7, '0', '["morning_and_evening"]', 0.0000, NULL, NULL, NULL, NULL),
	(2631, 104, 8, '0', '["morning_and_evening"]', 0.0000, NULL, NULL, NULL, NULL),
	(2632, 104, 9, '0', '["morning_and_evening"]', 0.0000, NULL, NULL, NULL, NULL),
	(2633, 104, 10, '0', '["morning_and_evening"]', 0.0000, NULL, NULL, NULL, NULL),
	(2634, 104, 16, '0', '["morning_and_evening"]', 0.0000, NULL, NULL, NULL, NULL),
	(2635, 104, 17, '0', '["morning_and_evening"]', 0.0000, NULL, NULL, NULL, NULL),
	(2636, 104, 18, '0', '["morning_and_evening"]', 0.0000, NULL, NULL, NULL, NULL),
	(2637, 104, 19, '0', '["morning_and_evening"]', 0.0000, NULL, NULL, NULL, NULL),
	(2638, 104, 20, '0', '["morning_and_evening"]', 0.0000, NULL, NULL, NULL, NULL),
	(2639, 104, 21, '0', '["morning_and_evening"]', 0.0000, NULL, NULL, NULL, NULL),
	(2640, 104, 22, '0', '["morning_and_evening"]', 0.0000, NULL, NULL, NULL, NULL),
	(2641, 104, 23, '0', '["morning_and_evening"]', 0.0000, NULL, NULL, NULL, NULL),
	(2642, 104, 24, '0', '["morning_and_evening"]', 0.0000, NULL, NULL, NULL, NULL),
	(2643, 104, 25, '0', '["morning_and_evening"]', 0.0000, NULL, NULL, NULL, NULL),
	(2644, 104, 30, '0', '["morning_and_evening"]', 0.0000, NULL, NULL, NULL, NULL),
	(2645, 104, 31, '0', '["morning_and_evening"]', 0.0000, NULL, NULL, NULL, NULL),
	(2646, 104, 32, '0', '["morning_and_evening"]', 0.0000, NULL, NULL, NULL, NULL),
	(2647, 104, 33, '0', '["morning_and_evening"]', 0.0000, NULL, NULL, NULL, NULL),
	(2648, 104, 34, '0', '["morning_and_evening"]', 0.0000, NULL, NULL, NULL, NULL),
	(2649, 104, 144, '0', '["morning_and_evening"]', 0.0000, NULL, NULL, NULL, NULL),
	(2650, 104, 145, '0', '["morning_and_evening"]', 0.0000, NULL, NULL, NULL, NULL),
	(2651, 104, 146, '0', '["morning_and_evening"]', 0.0000, NULL, NULL, NULL, NULL),
	(2652, 104, 147, '0', '["morning_and_evening"]', 0.0000, NULL, NULL, NULL, NULL),
	(2653, 104, 148, '0', '["morning_and_evening"]', 0.0000, NULL, NULL, NULL, NULL),
	(2654, 104, 35, '0', '["morning_and_evening"]', 0.0000, NULL, NULL, NULL, NULL),
	(2655, 104, 36, '0', '["morning_and_evening"]', 0.0000, NULL, NULL, NULL, NULL),
	(2656, 104, 37, '0', '["morning_and_evening"]', 0.0000, NULL, NULL, NULL, NULL),
	(2657, 104, 38, '0', '["morning_and_evening"]', 0.0000, NULL, NULL, NULL, NULL),
	(2658, 104, 39, '0', '["morning_and_evening"]', 0.0000, NULL, NULL, NULL, NULL),
	(2659, 104, 40, '0', '["morning_and_evening"]', 0.0000, NULL, NULL, NULL, NULL),
	(2660, 104, 41, '0', '["morning_and_evening"]', 0.0000, NULL, NULL, NULL, NULL),
	(2661, 104, 42, '0', '["morning_and_evening"]', 0.0000, NULL, NULL, NULL, NULL),
	(2662, 104, 43, '0', '["morning_and_evening"]', 0.0000, NULL, NULL, NULL, NULL),
	(2663, 104, 44, '0', '["morning_and_evening"]', 0.0000, NULL, NULL, NULL, NULL),
	(2664, 104, 51, '0', '["morning_and_evening"]', 0.0000, NULL, NULL, NULL, NULL),
	(2665, 104, 52, '0', '["morning_and_evening"]', 0.0000, NULL, NULL, NULL, NULL),
	(2666, 104, 53, '0', '["morning_and_evening"]', 0.0000, NULL, NULL, NULL, NULL),
	(2667, 104, 54, '0', '["morning_and_evening"]', 0.0000, NULL, NULL, NULL, NULL),
	(2668, 104, 55, '0', '["morning_and_evening"]', 0.0000, NULL, NULL, NULL, NULL),
	(2669, 104, 56, '0', '["morning_and_evening"]', 0.0000, NULL, NULL, NULL, NULL),
	(2670, 104, 57, '0', '["morning_and_evening"]', 0.0000, NULL, NULL, NULL, NULL),
	(2671, 104, 58, '0', '["morning_and_evening"]', 0.0000, NULL, NULL, NULL, NULL),
	(2672, 104, 59, '0', '["morning_and_evening"]', 0.0000, NULL, NULL, NULL, NULL),
	(2673, 104, 60, '0', '["morning_and_evening"]', 0.0000, NULL, NULL, NULL, NULL),
	(2674, 104, 64, '0', '["morning_and_evening"]', 0.0000, NULL, NULL, NULL, NULL),
	(2675, 104, 65, '0', '["morning_and_evening"]', 0.0000, NULL, NULL, NULL, NULL),
	(2676, 104, 66, '0', '["morning_and_evening"]', 0.0000, NULL, NULL, NULL, NULL),
	(2677, 104, 178, '0', '["morning_and_evening"]', 0.0000, NULL, NULL, NULL, NULL),
	(2678, 104, 179, '0', '["morning_and_evening"]', 0.0000, NULL, NULL, NULL, NULL),
	(2679, 104, 180, '0', '["morning_and_evening"]', 0.0000, NULL, NULL, NULL, NULL),
	(2680, 104, 67, '0', '["morning_and_evening"]', 0.0000, NULL, NULL, NULL, NULL),
	(2681, 104, 68, '0', '["morning_and_evening"]', 0.0000, NULL, NULL, NULL, NULL),
	(2682, 104, 69, '0', '["morning_and_evening"]', 0.0000, NULL, NULL, NULL, NULL),
	(2683, 104, 181, '0', '["morning_and_evening"]', 0.0000, NULL, NULL, NULL, NULL),
	(2684, 104, 182, '0', '["morning_and_evening"]', 0.0000, NULL, NULL, NULL, NULL),
	(2685, 104, 183, '0', '["morning_and_evening"]', 0.0000, NULL, NULL, NULL, NULL),
	(2686, 104, 70, '0', '["morning_and_evening"]', 0.0000, NULL, NULL, NULL, NULL),
	(2687, 104, 71, '0', '["morning_and_evening"]', 0.0000, NULL, NULL, NULL, NULL),
	(2688, 104, 72, '0', '["morning_and_evening"]', 0.0000, NULL, NULL, NULL, NULL),
	(2689, 104, 73, '0', '["morning_and_evening"]', 0.0000, NULL, NULL, NULL, NULL),
	(2690, 104, 74, '0', '["morning_and_evening"]', 0.0000, NULL, NULL, NULL, NULL),
	(2691, 104, 75, '0', '["morning_and_evening"]', 0.0000, NULL, NULL, NULL, NULL),
	(2692, 104, 76, '0', '["morning_and_evening"]', 0.0000, NULL, NULL, NULL, NULL),
	(2693, 104, 77, '0', '["morning_and_evening"]', 0.0000, NULL, NULL, NULL, NULL),
	(2694, 104, 78, '0', '["morning_and_evening"]', 0.0000, NULL, NULL, NULL, NULL),
	(2695, 104, 79, '0', '["morning_and_evening"]', 0.0000, NULL, NULL, NULL, NULL),
	(2696, 104, 109, '0', '["morning_and_evening"]', 0.0000, NULL, NULL, NULL, NULL),
	(2697, 104, 110, '0', '["morning_and_evening"]', 0.0000, NULL, NULL, NULL, NULL),
	(2698, 104, 111, '0', '["morning_and_evening"]', 0.0000, NULL, NULL, NULL, NULL),
	(2699, 104, 112, '0', '["morning_and_evening"]', 0.0000, NULL, NULL, NULL, NULL),
	(2700, 104, 113, '0', '["morning_and_evening"]', 0.0000, NULL, NULL, NULL, NULL),
	(2701, 104, 114, '0', '["morning_and_evening"]', 0.0000, NULL, NULL, NULL, NULL),
	(2702, 104, 223, '0', '["morning_and_evening"]', 0.0000, NULL, NULL, NULL, NULL),
	(2703, 104, 224, '0', '["morning_and_evening"]', 0.0000, NULL, NULL, NULL, NULL),
	(2704, 104, 225, '0', '["morning_and_evening"]', 0.0000, NULL, NULL, NULL, NULL),
	(2705, 104, 226, '0', '["morning_and_evening"]', 0.0000, NULL, NULL, NULL, NULL),
	(2706, 104, 11, '0', '["morning_and_evening"]', 0.0000, NULL, NULL, NULL, NULL),
	(2707, 104, 12, '0', '["morning_and_evening"]', 0.0000, NULL, NULL, NULL, NULL),
	(2708, 104, 13, '0', '["morning_and_evening"]', 0.0000, NULL, NULL, NULL, NULL),
	(2709, 104, 14, '0', '["morning_and_evening"]', 0.0000, NULL, NULL, NULL, NULL),
	(2710, 104, 15, '0', '["morning_and_evening"]', 0.0000, NULL, NULL, NULL, NULL),
	(2711, 104, 115, '0', '["morning_and_evening"]', 0.0000, NULL, NULL, NULL, NULL),
	(2712, 104, 116, '0', '["morning_and_evening"]', 0.0000, NULL, NULL, NULL, NULL),
	(2713, 104, 117, '0', '["morning_and_evening"]', 0.0000, NULL, NULL, NULL, NULL),
	(2714, 104, 118, '0', '["morning_and_evening"]', 0.0000, NULL, NULL, NULL, NULL),
	(2715, 104, 119, '0', '["morning_and_evening"]', 0.0000, NULL, NULL, NULL, NULL),
	(2716, 104, 120, '0', '["morning_and_evening"]', 0.0000, NULL, NULL, NULL, NULL),
	(2717, 104, 121, '0', '["morning_and_evening"]', 0.0000, NULL, NULL, NULL, NULL),
	(2718, 104, 122, '0', '["morning_and_evening"]', 0.0000, NULL, NULL, NULL, NULL),
	(2719, 104, 123, '0', '["morning_and_evening"]', 0.0000, NULL, NULL, NULL, NULL),
	(2720, 104, 124, '0', '["morning_and_evening"]', 0.0000, NULL, NULL, NULL, NULL),
	(2721, 104, 125, '0', '["morning_and_evening"]', 0.0000, NULL, NULL, NULL, NULL),
	(2722, 104, 126, '0', '["morning_and_evening"]', 0.0000, NULL, NULL, NULL, NULL),
	(2723, 104, 127, '0', '["morning_and_evening"]', 0.0000, NULL, NULL, NULL, NULL),
	(2724, 104, 128, '0', '["morning_and_evening"]', 0.0000, NULL, NULL, NULL, NULL),
	(2725, 104, 129, '0', '["morning_and_evening"]', 0.0000, NULL, NULL, NULL, NULL),
	(2726, 104, 26, '0', '["morning_and_evening"]', 0.0000, NULL, NULL, NULL, NULL),
	(2727, 104, 27, '0', '["morning_and_evening"]', 0.0000, NULL, NULL, NULL, NULL),
	(2728, 104, 28, '0', '["morning_and_evening"]', 0.0000, NULL, NULL, NULL, NULL),
	(2729, 104, 29, '0', '["morning_and_evening"]', 0.0000, NULL, NULL, NULL, NULL),
	(2730, 104, 130, '0', '["morning_and_evening"]', 0.0000, NULL, NULL, NULL, NULL),
	(2731, 104, 131, '0', '["morning_and_evening"]', 0.0000, NULL, NULL, NULL, NULL),
	(2732, 104, 132, '0', '["morning_and_evening"]', 0.0000, NULL, NULL, NULL, NULL),
	(2733, 104, 133, '0', '["morning_and_evening"]', 0.0000, NULL, NULL, NULL, NULL),
	(2734, 104, 134, '0', '["morning_and_evening"]', 0.0000, NULL, NULL, NULL, NULL),
	(2735, 104, 135, '0', '["morning_and_evening"]', 0.0000, NULL, NULL, NULL, NULL),
	(2736, 104, 136, '0', '["morning_and_evening"]', 0.0000, NULL, NULL, NULL, NULL),
	(2737, 104, 137, '0', '["morning_and_evening"]', 0.0000, NULL, NULL, NULL, NULL),
	(2738, 104, 138, '0', '["morning_and_evening"]', 0.0000, NULL, NULL, NULL, NULL),
	(2739, 104, 139, '0', '["morning_and_evening"]', 0.0000, NULL, NULL, NULL, NULL),
	(2740, 104, 140, '0', '["morning_and_evening"]', 0.0000, NULL, NULL, NULL, NULL),
	(2741, 104, 141, '0', '["morning_and_evening"]', 0.0000, NULL, NULL, NULL, NULL),
	(2742, 104, 142, '0', '["morning_and_evening"]', 0.0000, NULL, NULL, NULL, NULL),
	(2743, 104, 143, '0', '["morning_and_evening"]', 0.0000, NULL, NULL, NULL, NULL),
	(2744, 104, 45, '0', '["morning_and_evening"]', 0.0000, NULL, NULL, NULL, NULL),
	(2745, 104, 46, '0', '["morning_and_evening"]', 0.0000, NULL, NULL, NULL, NULL),
	(2746, 104, 47, '0', '["morning_and_evening"]', 0.0000, NULL, NULL, NULL, NULL),
	(2747, 104, 48, '0', '["morning_and_evening"]', 0.0000, NULL, NULL, NULL, NULL),
	(2748, 104, 49, '0', '["morning_and_evening"]', 0.0000, NULL, NULL, NULL, NULL),
	(2749, 104, 50, '0', '["morning_and_evening"]', 0.0000, NULL, NULL, NULL, NULL),
	(2750, 104, 149, '0', '["morning_and_evening"]', 0.0000, NULL, NULL, NULL, NULL),
	(2751, 104, 150, '0', '["morning_and_evening"]', 0.0000, NULL, NULL, NULL, NULL),
	(2752, 104, 151, '0', '["morning_and_evening"]', 0.0000, NULL, NULL, NULL, NULL),
	(2753, 104, 152, '0', '["morning_and_evening"]', 0.0000, NULL, NULL, NULL, NULL),
	(2754, 104, 153, '0', '["morning_and_evening"]', 0.0000, NULL, NULL, NULL, NULL),
	(2755, 104, 154, '0', '["morning_and_evening"]', 0.0000, NULL, NULL, NULL, NULL),
	(2756, 104, 155, '0', '["morning_and_evening"]', 0.0000, NULL, NULL, NULL, NULL),
	(2757, 104, 156, '0', '["morning_and_evening"]', 0.0000, NULL, NULL, NULL, NULL),
	(2758, 104, 157, '0', '["morning_and_evening"]', 0.0000, NULL, NULL, NULL, NULL),
	(2759, 104, 158, '0', '["morning_and_evening"]', 0.0000, NULL, NULL, NULL, NULL),
	(2760, 104, 159, '0', '["morning_and_evening"]', 0.0000, NULL, NULL, NULL, NULL),
	(2761, 104, 160, '0', '["morning_and_evening"]', 0.0000, NULL, NULL, NULL, NULL),
	(2762, 104, 161, '0', '["morning_and_evening"]', 0.0000, NULL, NULL, NULL, NULL),
	(2763, 104, 162, '0', '["morning_and_evening"]', 0.0000, NULL, NULL, NULL, NULL),
	(2764, 104, 163, '0', '["morning_and_evening"]', 0.0000, NULL, NULL, NULL, NULL),
	(2765, 104, 164, '0', '["morning_and_evening"]', 0.0000, NULL, NULL, NULL, NULL),
	(2766, 104, 61, '0', '["morning_and_evening"]', 0.0000, NULL, NULL, NULL, NULL),
	(2767, 104, 62, '0', '["morning_and_evening"]', 0.0000, NULL, NULL, NULL, NULL),
	(2768, 104, 63, '0', '["morning_and_evening"]', 0.0000, NULL, NULL, NULL, NULL),
	(2769, 104, 165, '0', '["morning_and_evening"]', 0.0000, NULL, NULL, NULL, NULL),
	(2770, 104, 166, '0', '["morning_and_evening"]', 0.0000, NULL, NULL, NULL, NULL),
	(2771, 104, 167, '0', '["morning_and_evening"]', 0.0000, NULL, NULL, NULL, NULL),
	(2772, 104, 168, '0', '["morning_and_evening"]', 0.0000, NULL, NULL, NULL, NULL),
	(2773, 104, 169, '0', '["morning_and_evening"]', 0.0000, NULL, NULL, NULL, NULL),
	(2774, 104, 170, '0', '["morning_and_evening"]', 0.0000, NULL, NULL, NULL, NULL),
	(2775, 104, 171, '0', '["morning_and_evening"]', 0.0000, NULL, NULL, NULL, NULL),
	(2776, 104, 172, '0', '["morning_and_evening"]', 0.0000, NULL, NULL, NULL, NULL),
	(2777, 104, 173, '0', '["morning_and_evening"]', 0.0000, NULL, NULL, NULL, NULL),
	(2778, 104, 174, '0', '["morning_and_evening"]', 0.0000, NULL, NULL, NULL, NULL),
	(2779, 104, 175, '0', '["morning_and_evening"]', 0.0000, NULL, NULL, NULL, NULL),
	(2780, 104, 176, '0', '["morning_and_evening"]', 0.0000, NULL, NULL, NULL, NULL),
	(2781, 104, 177, '0', '["morning_and_evening"]', 0.0000, NULL, NULL, NULL, NULL),
	(2782, 104, 80, '0', '["morning_and_evening"]', 0.0000, NULL, NULL, NULL, NULL),
	(2783, 104, 81, '0', '["morning_and_evening"]', 0.0000, NULL, NULL, NULL, NULL),
	(2784, 104, 82, '0', '["morning_and_evening"]', 0.0000, NULL, NULL, NULL, NULL),
	(2785, 104, 83, '0', '["morning_and_evening"]', 0.0000, NULL, NULL, NULL, NULL),
	(2786, 104, 84, '0', '["morning_and_evening"]', 0.0000, NULL, NULL, NULL, NULL),
	(2787, 104, 85, '0', '["morning_and_evening"]', 0.0000, NULL, NULL, NULL, NULL),
	(2788, 104, 86, '0', '["morning_and_evening"]', 0.0000, NULL, NULL, NULL, NULL),
	(2789, 104, 87, '0', '["morning_and_evening"]', 0.0000, NULL, NULL, NULL, NULL),
	(2790, 104, 88, '0', '["morning_and_evening"]', 0.0000, NULL, NULL, NULL, NULL),
	(2791, 104, 89, '0', '["morning_and_evening"]', 0.0000, NULL, NULL, NULL, NULL),
	(2792, 104, 90, '0', '["morning_and_evening"]', 0.0000, NULL, NULL, NULL, NULL),
	(2793, 104, 91, '0', '["morning_and_evening"]', 0.0000, NULL, NULL, NULL, NULL),
	(2794, 104, 92, '0', '["morning_and_evening"]', 0.0000, NULL, NULL, NULL, NULL),
	(2795, 104, 93, '0', '["morning_and_evening"]', 0.0000, NULL, NULL, NULL, NULL),
	(2796, 104, 94, '0', '["morning_and_evening"]', 0.0000, NULL, NULL, NULL, NULL),
	(2797, 104, 95, '0', '["morning_and_evening"]', 0.0000, NULL, NULL, NULL, NULL),
	(2798, 104, 96, '0', '["morning_and_evening"]', 0.0000, NULL, NULL, NULL, NULL),
	(2799, 104, 97, '0', '["morning_and_evening"]', 0.0000, NULL, NULL, NULL, NULL),
	(2800, 104, 98, '0', '["morning_and_evening"]', 0.0000, NULL, NULL, NULL, NULL),
	(2801, 104, 99, '0', '["morning_and_evening"]', 0.0000, NULL, NULL, NULL, NULL),
	(2802, 104, 100, '0', '["morning_and_evening"]', 0.0000, NULL, NULL, NULL, NULL),
	(2803, 104, 101, '0', '["morning_and_evening"]', 0.0000, NULL, NULL, NULL, NULL),
	(2804, 104, 102, '0', '["morning_and_evening"]', 0.0000, NULL, NULL, NULL, NULL),
	(2805, 104, 103, '0', '["morning_and_evening"]', 0.0000, NULL, NULL, NULL, NULL),
	(2806, 104, 104, '0', '["morning_and_evening"]', 0.0000, NULL, NULL, NULL, NULL),
	(2807, 104, 105, '0', '["morning_and_evening"]', 0.0000, NULL, NULL, NULL, NULL),
	(2808, 104, 106, '0', '["morning_and_evening"]', 0.0000, NULL, NULL, NULL, NULL),
	(2809, 104, 107, '0', '["morning_and_evening"]', 0.0000, NULL, NULL, NULL, NULL),
	(2810, 104, 108, '0', '["morning_and_evening"]', 0.0000, NULL, NULL, NULL, NULL),
	(2811, 104, 184, '0', '["morning_and_evening"]', 0.0000, NULL, NULL, NULL, NULL),
	(2812, 104, 185, '0', '["morning_and_evening"]', 0.0000, NULL, NULL, NULL, NULL),
	(2813, 104, 186, '0', '["morning_and_evening"]', 0.0000, NULL, NULL, NULL, NULL),
	(2814, 104, 187, '0', '["morning_and_evening"]', 0.0000, NULL, NULL, NULL, NULL),
	(2815, 104, 188, '0', '["morning_and_evening"]', 0.0000, NULL, NULL, NULL, NULL),
	(2816, 104, 189, '0', '["morning_and_evening"]', 0.0000, NULL, NULL, NULL, NULL),
	(2817, 104, 190, '0', '["morning_and_evening"]', 0.0000, NULL, NULL, NULL, NULL),
	(2818, 104, 191, '0', '["morning_and_evening"]', 0.0000, NULL, NULL, NULL, NULL),
	(2819, 104, 192, '0', '["morning_and_evening"]', 0.0000, NULL, NULL, NULL, NULL),
	(2820, 104, 193, '0', '["morning_and_evening"]', 0.0000, NULL, NULL, NULL, NULL),
	(2821, 104, 194, '0', '["morning_and_evening"]', 0.0000, NULL, NULL, NULL, NULL),
	(2822, 104, 195, '0', '["morning_and_evening"]', 0.0000, NULL, NULL, NULL, NULL),
	(2823, 104, 196, '0', '["morning_and_evening"]', 0.0000, NULL, NULL, NULL, NULL),
	(2824, 104, 197, '0', '["morning_and_evening"]', 0.0000, NULL, NULL, NULL, NULL),
	(2825, 104, 198, '0', '["morning_and_evening"]', 0.0000, NULL, NULL, NULL, NULL),
	(2826, 104, 199, '0', '["morning_and_evening"]', 0.0000, NULL, NULL, NULL, NULL),
	(2827, 104, 200, '0', '["morning_and_evening"]', 0.0000, NULL, NULL, NULL, NULL),
	(2828, 104, 201, '0', '["morning_and_evening"]', 0.0000, NULL, NULL, NULL, NULL),
	(2829, 104, 202, '0', '["morning_and_evening"]', 0.0000, NULL, NULL, NULL, NULL),
	(2830, 104, 203, '0', '["morning_and_evening"]', 0.0000, NULL, NULL, NULL, NULL),
	(2831, 104, 204, '0', '["morning_and_evening"]', 0.0000, NULL, NULL, NULL, NULL),
	(2832, 104, 205, '0', '["morning_and_evening"]', 0.0000, NULL, NULL, NULL, NULL),
	(2833, 104, 206, '0', '["morning_and_evening"]', 0.0000, NULL, NULL, NULL, NULL),
	(2834, 104, 207, '0', '["morning_and_evening"]', 0.0000, NULL, NULL, NULL, NULL),
	(2835, 104, 208, '0', '["morning_and_evening"]', 0.0000, NULL, NULL, NULL, NULL),
	(2836, 104, 209, '0', '["morning_and_evening"]', 0.0000, NULL, NULL, NULL, NULL),
	(2837, 104, 210, '0', '["morning_and_evening"]', 0.0000, NULL, NULL, NULL, NULL),
	(2838, 104, 211, '0', '["morning_and_evening"]', 0.0000, NULL, NULL, NULL, NULL),
	(2839, 104, 212, '0', '["morning_and_evening"]', 0.0000, NULL, NULL, NULL, NULL),
	(2840, 104, 213, '0', '["morning_and_evening"]', 0.0000, NULL, NULL, NULL, NULL),
	(2841, 104, 214, '0', '["morning_and_evening"]', 0.0000, NULL, NULL, NULL, NULL),
	(2842, 104, 215, '0', '["morning_and_evening"]', 0.0000, NULL, NULL, NULL, NULL),
	(2843, 104, 216, '0', '["morning_and_evening"]', 0.0000, NULL, NULL, NULL, NULL),
	(2844, 104, 217, '0', '["morning_and_evening"]', 0.0000, NULL, NULL, NULL, NULL),
	(2845, 104, 218, '0', '["morning_and_evening"]', 0.0000, NULL, NULL, NULL, NULL),
	(2846, 104, 219, '0', '["morning_and_evening"]', 0.0000, NULL, NULL, NULL, NULL),
	(2847, 104, 220, '0', '["morning_and_evening"]', 0.0000, NULL, NULL, NULL, NULL),
	(2848, 104, 221, '0', '["morning_and_evening"]', 0.0000, NULL, NULL, NULL, NULL),
	(2849, 104, 222, '0', '["morning_and_evening"]', 0.0000, NULL, NULL, NULL, NULL),
	(2850, 104, 227, '0', '["morning_and_evening"]', 0.0000, NULL, NULL, NULL, NULL),
	(2851, 104, 228, '0', '["morning_and_evening"]', 0.0000, NULL, NULL, NULL, NULL),
	(2852, 111, 1, '0', '"morning_and_evening"', 0.0000, NULL, NULL, NULL, NULL),
	(2853, 111, 2, '100', '"bedtime"', 100.0000, NULL, NULL, NULL, NULL),
	(2854, 111, 3, '25', '"lunch"', 25.0000, NULL, NULL, NULL, NULL),
	(2855, 111, 4, '50', '"evening"', 50.0000, NULL, NULL, NULL, NULL),
	(2856, 111, 5, '0', '"morning_and_evening"', 0.0000, NULL, NULL, NULL, NULL),
	(2857, 111, 6, '0', '"morning_and_evening"', 0.0000, NULL, NULL, NULL, NULL),
	(2858, 111, 7, '900', '"evening"', 900.0000, NULL, NULL, NULL, NULL),
	(2859, 111, 8, '0', '"morning_and_evening"', 0.0000, NULL, NULL, NULL, NULL),
	(2860, 111, 9, '0', '"morning_and_evening"', 0.0000, NULL, NULL, NULL, NULL),
	(2861, 111, 10, '0', '"morning_and_evening"', 0.0000, NULL, NULL, NULL, NULL),
	(2862, 111, 16, '0', '"morning_and_evening"', 0.0000, NULL, NULL, NULL, NULL),
	(2863, 111, 17, '0', '"morning_and_evening"', 0.0000, NULL, NULL, NULL, NULL),
	(2864, 111, 18, '0', '"morning_and_evening"', 0.0000, NULL, NULL, NULL, NULL),
	(2865, 111, 19, '0', '"morning_and_evening"', 0.0000, NULL, NULL, NULL, NULL),
	(2866, 111, 20, '0', '"morning_and_evening"', 0.0000, NULL, NULL, NULL, NULL),
	(2867, 111, 21, '0', '"morning_and_evening"', 0.0000, NULL, NULL, NULL, NULL),
	(2868, 111, 22, '0', '"morning_and_evening"', 0.0000, NULL, NULL, NULL, NULL),
	(2869, 111, 23, '0', '"morning_and_evening"', 0.0000, NULL, NULL, NULL, NULL),
	(2870, 111, 24, '0', '"morning_and_evening"', 0.0000, NULL, NULL, NULL, NULL),
	(2871, 111, 25, '0', '"morning_and_evening"', 0.0000, NULL, NULL, NULL, NULL),
	(2872, 111, 30, '0', '"morning_and_evening"', 0.0000, NULL, NULL, NULL, NULL),
	(2873, 111, 31, '0', '"morning_and_evening"', 0.0000, NULL, NULL, NULL, NULL),
	(2874, 111, 32, '0', '"morning_and_evening"', 0.0000, NULL, NULL, NULL, NULL),
	(2875, 111, 33, '0', '"morning_and_evening"', 0.0000, NULL, NULL, NULL, NULL),
	(2876, 111, 34, '0', '"morning_and_evening"', 0.0000, NULL, NULL, NULL, NULL),
	(2877, 111, 144, '0', '"morning_and_evening"', 0.0000, NULL, NULL, NULL, NULL),
	(2878, 111, 145, '0', '"morning_and_evening"', 0.0000, NULL, NULL, NULL, NULL),
	(2879, 111, 146, '0', '"morning_and_evening"', 0.0000, NULL, NULL, NULL, NULL),
	(2880, 111, 147, '0', '"morning_and_evening"', 0.0000, NULL, NULL, NULL, NULL),
	(2881, 111, 148, '0', '"morning_and_evening"', 0.0000, NULL, NULL, NULL, NULL),
	(2882, 111, 35, '0', '"morning_and_evening"', 0.0000, NULL, NULL, NULL, NULL),
	(2883, 111, 36, '0', '"morning_and_evening"', 0.0000, NULL, NULL, NULL, NULL),
	(2884, 111, 37, '0', '"morning_and_evening"', 0.0000, NULL, NULL, NULL, NULL),
	(2885, 111, 38, '0', '"morning_and_evening"', 0.0000, NULL, NULL, NULL, NULL),
	(2886, 111, 39, '0', '"morning_and_evening"', 0.0000, NULL, NULL, NULL, NULL),
	(2887, 111, 40, '0', '"morning_and_evening"', 0.0000, NULL, NULL, NULL, NULL),
	(2888, 111, 41, '0', '"morning_and_evening"', 0.0000, NULL, NULL, NULL, NULL),
	(2889, 111, 42, '0', '"morning_and_evening"', 0.0000, NULL, NULL, NULL, NULL),
	(2890, 111, 43, '0', '"morning_and_evening"', 0.0000, NULL, NULL, NULL, NULL),
	(2891, 111, 44, '0', '"morning_and_evening"', 0.0000, NULL, NULL, NULL, NULL),
	(2892, 111, 51, '0', '"morning_and_evening"', 0.0000, NULL, NULL, NULL, NULL),
	(2893, 111, 52, '0', '"morning_and_evening"', 0.0000, NULL, NULL, NULL, NULL),
	(2894, 111, 53, '0', '"morning_and_evening"', 0.0000, NULL, NULL, NULL, NULL),
	(2895, 111, 54, '0', '"morning_and_evening"', 0.0000, NULL, NULL, NULL, NULL),
	(2896, 111, 55, '0', '"morning_and_evening"', 0.0000, NULL, NULL, NULL, NULL),
	(2897, 111, 56, '0', '"morning_and_evening"', 0.0000, NULL, NULL, NULL, NULL),
	(2898, 111, 57, '0', '"morning_and_evening"', 0.0000, NULL, NULL, NULL, NULL),
	(2899, 111, 58, '0', '"morning_and_evening"', 0.0000, NULL, NULL, NULL, NULL),
	(2900, 111, 59, '0', '"morning_and_evening"', 0.0000, NULL, NULL, NULL, NULL),
	(2901, 111, 60, '0', '"morning_and_evening"', 0.0000, NULL, NULL, NULL, NULL),
	(2902, 111, 64, '0', '"morning_and_evening"', 0.0000, NULL, NULL, NULL, NULL),
	(2903, 111, 65, '0', '"morning_and_evening"', 0.0000, NULL, NULL, NULL, NULL),
	(2904, 111, 66, '0', '"morning_and_evening"', 0.0000, NULL, NULL, NULL, NULL),
	(2905, 111, 178, '0', '"morning_and_evening"', 0.0000, NULL, NULL, NULL, NULL),
	(2906, 111, 179, '0', '"morning_and_evening"', 0.0000, NULL, NULL, NULL, NULL),
	(2907, 111, 180, '0', '"morning_and_evening"', 0.0000, NULL, NULL, NULL, NULL),
	(2908, 111, 67, '0', '"morning_and_evening"', 0.0000, NULL, NULL, NULL, NULL),
	(2909, 111, 68, '0', '"morning_and_evening"', 0.0000, NULL, NULL, NULL, NULL),
	(2910, 111, 69, '0', '"morning_and_evening"', 0.0000, NULL, NULL, NULL, NULL),
	(2911, 111, 181, '0', '"morning_and_evening"', 0.0000, NULL, NULL, NULL, NULL),
	(2912, 111, 182, '0', '"morning_and_evening"', 0.0000, NULL, NULL, NULL, NULL),
	(2913, 111, 183, '0', '"morning_and_evening"', 0.0000, NULL, NULL, NULL, NULL),
	(2914, 111, 70, '0', '"morning_and_evening"', 0.0000, NULL, NULL, NULL, NULL),
	(2915, 111, 71, '0', '"morning_and_evening"', 0.0000, NULL, NULL, NULL, NULL),
	(2916, 111, 72, '0', '"morning_and_evening"', 0.0000, NULL, NULL, NULL, NULL),
	(2917, 111, 73, '0', '"morning_and_evening"', 0.0000, NULL, NULL, NULL, NULL),
	(2918, 111, 74, '0', '"morning_and_evening"', 0.0000, NULL, NULL, NULL, NULL),
	(2919, 111, 75, '0', '"morning_and_evening"', 0.0000, NULL, NULL, NULL, NULL),
	(2920, 111, 76, '0', '"morning_and_evening"', 0.0000, NULL, NULL, NULL, NULL),
	(2921, 111, 77, '0', '"morning_and_evening"', 0.0000, NULL, NULL, NULL, NULL),
	(2922, 111, 78, '0', '"morning_and_evening"', 0.0000, NULL, NULL, NULL, NULL),
	(2923, 111, 79, '0', '"morning_and_evening"', 0.0000, NULL, NULL, NULL, NULL),
	(2924, 111, 109, '0', '"morning_and_evening"', 0.0000, NULL, NULL, NULL, NULL),
	(2925, 111, 110, '0', '"morning_and_evening"', 0.0000, NULL, NULL, NULL, NULL),
	(2926, 111, 111, '0', '"morning_and_evening"', 0.0000, NULL, NULL, NULL, NULL),
	(2927, 111, 112, '0', '"morning_and_evening"', 0.0000, NULL, NULL, NULL, NULL),
	(2928, 111, 113, '0', '"morning_and_evening"', 0.0000, NULL, NULL, NULL, NULL),
	(2929, 111, 114, '0', '"morning_and_evening"', 0.0000, NULL, NULL, NULL, NULL),
	(2930, 111, 223, '0', '"morning_and_evening"', 0.0000, NULL, NULL, NULL, NULL),
	(2931, 111, 224, '0', '"morning_and_evening"', 0.0000, NULL, NULL, NULL, NULL),
	(2932, 111, 225, '0', '"morning_and_evening"', 0.0000, NULL, NULL, NULL, NULL),
	(2933, 111, 226, '0', '"morning_and_evening"', 0.0000, NULL, NULL, NULL, NULL),
	(3093, 112, 19, '0', '"morning_and_evening"', 0.0000, NULL, NULL, NULL, NULL),
	(3092, 112, 18, '0', '"morning_and_evening"', 0.0000, NULL, NULL, NULL, NULL),
	(3091, 112, 17, '0', '"morning_and_evening"', 0.0000, NULL, NULL, NULL, NULL),
	(3090, 112, 16, '0', '"morning_and_evening"', 0.0000, NULL, NULL, NULL, NULL),
	(3089, 112, 10, '0', '"morning_and_evening"', 0.0000, NULL, NULL, NULL, NULL),
	(3088, 112, 9, '0', '"morning_and_evening"', 0.0000, NULL, NULL, NULL, NULL),
	(3087, 112, 8, '0', '"morning_and_evening"', 0.0000, NULL, NULL, NULL, NULL),
	(3086, 112, 7, '0', '"morning_and_evening"', 0.0000, NULL, NULL, NULL, NULL),
	(3085, 112, 6, '0', '"morning_and_evening"', 0.0000, NULL, NULL, NULL, NULL),
	(3084, 112, 5, '-250', '"lunch"', -250.0000, NULL, NULL, NULL, NULL),
	(3083, 112, 4, '0', '"morning_and_evening"', 0.0000, NULL, NULL, NULL, NULL),
	(3162, 91, 2, '0', '"morning_and_evening"', 0.0000, NULL, NULL, NULL, NULL),
	(3082, 112, 3, '10', '"lunch"', 10.0000, NULL, NULL, NULL, NULL),
	(3081, 112, 2, '0', '"morning_and_evening"', 0.0000, NULL, NULL, NULL, NULL),
	(3080, 112, 1, '0', '"morning_and_evening"', 0.0000, NULL, NULL, NULL, NULL),
	(2934, 111, 11, '0', '["morning_and_evening"]', 0.0000, NULL, NULL, NULL, NULL),
	(2935, 111, 12, '0', '["morning_and_evening"]', 0.0000, NULL, NULL, NULL, NULL),
	(2936, 111, 13, '0', '["morning_and_evening"]', 0.0000, NULL, NULL, NULL, NULL),
	(2937, 111, 14, '0', '["morning_and_evening"]', 0.0000, NULL, NULL, NULL, NULL),
	(2938, 111, 15, '0', '["morning_and_evening"]', 0.0000, NULL, NULL, NULL, NULL),
	(2939, 111, 115, '0', '["morning_and_evening"]', 0.0000, NULL, NULL, NULL, NULL),
	(2940, 111, 116, '0', '["morning_and_evening"]', 0.0000, NULL, NULL, NULL, NULL),
	(2941, 111, 117, '0', '["morning_and_evening"]', 0.0000, NULL, NULL, NULL, NULL),
	(2942, 111, 118, '0', '["morning_and_evening"]', 0.0000, NULL, NULL, NULL, NULL),
	(2943, 111, 119, '0', '["morning_and_evening"]', 0.0000, NULL, NULL, NULL, NULL),
	(2944, 111, 120, '0', '["morning_and_evening"]', 0.0000, NULL, NULL, NULL, NULL),
	(2945, 111, 121, '0', '["morning_and_evening"]', 0.0000, NULL, NULL, NULL, NULL),
	(2946, 111, 122, '0', '["morning_and_evening"]', 0.0000, NULL, NULL, NULL, NULL),
	(2947, 111, 123, '0', '["morning_and_evening"]', 0.0000, NULL, NULL, NULL, NULL),
	(2948, 111, 124, '0', '["morning_and_evening"]', 0.0000, NULL, NULL, NULL, NULL),
	(2949, 111, 125, '0', '["morning_and_evening"]', 0.0000, NULL, NULL, NULL, NULL),
	(2950, 111, 126, '0', '["morning_and_evening"]', 0.0000, NULL, NULL, NULL, NULL),
	(2951, 111, 127, '0', '["morning_and_evening"]', 0.0000, NULL, NULL, NULL, NULL),
	(2952, 111, 128, '0', '["morning_and_evening"]', 0.0000, NULL, NULL, NULL, NULL),
	(2953, 111, 129, '0', '["morning_and_evening"]', 0.0000, NULL, NULL, NULL, NULL),
	(2954, 111, 26, '0', '["morning_and_evening"]', 0.0000, NULL, NULL, NULL, NULL),
	(2955, 111, 27, '0', '["morning_and_evening"]', 0.0000, NULL, NULL, NULL, NULL),
	(2956, 111, 28, '0', '["morning_and_evening"]', 0.0000, NULL, NULL, NULL, NULL),
	(2957, 111, 29, '0', '["morning_and_evening"]', 0.0000, NULL, NULL, NULL, NULL),
	(2958, 111, 130, '0', '["morning_and_evening"]', 0.0000, NULL, NULL, NULL, NULL),
	(2959, 111, 131, '0', '["morning_and_evening"]', 0.0000, NULL, NULL, NULL, NULL),
	(2960, 111, 132, '0', '["morning_and_evening"]', 0.0000, NULL, NULL, NULL, NULL),
	(2961, 111, 133, '0', '["morning_and_evening"]', 0.0000, NULL, NULL, NULL, NULL),
	(2962, 111, 134, '0', '["morning_and_evening"]', 0.0000, NULL, NULL, NULL, NULL),
	(2963, 111, 135, '0', '["morning_and_evening"]', 0.0000, NULL, NULL, NULL, NULL),
	(2964, 111, 136, '0', '["morning_and_evening"]', 0.0000, NULL, NULL, NULL, NULL),
	(2965, 111, 137, '0', '["morning_and_evening"]', 0.0000, NULL, NULL, NULL, NULL),
	(2966, 111, 138, '0', '["morning_and_evening"]', 0.0000, NULL, NULL, NULL, NULL),
	(2967, 111, 139, '0', '["morning_and_evening"]', 0.0000, NULL, NULL, NULL, NULL),
	(2968, 111, 140, '0', '["morning_and_evening"]', 0.0000, NULL, NULL, NULL, NULL),
	(2969, 111, 141, '0', '["morning_and_evening"]', 0.0000, NULL, NULL, NULL, NULL),
	(2970, 111, 142, '0', '["morning_and_evening"]', 0.0000, NULL, NULL, NULL, NULL),
	(2971, 111, 143, '0', '["morning_and_evening"]', 0.0000, NULL, NULL, NULL, NULL),
	(2972, 111, 45, '0', '["morning_and_evening"]', 0.0000, NULL, NULL, NULL, NULL),
	(2973, 111, 46, '0', '["morning_and_evening"]', 0.0000, NULL, NULL, NULL, NULL),
	(2974, 111, 47, '0', '["morning_and_evening"]', 0.0000, NULL, NULL, NULL, NULL),
	(2975, 111, 48, '0', '["morning_and_evening"]', 0.0000, NULL, NULL, NULL, NULL),
	(2976, 111, 49, '0', '["morning_and_evening"]', 0.0000, NULL, NULL, NULL, NULL),
	(2977, 111, 50, '0', '["morning_and_evening"]', 0.0000, NULL, NULL, NULL, NULL),
	(2978, 111, 149, '0', '["morning_and_evening"]', 0.0000, NULL, NULL, NULL, NULL),
	(2979, 111, 150, '0', '["morning_and_evening"]', 0.0000, NULL, NULL, NULL, NULL),
	(2980, 111, 151, '0', '["morning_and_evening"]', 0.0000, NULL, NULL, NULL, NULL),
	(2981, 111, 152, '0', '["morning_and_evening"]', 0.0000, NULL, NULL, NULL, NULL),
	(2982, 111, 153, '0', '["morning_and_evening"]', 0.0000, NULL, NULL, NULL, NULL),
	(2983, 111, 154, '0', '["morning_and_evening"]', 0.0000, NULL, NULL, NULL, NULL),
	(2984, 111, 155, '0', '["morning_and_evening"]', 0.0000, NULL, NULL, NULL, NULL),
	(2985, 111, 156, '0', '["morning_and_evening"]', 0.0000, NULL, NULL, NULL, NULL),
	(2986, 111, 157, '0', '["morning_and_evening"]', 0.0000, NULL, NULL, NULL, NULL),
	(2987, 111, 158, '0', '["morning_and_evening"]', 0.0000, NULL, NULL, NULL, NULL),
	(2988, 111, 159, '0', '["morning_and_evening"]', 0.0000, NULL, NULL, NULL, NULL),
	(2989, 111, 160, '0', '["morning_and_evening"]', 0.0000, NULL, NULL, NULL, NULL),
	(2990, 111, 161, '0', '["morning_and_evening"]', 0.0000, NULL, NULL, NULL, NULL),
	(2991, 111, 162, '0', '["morning_and_evening"]', 0.0000, NULL, NULL, NULL, NULL),
	(2992, 111, 163, '0', '["morning_and_evening"]', 0.0000, NULL, NULL, NULL, NULL),
	(2993, 111, 164, '0', '["morning_and_evening"]', 0.0000, NULL, NULL, NULL, NULL),
	(2994, 111, 61, '0', '["morning_and_evening"]', 0.0000, NULL, NULL, NULL, NULL),
	(2995, 111, 62, '0', '["morning_and_evening"]', 0.0000, NULL, NULL, NULL, NULL),
	(2996, 111, 63, '0', '["morning_and_evening"]', 0.0000, NULL, NULL, NULL, NULL),
	(2997, 111, 165, '0', '["morning_and_evening"]', 0.0000, NULL, NULL, NULL, NULL),
	(2998, 111, 166, '0', '["morning_and_evening"]', 0.0000, NULL, NULL, NULL, NULL),
	(2999, 111, 167, '0', '["morning_and_evening"]', 0.0000, NULL, NULL, NULL, NULL),
	(3000, 111, 168, '0', '["morning_and_evening"]', 0.0000, NULL, NULL, NULL, NULL),
	(3001, 111, 169, '0', '["morning_and_evening"]', 0.0000, NULL, NULL, NULL, NULL),
	(3002, 111, 170, '0', '["morning_and_evening"]', 0.0000, NULL, NULL, NULL, NULL),
	(3003, 111, 171, '0', '["morning_and_evening"]', 0.0000, NULL, NULL, NULL, NULL),
	(3004, 111, 172, '0', '["morning_and_evening"]', 0.0000, NULL, NULL, NULL, NULL),
	(3005, 111, 173, '0', '["morning_and_evening"]', 0.0000, NULL, NULL, NULL, NULL),
	(3006, 111, 174, '0', '["morning_and_evening"]', 0.0000, NULL, NULL, NULL, NULL),
	(3007, 111, 175, '0', '["morning_and_evening"]', 0.0000, NULL, NULL, NULL, NULL),
	(3008, 111, 176, '0', '["morning_and_evening"]', 0.0000, NULL, NULL, NULL, NULL),
	(3009, 111, 177, '0', '["morning_and_evening"]', 0.0000, NULL, NULL, NULL, NULL),
	(3010, 111, 80, '0', '["morning_and_evening"]', 0.0000, NULL, NULL, NULL, NULL),
	(3011, 111, 81, '0', '["morning_and_evening"]', 0.0000, NULL, NULL, NULL, NULL),
	(3012, 111, 82, '0', '["morning_and_evening"]', 0.0000, NULL, NULL, NULL, NULL),
	(3013, 111, 83, '0', '["morning_and_evening"]', 0.0000, NULL, NULL, NULL, NULL),
	(3014, 111, 84, '0', '["morning_and_evening"]', 0.0000, NULL, NULL, NULL, NULL),
	(3015, 111, 85, '0', '["morning_and_evening"]', 0.0000, NULL, NULL, NULL, NULL),
	(3016, 111, 86, '0', '["morning_and_evening"]', 0.0000, NULL, NULL, NULL, NULL),
	(3017, 111, 87, '0', '["morning_and_evening"]', 0.0000, NULL, NULL, NULL, NULL),
	(3018, 111, 88, '0', '["morning_and_evening"]', 0.0000, NULL, NULL, NULL, NULL),
	(3019, 111, 89, '0', '["morning_and_evening"]', 0.0000, NULL, NULL, NULL, NULL),
	(3020, 111, 90, '0', '["morning_and_evening"]', 0.0000, NULL, NULL, NULL, NULL),
	(3021, 111, 91, '0', '["morning_and_evening"]', 0.0000, NULL, NULL, NULL, NULL),
	(3022, 111, 92, '0', '["morning_and_evening"]', 0.0000, NULL, NULL, NULL, NULL),
	(3023, 111, 93, '0', '["morning_and_evening"]', 0.0000, NULL, NULL, NULL, NULL),
	(3024, 111, 94, '0', '["morning_and_evening"]', 0.0000, NULL, NULL, NULL, NULL),
	(3025, 111, 95, '0', '["morning_and_evening"]', 0.0000, NULL, NULL, NULL, NULL),
	(3026, 111, 96, '0', '["morning_and_evening"]', 0.0000, NULL, NULL, NULL, NULL),
	(3027, 111, 97, '0', '["morning_and_evening"]', 0.0000, NULL, NULL, NULL, NULL),
	(3028, 111, 98, '0', '["morning_and_evening"]', 0.0000, NULL, NULL, NULL, NULL),
	(3029, 111, 99, '0', '["morning_and_evening"]', 0.0000, NULL, NULL, NULL, NULL),
	(3030, 111, 100, '0', '["morning_and_evening"]', 0.0000, NULL, NULL, NULL, NULL),
	(3031, 111, 101, '0', '["morning_and_evening"]', 0.0000, NULL, NULL, NULL, NULL),
	(3032, 111, 102, '0', '["morning_and_evening"]', 0.0000, NULL, NULL, NULL, NULL),
	(3033, 111, 103, '0', '["morning_and_evening"]', 0.0000, NULL, NULL, NULL, NULL),
	(3034, 111, 104, '0', '["morning_and_evening"]', 0.0000, NULL, NULL, NULL, NULL),
	(3035, 111, 105, '0', '["morning_and_evening"]', 0.0000, NULL, NULL, NULL, NULL),
	(3036, 111, 106, '0', '["morning_and_evening"]', 0.0000, NULL, NULL, NULL, NULL),
	(3037, 111, 107, '0', '["morning_and_evening"]', 0.0000, NULL, NULL, NULL, NULL),
	(3038, 111, 108, '0', '["morning_and_evening"]', 0.0000, NULL, NULL, NULL, NULL),
	(3039, 111, 184, '0', '["morning_and_evening"]', 0.0000, NULL, NULL, NULL, NULL),
	(3040, 111, 185, '0', '["morning_and_evening"]', 0.0000, NULL, NULL, NULL, NULL),
	(3041, 111, 186, '0', '["morning_and_evening"]', 0.0000, NULL, NULL, NULL, NULL),
	(3042, 111, 187, '0', '["morning_and_evening"]', 0.0000, NULL, NULL, NULL, NULL),
	(3043, 111, 188, '0', '["morning_and_evening"]', 0.0000, NULL, NULL, NULL, NULL),
	(3044, 111, 189, '0', '["morning_and_evening"]', 0.0000, NULL, NULL, NULL, NULL),
	(3045, 111, 190, '0', '["morning_and_evening"]', 0.0000, NULL, NULL, NULL, NULL),
	(3046, 111, 191, '0', '["morning_and_evening"]', 0.0000, NULL, NULL, NULL, NULL),
	(3047, 111, 192, '0', '["morning_and_evening"]', 0.0000, NULL, NULL, NULL, NULL),
	(3048, 111, 193, '0', '["morning_and_evening"]', 0.0000, NULL, NULL, NULL, NULL),
	(3049, 111, 194, '0', '["morning_and_evening"]', 0.0000, NULL, NULL, NULL, NULL),
	(3050, 111, 195, '0', '["morning_and_evening"]', 0.0000, NULL, NULL, NULL, NULL),
	(3051, 111, 196, '0', '["morning_and_evening"]', 0.0000, NULL, NULL, NULL, NULL),
	(3052, 111, 197, '0', '["morning_and_evening"]', 0.0000, NULL, NULL, NULL, NULL),
	(3053, 111, 198, '0', '["morning_and_evening"]', 0.0000, NULL, NULL, NULL, NULL),
	(3054, 111, 199, '0', '["morning_and_evening"]', 0.0000, NULL, NULL, NULL, NULL),
	(3055, 111, 200, '0', '["morning_and_evening"]', 0.0000, NULL, NULL, NULL, NULL),
	(3056, 111, 201, '0', '["morning_and_evening"]', 0.0000, NULL, NULL, NULL, NULL),
	(3057, 111, 202, '0', '["morning_and_evening"]', 0.0000, NULL, NULL, NULL, NULL),
	(3058, 111, 203, '0', '["morning_and_evening"]', 0.0000, NULL, NULL, NULL, NULL),
	(3059, 111, 204, '0', '["morning_and_evening"]', 0.0000, NULL, NULL, NULL, NULL),
	(3060, 111, 205, '0', '["morning_and_evening"]', 0.0000, NULL, NULL, NULL, NULL),
	(3061, 111, 206, '0', '["morning_and_evening"]', 0.0000, NULL, NULL, NULL, NULL),
	(3062, 111, 207, '0', '["morning_and_evening"]', 0.0000, NULL, NULL, NULL, NULL),
	(3063, 111, 208, '0', '["morning_and_evening"]', 0.0000, NULL, NULL, NULL, NULL),
	(3064, 111, 209, '0', '["morning_and_evening"]', 0.0000, NULL, NULL, NULL, NULL),
	(3065, 111, 210, '0', '["morning_and_evening"]', 0.0000, NULL, NULL, NULL, NULL),
	(3066, 111, 211, '0', '["morning_and_evening"]', 0.0000, NULL, NULL, NULL, NULL),
	(3067, 111, 212, '0', '["morning_and_evening"]', 0.0000, NULL, NULL, NULL, NULL),
	(3068, 111, 213, '0', '["morning_and_evening"]', 0.0000, NULL, NULL, NULL, NULL),
	(3069, 111, 214, '0', '["morning_and_evening"]', 0.0000, NULL, NULL, NULL, NULL),
	(3070, 111, 215, '0', '["morning_and_evening"]', 0.0000, NULL, NULL, NULL, NULL),
	(3071, 111, 216, '0', '["morning_and_evening"]', 0.0000, NULL, NULL, NULL, NULL),
	(3072, 111, 217, '0', '["morning_and_evening"]', 0.0000, NULL, NULL, NULL, NULL),
	(3073, 111, 218, '0', '["morning_and_evening"]', 0.0000, NULL, NULL, NULL, NULL),
	(3074, 111, 219, '0', '["morning_and_evening"]', 0.0000, NULL, NULL, NULL, NULL),
	(3075, 111, 220, '0', '["morning_and_evening"]', 0.0000, NULL, NULL, NULL, NULL),
	(3076, 111, 221, '0', '["morning_and_evening"]', 0.0000, NULL, NULL, NULL, NULL),
	(3077, 111, 222, '0', '["morning_and_evening"]', 0.0000, NULL, NULL, NULL, NULL),
	(3078, 111, 227, '0', '["morning_and_evening"]', 0.0000, NULL, NULL, NULL, NULL),
	(3079, 111, 228, '0', '["morning_and_evening"]', 0.0000, NULL, NULL, NULL, NULL),
	(3094, 112, 20, '0', '"morning_and_evening"', 0.0000, NULL, NULL, NULL, NULL),
	(3095, 112, 21, '0', '"morning_and_evening"', 0.0000, NULL, NULL, NULL, NULL),
	(3096, 112, 22, '0', '"morning_and_evening"', 0.0000, NULL, NULL, NULL, NULL),
	(3097, 112, 23, '0', '"morning_and_evening"', 0.0000, NULL, NULL, NULL, NULL),
	(3098, 112, 24, '0', '"morning_and_evening"', 0.0000, NULL, NULL, NULL, NULL),
	(3099, 112, 25, '0', '"morning_and_evening"', 0.0000, NULL, NULL, NULL, NULL),
	(3100, 112, 30, '0', '"morning_and_evening"', 0.0000, NULL, NULL, NULL, NULL),
	(3101, 112, 31, '0', '"morning_and_evening"', 0.0000, NULL, NULL, NULL, NULL),
	(3102, 112, 32, '0', '"morning_and_evening"', 0.0000, NULL, NULL, NULL, NULL),
	(3103, 112, 33, '0', '"morning_and_evening"', 0.0000, NULL, NULL, NULL, NULL),
	(3104, 112, 34, '0', '"morning_and_evening"', 0.0000, NULL, NULL, NULL, NULL),
	(3105, 112, 144, '0', '"morning_and_evening"', 0.0000, NULL, NULL, NULL, NULL),
	(3106, 112, 145, '0', '"morning_and_evening"', 0.0000, NULL, NULL, NULL, NULL),
	(3107, 112, 146, '0', '"morning_and_evening"', 0.0000, NULL, NULL, NULL, NULL),
	(3108, 112, 147, '0', '"morning_and_evening"', 0.0000, NULL, NULL, NULL, NULL),
	(3109, 112, 148, '0', '"morning_and_evening"', 0.0000, NULL, NULL, NULL, NULL),
	(3110, 112, 35, '0', '"morning_and_evening"', 0.0000, NULL, NULL, NULL, NULL),
	(3111, 112, 36, '0', '"morning_and_evening"', 0.0000, NULL, NULL, NULL, NULL),
	(3112, 112, 37, '0', '"morning_and_evening"', 0.0000, NULL, NULL, NULL, NULL),
	(3113, 112, 38, '0', '"morning_and_evening"', 0.0000, NULL, NULL, NULL, NULL),
	(3114, 112, 39, '0', '"morning_and_evening"', 0.0000, NULL, NULL, NULL, NULL),
	(3115, 112, 40, '0', '"morning_and_evening"', 0.0000, NULL, NULL, NULL, NULL),
	(3116, 112, 41, '0', '"morning_and_evening"', 0.0000, NULL, NULL, NULL, NULL),
	(3117, 112, 42, '0', '"morning_and_evening"', 0.0000, NULL, NULL, NULL, NULL),
	(3118, 112, 43, '0', '"morning_and_evening"', 0.0000, NULL, NULL, NULL, NULL),
	(3119, 112, 44, '0', '"morning_and_evening"', 0.0000, NULL, NULL, NULL, NULL),
	(3120, 112, 51, '0', '"morning_and_evening"', 0.0000, NULL, NULL, NULL, NULL),
	(3121, 112, 52, '0', '"morning_and_evening"', 0.0000, NULL, NULL, NULL, NULL),
	(3122, 112, 53, '0', '"morning_and_evening"', 0.0000, NULL, NULL, NULL, NULL),
	(3123, 112, 54, '0', '"morning_and_evening"', 0.0000, NULL, NULL, NULL, NULL),
	(3124, 112, 55, '0', '"morning_and_evening"', 0.0000, NULL, NULL, NULL, NULL),
	(3125, 112, 56, '0', '"morning_and_evening"', 0.0000, NULL, NULL, NULL, NULL),
	(3126, 112, 57, '0', '"morning_and_evening"', 0.0000, NULL, NULL, NULL, NULL),
	(3127, 112, 58, '0', '"morning_and_evening"', 0.0000, NULL, NULL, NULL, NULL),
	(3128, 112, 59, '0', '"morning_and_evening"', 0.0000, NULL, NULL, NULL, NULL),
	(3129, 112, 60, '0', '"morning_and_evening"', 0.0000, NULL, NULL, NULL, NULL),
	(3130, 112, 64, '0', '"morning_and_evening"', 0.0000, NULL, NULL, NULL, NULL),
	(3131, 112, 65, '0', '"morning_and_evening"', 0.0000, NULL, NULL, NULL, NULL),
	(3132, 112, 66, '0', '"morning_and_evening"', 0.0000, NULL, NULL, NULL, NULL),
	(3133, 112, 178, '0', '"morning_and_evening"', 0.0000, NULL, NULL, NULL, NULL),
	(3134, 112, 179, '0', '"morning_and_evening"', 0.0000, NULL, NULL, NULL, NULL),
	(3135, 112, 180, '0', '"morning_and_evening"', 0.0000, NULL, NULL, NULL, NULL),
	(3136, 112, 67, '0', '"morning_and_evening"', 0.0000, NULL, NULL, NULL, NULL),
	(3137, 112, 68, '0', '"morning_and_evening"', 0.0000, NULL, NULL, NULL, NULL),
	(3138, 112, 69, '0', '"morning_and_evening"', 0.0000, NULL, NULL, NULL, NULL),
	(3139, 112, 181, '0', '"morning_and_evening"', 0.0000, NULL, NULL, NULL, NULL),
	(3140, 112, 182, '0', '"morning_and_evening"', 0.0000, NULL, NULL, NULL, NULL),
	(3141, 112, 183, '0', '"morning_and_evening"', 0.0000, NULL, NULL, NULL, NULL),
	(3142, 112, 70, '0', '"morning_and_evening"', 0.0000, NULL, NULL, NULL, NULL),
	(3143, 112, 71, '0', '"morning_and_evening"', 0.0000, NULL, NULL, NULL, NULL),
	(3144, 112, 72, '0', '"morning_and_evening"', 0.0000, NULL, NULL, NULL, NULL),
	(3145, 112, 73, '0', '"morning_and_evening"', 0.0000, NULL, NULL, NULL, NULL),
	(3146, 112, 74, '0', '"morning_and_evening"', 0.0000, NULL, NULL, NULL, NULL),
	(3147, 112, 75, '0', '"morning_and_evening"', 0.0000, NULL, NULL, NULL, NULL),
	(3148, 112, 76, '0', '"morning_and_evening"', 0.0000, NULL, NULL, NULL, NULL),
	(3149, 112, 77, '0', '"morning_and_evening"', 0.0000, NULL, NULL, NULL, NULL),
	(3150, 112, 78, '0', '"morning_and_evening"', 0.0000, NULL, NULL, NULL, NULL),
	(3151, 112, 79, '0', '"morning_and_evening"', 0.0000, NULL, NULL, NULL, NULL),
	(3152, 112, 109, '0', '"morning_and_evening"', 0.0000, NULL, NULL, NULL, NULL),
	(3153, 112, 110, '0', '"morning_and_evening"', 0.0000, NULL, NULL, NULL, NULL),
	(3154, 112, 111, '0', '"morning_and_evening"', 0.0000, NULL, NULL, NULL, NULL),
	(3155, 112, 112, '0', '"morning_and_evening"', 0.0000, NULL, NULL, NULL, NULL),
	(3156, 112, 113, '0', '"morning_and_evening"', 0.0000, NULL, NULL, NULL, NULL),
	(3157, 112, 114, '0', '"morning_and_evening"', 0.0000, NULL, NULL, NULL, NULL),
	(3158, 112, 223, '0', '"morning_and_evening"', 0.0000, NULL, NULL, NULL, NULL),
	(3159, 112, 224, '0', '"morning_and_evening"', 0.0000, NULL, NULL, NULL, NULL),
	(3160, 112, 225, '0', '"morning_and_evening"', 0.0000, NULL, NULL, NULL, NULL),
	(3161, 112, 226, '0', '"morning_and_evening"', 0.0000, NULL, NULL, NULL, NULL),
	(3163, 91, 3, '50', '"evening"', 50.0000, NULL, NULL, NULL, NULL),
	(3164, 91, 4, '500', '"evening"', 500.0000, NULL, NULL, NULL, NULL),
	(3165, 91, 5, '0', '"evening"', 0.0000, NULL, NULL, NULL, NULL),
	(3166, 91, 6, '100', '"evening"', 100.0000, NULL, NULL, NULL, NULL),
	(3167, 91, 16, '0', '"morning_and_evening"', 0.0000, NULL, NULL, NULL, NULL),
	(3168, 91, 17, '0', '"morning_and_evening"', 0.0000, NULL, NULL, NULL, NULL),
	(3169, 91, 18, '0', '"morning_and_evening"', 0.0000, NULL, NULL, NULL, NULL),
	(3170, 91, 19, '0', '"morning_and_evening"', 0.0000, NULL, NULL, NULL, NULL),
	(3171, 91, 20, '0', '"morning_and_evening"', 0.0000, NULL, NULL, NULL, NULL),
	(3172, 91, 21, '0', '"morning_and_evening"', 0.0000, NULL, NULL, NULL, NULL),
	(3173, 91, 22, '0', '"morning_and_evening"', 0.0000, NULL, NULL, NULL, NULL),
	(3174, 91, 23, '0', '"morning_and_evening"', 0.0000, NULL, NULL, NULL, NULL),
	(3175, 91, 24, '0', '"morning_and_evening"', 0.0000, NULL, NULL, NULL, NULL),
	(3176, 91, 25, '0', '"morning_and_evening"', 0.0000, NULL, NULL, NULL, NULL),
	(3177, 91, 30, '0', '"morning_and_evening"', 0.0000, NULL, NULL, NULL, NULL),
	(3178, 91, 31, '0', '"morning_and_evening"', 0.0000, NULL, NULL, NULL, NULL),
	(3179, 91, 32, '0', '"morning_and_evening"', 0.0000, NULL, NULL, NULL, NULL),
	(3180, 91, 33, '0', '"morning_and_evening"', 0.0000, NULL, NULL, NULL, NULL),
	(3181, 91, 34, '0', '"morning_and_evening"', 0.0000, NULL, NULL, NULL, NULL),
	(3182, 91, 144, '0', '"morning_and_evening"', 0.0000, NULL, NULL, NULL, NULL),
	(3183, 91, 145, '0', '"morning_and_evening"', 0.0000, NULL, NULL, NULL, NULL),
	(3184, 91, 146, '0', '"morning_and_evening"', 0.0000, NULL, NULL, NULL, NULL),
	(3185, 91, 147, '0', '"morning_and_evening"', 0.0000, NULL, NULL, NULL, NULL),
	(3186, 91, 148, '0', '"morning_and_evening"', 0.0000, NULL, NULL, NULL, NULL),
	(3187, 91, 35, '0', '"morning_and_evening"', 0.0000, NULL, NULL, NULL, NULL),
	(3188, 91, 36, '0', '"morning_and_evening"', 0.0000, NULL, NULL, NULL, NULL),
	(3189, 91, 37, '0', '"morning_and_evening"', 0.0000, NULL, NULL, NULL, NULL),
	(3190, 91, 38, '0', '"morning_and_evening"', 0.0000, NULL, NULL, NULL, NULL),
	(3191, 91, 39, '0', '"morning_and_evening"', 0.0000, NULL, NULL, NULL, NULL),
	(3192, 91, 40, '0', '"morning_and_evening"', 0.0000, NULL, NULL, NULL, NULL),
	(3193, 91, 41, '0', '"morning_and_evening"', 0.0000, NULL, NULL, NULL, NULL),
	(3194, 91, 42, '0', '"morning_and_evening"', 0.0000, NULL, NULL, NULL, NULL),
	(3195, 91, 43, '0', '"morning_and_evening"', 0.0000, NULL, NULL, NULL, NULL),
	(3196, 91, 44, '0', '"morning_and_evening"', 0.0000, NULL, NULL, NULL, NULL),
	(3197, 91, 51, '0', '"morning_and_evening"', 0.0000, NULL, NULL, NULL, NULL),
	(3198, 91, 52, '0', '"morning_and_evening"', 0.0000, NULL, NULL, NULL, NULL),
	(3199, 91, 53, '0', '"morning_and_evening"', 0.0000, NULL, NULL, NULL, NULL),
	(3200, 91, 54, '0', '"morning_and_evening"', 0.0000, NULL, NULL, NULL, NULL),
	(3201, 91, 55, '0', '"morning_and_evening"', 0.0000, NULL, NULL, NULL, NULL),
	(3202, 91, 56, '0', '"morning_and_evening"', 0.0000, NULL, NULL, NULL, NULL),
	(3203, 91, 57, '0', '"morning_and_evening"', 0.0000, NULL, NULL, NULL, NULL),
	(3204, 91, 58, '0', '"morning_and_evening"', 0.0000, NULL, NULL, NULL, NULL),
	(3205, 91, 59, '0', '"morning_and_evening"', 0.0000, NULL, NULL, NULL, NULL),
	(3206, 91, 60, '0', '"morning_and_evening"', 0.0000, NULL, NULL, NULL, NULL),
	(3207, 91, 64, '0', '"morning_and_evening"', 0.0000, NULL, NULL, NULL, NULL),
	(3208, 91, 65, '0', '"morning_and_evening"', 0.0000, NULL, NULL, NULL, NULL),
	(3209, 91, 66, '0', '"morning_and_evening"', 0.0000, NULL, NULL, NULL, NULL),
	(3210, 91, 178, '0', '"morning_and_evening"', 0.0000, NULL, NULL, NULL, NULL),
	(3211, 91, 179, '0', '"morning_and_evening"', 0.0000, NULL, NULL, NULL, NULL),
	(3212, 91, 180, '0', '"morning_and_evening"', 0.0000, NULL, NULL, NULL, NULL),
	(3213, 91, 67, '0', '"morning_and_evening"', 0.0000, NULL, NULL, NULL, NULL),
	(3214, 91, 68, '0', '"morning_and_evening"', 0.0000, NULL, NULL, NULL, NULL),
	(3215, 91, 69, '0', '"morning_and_evening"', 0.0000, NULL, NULL, NULL, NULL),
	(3216, 91, 181, '0', '"morning_and_evening"', 0.0000, NULL, NULL, NULL, NULL),
	(3217, 91, 182, '0', '"morning_and_evening"', 0.0000, NULL, NULL, NULL, NULL),
	(3218, 91, 183, '0', '"morning_and_evening"', 0.0000, NULL, NULL, NULL, NULL),
	(3219, 91, 70, '0', '"morning_and_evening"', 0.0000, NULL, NULL, NULL, NULL),
	(3220, 91, 71, '0', '"morning_and_evening"', 0.0000, NULL, NULL, NULL, NULL),
	(3221, 91, 72, '0', '"morning_and_evening"', 0.0000, NULL, NULL, NULL, NULL),
	(3222, 91, 73, '0', '"morning_and_evening"', 0.0000, NULL, NULL, NULL, NULL),
	(3223, 91, 74, '0', '"morning_and_evening"', 0.0000, NULL, NULL, NULL, NULL),
	(3224, 91, 75, '0', '"morning_and_evening"', 0.0000, NULL, NULL, NULL, NULL),
	(3225, 91, 76, '0', '"morning_and_evening"', 0.0000, NULL, NULL, NULL, NULL),
	(3226, 91, 77, '0', '"morning_and_evening"', 0.0000, NULL, NULL, NULL, NULL),
	(3227, 91, 78, '0', '"morning_and_evening"', 0.0000, NULL, NULL, NULL, NULL),
	(3228, 91, 79, '0', '"morning_and_evening"', 0.0000, NULL, NULL, NULL, NULL),
	(3229, 91, 109, '0', '"morning_and_evening"', 0.0000, NULL, NULL, NULL, NULL),
	(3230, 91, 110, '0', '"morning_and_evening"', 0.0000, NULL, NULL, NULL, NULL),
	(3231, 91, 111, '0', '"morning_and_evening"', 0.0000, NULL, NULL, NULL, NULL),
	(3232, 91, 112, '0', '"morning_and_evening"', 0.0000, NULL, NULL, NULL, NULL),
	(3233, 91, 113, '0', '"morning_and_evening"', 0.0000, NULL, NULL, NULL, NULL),
	(3234, 91, 114, '0', '"morning_and_evening"', 0.0000, NULL, NULL, NULL, NULL),
	(3235, 91, 223, '0', '"morning_and_evening"', 0.0000, NULL, NULL, NULL, NULL),
	(3236, 91, 224, '0', '"morning_and_evening"', 0.0000, NULL, NULL, NULL, NULL),
	(3237, 91, 225, '0', '"morning_and_evening"', 0.0000, NULL, NULL, NULL, NULL),
	(3238, 91, 226, '0', '"morning_and_evening"', 0.0000, NULL, NULL, NULL, NULL),
	(3239, 113, 1, '100', '["morning","evening"]', 100.0000, NULL, NULL, NULL, NULL),
	(3240, 113, 5, '125.665', '["morning","evening"]', 125.6650, NULL, NULL, NULL, NULL),
	(3241, 113, 7, '15', '["morning","lunch"]', 15.0000, NULL, NULL, NULL, NULL),
	(3242, 110, 3, '50', '["lunch","evening","bedtime"]', 50.0000, NULL, NULL, NULL, NULL),
	(3243, 110, 5, '100', '["morning","evening"]', 100.0000, NULL, NULL, NULL, NULL),
	(3244, 114, 1, '50040', '["morning","lunch"]', 500400.0000, NULL, NULL, NULL, NULL),
	(3245, 114, 3, '350', '["morning","evening"]', 3500.0000, NULL, NULL, NULL, NULL),
	(3246, 116, 4, '50', '["morning","lunch"]', 500.0000, NULL, NULL, NULL, NULL),
	(3247, 116, 6, '100', '["lunch","evening"]', 1000.0000, NULL, NULL, NULL, NULL),
	(3248, 93, 4, '10', '["morning","evening"]', 300.0000, NULL, NULL, NULL, NULL),
	(3249, 119, 1, '100', '["lunch","evening"]', 300.0000, NULL, NULL, NULL, NULL),
	(3250, 119, 3, '5', '["morning","lunch"]', 150.0000, NULL, NULL, NULL, NULL),
	(3251, 120, 6, '10', '["morning","lunch"]', 300.0000, NULL, NULL, NULL, NULL),
	(3252, 120, 8, '400', '["lunch","evening"]', 12000.0000, NULL, NULL, NULL, NULL),
	(3253, 121, 1, '100', '["morning_and_evening"]', 10.0000, NULL, NULL, NULL, NULL),
	(3254, 121, 9, '10', '["lunch"]', 10.0000, NULL, NULL, NULL, NULL),
	(3255, 121, 10, '05', '["lunch"]', 5.0000, NULL, NULL, NULL, NULL),
	(3256, 121, 13, '0', '["morning_and_evening"]', 0.0000, NULL, NULL, NULL, NULL),
	(3257, 121, 29, '2000', '["morning_and_evening"]', 2000.0000, NULL, NULL, NULL, NULL),
	(3258, 121, 7, '0', '["morning_and_evening"]', 0.0000, NULL, NULL, NULL, NULL),
	(3259, 121, 8, '0', '["morning_and_evening"]', 0.0000, NULL, NULL, NULL, NULL),
	(3260, 121, 2, '0', '["morning_and_evening"]', 0.0000, NULL, NULL, NULL, NULL),
	(3261, 121, 3, '500', '["morning","lunch"]', 500.0000, NULL, NULL, NULL, NULL),
	(3262, 121, 4, '0', '["morning_and_evening"]', 0.0000, NULL, NULL, NULL, NULL),
	(3263, 121, 5, '0', '["morning_and_evening"]', 0.0000, NULL, NULL, NULL, NULL),
	(3264, 121, 6, '0', '["morning_and_evening"]', 0.0000, NULL, NULL, NULL, NULL),
	(3265, 121, 11, '0', '["morning_and_evening"]', 0.0000, NULL, NULL, NULL, NULL),
	(3266, 121, 12, '0', '["morning_and_evening"]', 0.0000, NULL, NULL, NULL, NULL),
	(3267, 121, 14, '0', '["morning_and_evening"]', 0.0000, NULL, NULL, NULL, NULL),
	(3268, 121, 15, '0', '["morning_and_evening"]', 0.0000, NULL, NULL, NULL, NULL),
	(3269, 121, 115, '0', '["morning_and_evening"]', 0.0000, NULL, NULL, NULL, NULL),
	(3270, 121, 116, '0', '["morning_and_evening"]', 0.0000, NULL, NULL, NULL, NULL),
	(3271, 121, 117, '0', '["morning_and_evening"]', 0.0000, NULL, NULL, NULL, NULL),
	(3272, 121, 118, '0', '["morning_and_evening"]', 0.0000, NULL, NULL, NULL, NULL),
	(3273, 121, 119, '0', '["morning_and_evening"]', 0.0000, NULL, NULL, NULL, NULL),
	(3274, 121, 120, '0', '["morning_and_evening"]', 0.0000, NULL, NULL, NULL, NULL),
	(3275, 121, 121, '0', '["morning_and_evening"]', 0.0000, NULL, NULL, NULL, NULL),
	(3276, 121, 122, '0', '["morning_and_evening"]', 0.0000, NULL, NULL, NULL, NULL),
	(3277, 121, 123, '0', '["morning_and_evening"]', 0.0000, NULL, NULL, NULL, NULL),
	(3278, 121, 124, '0', '["morning_and_evening"]', 0.0000, NULL, NULL, NULL, NULL),
	(3279, 121, 125, '0', '["morning_and_evening"]', 0.0000, NULL, NULL, NULL, NULL),
	(3280, 121, 126, '0', '["morning_and_evening"]', 0.0000, NULL, NULL, NULL, NULL),
	(3281, 121, 127, '0', '["morning_and_evening"]', 0.0000, NULL, NULL, NULL, NULL),
	(3282, 121, 128, '0', '["morning_and_evening"]', 0.0000, NULL, NULL, NULL, NULL),
	(3283, 121, 129, '0', '["morning_and_evening"]', 0.0000, NULL, NULL, NULL, NULL),
	(3284, 121, 16, '0', '["morning_and_evening"]', 0.0000, NULL, NULL, NULL, NULL),
	(3285, 121, 17, '0', '["morning_and_evening"]', 0.0000, NULL, NULL, NULL, NULL),
	(3286, 121, 18, '0', '["morning_and_evening"]', 0.0000, NULL, NULL, NULL, NULL),
	(3287, 121, 19, '0', '["morning_and_evening"]', 0.0000, NULL, NULL, NULL, NULL),
	(3288, 121, 20, '0', '["morning_and_evening"]', 0.0000, NULL, NULL, NULL, NULL),
	(3289, 121, 21, '0', '["morning_and_evening"]', 0.0000, NULL, NULL, NULL, NULL),
	(3290, 121, 22, '0', '["morning_and_evening"]', 0.0000, NULL, NULL, NULL, NULL),
	(3291, 121, 23, '0', '["morning_and_evening"]', 0.0000, NULL, NULL, NULL, NULL),
	(3292, 121, 24, '0', '["morning_and_evening"]', 0.0000, NULL, NULL, NULL, NULL),
	(3293, 121, 25, '0', '["morning_and_evening"]', 0.0000, NULL, NULL, NULL, NULL),
	(3294, 121, 26, '0', '["morning_and_evening"]', 0.0000, NULL, NULL, NULL, NULL),
	(3295, 121, 27, '0', '["morning_and_evening"]', 0.0000, NULL, NULL, NULL, NULL),
	(3296, 121, 28, '0', '["morning_and_evening"]', 0.0000, NULL, NULL, NULL, NULL),
	(3297, 121, 130, '0', '["morning_and_evening"]', 0.0000, NULL, NULL, NULL, NULL),
	(3298, 121, 131, '0', '["morning_and_evening"]', 0.0000, NULL, NULL, NULL, NULL),
	(3299, 121, 132, '0', '["morning_and_evening"]', 0.0000, NULL, NULL, NULL, NULL),
	(3300, 121, 133, '0', '["morning_and_evening"]', 0.0000, NULL, NULL, NULL, NULL),
	(3301, 121, 134, '0', '["morning_and_evening"]', 0.0000, NULL, NULL, NULL, NULL),
	(3302, 121, 135, '0', '["morning_and_evening"]', 0.0000, NULL, NULL, NULL, NULL),
	(3303, 121, 136, '0', '["morning_and_evening"]', 0.0000, NULL, NULL, NULL, NULL),
	(3304, 121, 137, '0', '["morning_and_evening"]', 0.0000, NULL, NULL, NULL, NULL),
	(3305, 121, 138, '0', '["morning_and_evening"]', 0.0000, NULL, NULL, NULL, NULL),
	(3306, 121, 139, '0', '["morning_and_evening"]', 0.0000, NULL, NULL, NULL, NULL),
	(3307, 121, 140, '0', '["morning_and_evening"]', 0.0000, NULL, NULL, NULL, NULL),
	(3308, 121, 141, '0', '["morning_and_evening"]', 0.0000, NULL, NULL, NULL, NULL),
	(3309, 121, 142, '0', '["morning_and_evening"]', 0.0000, NULL, NULL, NULL, NULL),
	(3310, 121, 143, '0', '["morning_and_evening"]', 0.0000, NULL, NULL, NULL, NULL),
	(3311, 121, 30, '0', '["morning_and_evening"]', 0.0000, NULL, NULL, NULL, NULL),
	(3312, 121, 31, '0', '["morning_and_evening"]', 0.0000, NULL, NULL, NULL, NULL),
	(3313, 121, 32, '0', '["morning_and_evening"]', 0.0000, NULL, NULL, NULL, NULL),
	(3314, 121, 33, '0', '["morning_and_evening"]', 0.0000, NULL, NULL, NULL, NULL),
	(3315, 121, 34, '0', '["morning_and_evening"]', 0.0000, NULL, NULL, NULL, NULL),
	(3316, 121, 144, '0', '["morning_and_evening"]', 0.0000, NULL, NULL, NULL, NULL),
	(3317, 121, 145, '0', '["morning_and_evening"]', 0.0000, NULL, NULL, NULL, NULL),
	(3318, 121, 146, '0', '["morning_and_evening"]', 0.0000, NULL, NULL, NULL, NULL),
	(3319, 121, 147, '0', '["morning_and_evening"]', 0.0000, NULL, NULL, NULL, NULL),
	(3320, 121, 148, '0', '["morning_and_evening"]', 0.0000, NULL, NULL, NULL, NULL),
	(3321, 121, 35, '0', '["morning_and_evening"]', 0.0000, NULL, NULL, NULL, NULL),
	(3322, 121, 36, '0', '["morning_and_evening"]', 0.0000, NULL, NULL, NULL, NULL),
	(3323, 121, 37, '0', '["morning_and_evening"]', 0.0000, NULL, NULL, NULL, NULL),
	(3324, 121, 38, '0', '["morning_and_evening"]', 0.0000, NULL, NULL, NULL, NULL),
	(3325, 121, 39, '0', '["morning_and_evening"]', 0.0000, NULL, NULL, NULL, NULL),
	(3326, 121, 40, '0', '["morning_and_evening"]', 0.0000, NULL, NULL, NULL, NULL),
	(3327, 121, 41, '0', '["morning_and_evening"]', 0.0000, NULL, NULL, NULL, NULL),
	(3328, 121, 42, '0', '["morning_and_evening"]', 0.0000, NULL, NULL, NULL, NULL),
	(3329, 121, 43, '0', '["morning_and_evening"]', 0.0000, NULL, NULL, NULL, NULL),
	(3330, 121, 44, '0', '["morning_and_evening"]', 0.0000, NULL, NULL, NULL, NULL),
	(3331, 121, 45, '0', '["morning_and_evening"]', 0.0000, NULL, NULL, NULL, NULL),
	(3332, 121, 46, '0', '["morning_and_evening"]', 0.0000, NULL, NULL, NULL, NULL),
	(3333, 121, 47, '0', '["morning_and_evening"]', 0.0000, NULL, NULL, NULL, NULL),
	(3334, 121, 48, '0', '["morning_and_evening"]', 0.0000, NULL, NULL, NULL, NULL),
	(3335, 121, 49, '0', '["morning_and_evening"]', 0.0000, NULL, NULL, NULL, NULL),
	(3336, 121, 50, '0', '["morning_and_evening"]', 0.0000, NULL, NULL, NULL, NULL),
	(3337, 121, 149, '0', '["morning_and_evening"]', 0.0000, NULL, NULL, NULL, NULL),
	(3338, 121, 150, '0', '["morning_and_evening"]', 0.0000, NULL, NULL, NULL, NULL),
	(3339, 121, 151, '0', '["morning_and_evening"]', 0.0000, NULL, NULL, NULL, NULL),
	(3340, 121, 152, '0', '["morning_and_evening"]', 0.0000, NULL, NULL, NULL, NULL),
	(3341, 121, 153, '0', '["morning_and_evening"]', 0.0000, NULL, NULL, NULL, NULL),
	(3342, 121, 154, '0', '["morning_and_evening"]', 0.0000, NULL, NULL, NULL, NULL),
	(3343, 121, 155, '0', '["morning_and_evening"]', 0.0000, NULL, NULL, NULL, NULL),
	(3344, 121, 156, '0', '["morning_and_evening"]', 0.0000, NULL, NULL, NULL, NULL),
	(3345, 121, 157, '0', '["morning_and_evening"]', 0.0000, NULL, NULL, NULL, NULL),
	(3346, 121, 158, '0', '["morning_and_evening"]', 0.0000, NULL, NULL, NULL, NULL),
	(3347, 121, 159, '0', '["morning_and_evening"]', 0.0000, NULL, NULL, NULL, NULL),
	(3348, 121, 160, '0', '["morning_and_evening"]', 0.0000, NULL, NULL, NULL, NULL),
	(3349, 121, 161, '0', '["morning_and_evening"]', 0.0000, NULL, NULL, NULL, NULL),
	(3350, 121, 162, '0', '["morning_and_evening"]', 0.0000, NULL, NULL, NULL, NULL),
	(3351, 121, 163, '0', '["morning_and_evening"]', 0.0000, NULL, NULL, NULL, NULL),
	(3352, 121, 164, '0', '["morning_and_evening"]', 0.0000, NULL, NULL, NULL, NULL),
	(3353, 121, 51, '0', '["morning_and_evening"]', 0.0000, NULL, NULL, NULL, NULL),
	(3354, 121, 52, '0', '["morning_and_evening"]', 0.0000, NULL, NULL, NULL, NULL),
	(3355, 121, 53, '0', '["morning_and_evening"]', 0.0000, NULL, NULL, NULL, NULL),
	(3356, 121, 54, '0', '["morning_and_evening"]', 0.0000, NULL, NULL, NULL, NULL),
	(3357, 121, 55, '0', '["morning_and_evening"]', 0.0000, NULL, NULL, NULL, NULL),
	(3358, 121, 56, '0', '["morning_and_evening"]', 0.0000, NULL, NULL, NULL, NULL),
	(3359, 121, 57, '0', '["morning_and_evening"]', 0.0000, NULL, NULL, NULL, NULL),
	(3360, 121, 58, '0', '["morning_and_evening"]', 0.0000, NULL, NULL, NULL, NULL),
	(3361, 121, 59, '0', '["morning_and_evening"]', 0.0000, NULL, NULL, NULL, NULL),
	(3362, 121, 60, '0', '["morning_and_evening"]', 0.0000, NULL, NULL, NULL, NULL),
	(3363, 121, 61, '0', '["morning_and_evening"]', 0.0000, NULL, NULL, NULL, NULL),
	(3364, 121, 62, '0', '["morning_and_evening"]', 0.0000, NULL, NULL, NULL, NULL),
	(3365, 121, 63, '0', '["morning_and_evening"]', 0.0000, NULL, NULL, NULL, NULL),
	(3366, 121, 165, '0', '["morning_and_evening"]', 0.0000, NULL, NULL, NULL, NULL),
	(3367, 121, 166, '0', '["morning_and_evening"]', 0.0000, NULL, NULL, NULL, NULL),
	(3368, 121, 167, '0', '["morning_and_evening"]', 0.0000, NULL, NULL, NULL, NULL),
	(3369, 121, 168, '0', '["morning_and_evening"]', 0.0000, NULL, NULL, NULL, NULL),
	(3370, 121, 169, '0', '["morning_and_evening"]', 0.0000, NULL, NULL, NULL, NULL),
	(3371, 121, 170, '0', '["morning_and_evening"]', 0.0000, NULL, NULL, NULL, NULL),
	(3372, 121, 171, '0', '["morning_and_evening"]', 0.0000, NULL, NULL, NULL, NULL),
	(3373, 121, 172, '0', '["morning_and_evening"]', 0.0000, NULL, NULL, NULL, NULL),
	(3374, 121, 173, '0', '["morning_and_evening"]', 0.0000, NULL, NULL, NULL, NULL),
	(3375, 121, 174, '0', '["morning_and_evening"]', 0.0000, NULL, NULL, NULL, NULL),
	(3376, 121, 175, '0', '["morning_and_evening"]', 0.0000, NULL, NULL, NULL, NULL),
	(3377, 121, 176, '0', '["morning_and_evening"]', 0.0000, NULL, NULL, NULL, NULL),
	(3378, 121, 177, '0', '["morning_and_evening"]', 0.0000, NULL, NULL, NULL, NULL),
	(3379, 121, 64, '0', '["morning_and_evening"]', 0.0000, NULL, NULL, NULL, NULL),
	(3380, 121, 65, '0', '["morning_and_evening"]', 0.0000, NULL, NULL, NULL, NULL),
	(3381, 121, 66, '0', '["morning_and_evening"]', 0.0000, NULL, NULL, NULL, NULL),
	(3382, 121, 178, '0', '["morning_and_evening"]', 0.0000, NULL, NULL, NULL, NULL),
	(3383, 121, 179, '0', '["morning_and_evening"]', 0.0000, NULL, NULL, NULL, NULL),
	(3384, 121, 180, '0', '["morning_and_evening"]', 0.0000, NULL, NULL, NULL, NULL),
	(3385, 121, 67, '0', '["morning_and_evening"]', 0.0000, NULL, NULL, NULL, NULL),
	(3386, 121, 68, '0', '["morning_and_evening"]', 0.0000, NULL, NULL, NULL, NULL),
	(3387, 121, 69, '0', '["morning_and_evening"]', 0.0000, NULL, NULL, NULL, NULL),
	(3388, 121, 181, '0', '["morning_and_evening"]', 0.0000, NULL, NULL, NULL, NULL),
	(3389, 121, 182, '0', '["morning_and_evening"]', 0.0000, NULL, NULL, NULL, NULL),
	(3390, 121, 183, '0', '["morning_and_evening"]', 0.0000, NULL, NULL, NULL, NULL),
	(3391, 121, 70, '0', '["morning_and_evening"]', 0.0000, NULL, NULL, NULL, NULL),
	(3392, 121, 71, '0', '["morning_and_evening"]', 0.0000, NULL, NULL, NULL, NULL),
	(3393, 121, 72, '0', '["morning_and_evening"]', 0.0000, NULL, NULL, NULL, NULL),
	(3394, 121, 73, '0', '["morning_and_evening"]', 0.0000, NULL, NULL, NULL, NULL),
	(3395, 121, 74, '0', '["morning_and_evening"]', 0.0000, NULL, NULL, NULL, NULL),
	(3396, 121, 75, '0', '["morning_and_evening"]', 0.0000, NULL, NULL, NULL, NULL),
	(3397, 121, 76, '0', '["morning_and_evening"]', 0.0000, NULL, NULL, NULL, NULL),
	(3398, 121, 77, '0', '["morning_and_evening"]', 0.0000, NULL, NULL, NULL, NULL),
	(3399, 121, 78, '0', '["morning_and_evening"]', 0.0000, NULL, NULL, NULL, NULL),
	(3400, 121, 79, '0', '["morning_and_evening"]', 0.0000, NULL, NULL, NULL, NULL),
	(3401, 121, 80, '0', '["morning_and_evening"]', 0.0000, NULL, NULL, NULL, NULL),
	(3402, 121, 81, '0', '["morning_and_evening"]', 0.0000, NULL, NULL, NULL, NULL),
	(3403, 121, 82, '0', '["morning_and_evening"]', 0.0000, NULL, NULL, NULL, NULL),
	(3404, 121, 83, '0', '["morning_and_evening"]', 0.0000, NULL, NULL, NULL, NULL),
	(3405, 121, 84, '0', '["morning_and_evening"]', 0.0000, NULL, NULL, NULL, NULL),
	(3406, 121, 85, '0', '["morning_and_evening"]', 0.0000, NULL, NULL, NULL, NULL),
	(3407, 121, 86, '0', '["morning_and_evening"]', 0.0000, NULL, NULL, NULL, NULL),
	(3408, 121, 87, '0', '["morning_and_evening"]', 0.0000, NULL, NULL, NULL, NULL),
	(3409, 121, 88, '0', '["morning_and_evening"]', 0.0000, NULL, NULL, NULL, NULL),
	(3410, 121, 89, '0', '["morning_and_evening"]', 0.0000, NULL, NULL, NULL, NULL),
	(3411, 121, 90, '0', '["morning_and_evening"]', 0.0000, NULL, NULL, NULL, NULL),
	(3412, 121, 91, '0', '["morning_and_evening"]', 0.0000, NULL, NULL, NULL, NULL),
	(3413, 121, 92, '0', '["morning_and_evening"]', 0.0000, NULL, NULL, NULL, NULL),
	(3414, 121, 93, '0', '["morning_and_evening"]', 0.0000, NULL, NULL, NULL, NULL),
	(3415, 121, 94, '0', '["morning_and_evening"]', 0.0000, NULL, NULL, NULL, NULL),
	(3416, 121, 95, '0', '["morning_and_evening"]', 0.0000, NULL, NULL, NULL, NULL),
	(3417, 121, 96, '0', '["morning_and_evening"]', 0.0000, NULL, NULL, NULL, NULL),
	(3418, 121, 97, '0', '["morning_and_evening"]', 0.0000, NULL, NULL, NULL, NULL),
	(3419, 121, 98, '0', '["morning_and_evening"]', 0.0000, NULL, NULL, NULL, NULL),
	(3420, 121, 99, '0', '["morning_and_evening"]', 0.0000, NULL, NULL, NULL, NULL),
	(3421, 121, 100, '0', '["morning_and_evening"]', 0.0000, NULL, NULL, NULL, NULL),
	(3422, 121, 101, '0', '["morning_and_evening"]', 0.0000, NULL, NULL, NULL, NULL),
	(3423, 121, 102, '0', '["morning_and_evening"]', 0.0000, NULL, NULL, NULL, NULL),
	(3424, 121, 103, '0', '["morning_and_evening"]', 0.0000, NULL, NULL, NULL, NULL),
	(3425, 121, 104, '0', '["morning_and_evening"]', 0.0000, NULL, NULL, NULL, NULL),
	(3426, 121, 105, '0', '["morning_and_evening"]', 0.0000, NULL, NULL, NULL, NULL),
	(3427, 121, 106, '0', '["morning_and_evening"]', 0.0000, NULL, NULL, NULL, NULL),
	(3428, 121, 107, '0', '["morning_and_evening"]', 0.0000, NULL, NULL, NULL, NULL),
	(3429, 121, 108, '0', '["morning_and_evening"]', 0.0000, NULL, NULL, NULL, NULL),
	(3430, 121, 184, '0', '["morning_and_evening"]', 0.0000, NULL, NULL, NULL, NULL),
	(3431, 121, 185, '0', '["morning_and_evening"]', 0.0000, NULL, NULL, NULL, NULL),
	(3432, 121, 186, '0', '["morning_and_evening"]', 0.0000, NULL, NULL, NULL, NULL),
	(3433, 121, 187, '0', '["morning_and_evening"]', 0.0000, NULL, NULL, NULL, NULL),
	(3434, 121, 188, '0', '["morning_and_evening"]', 0.0000, NULL, NULL, NULL, NULL),
	(3435, 121, 189, '0', '["morning_and_evening"]', 0.0000, NULL, NULL, NULL, NULL),
	(3436, 121, 190, '0', '["morning_and_evening"]', 0.0000, NULL, NULL, NULL, NULL),
	(3437, 121, 191, '0', '["morning_and_evening"]', 0.0000, NULL, NULL, NULL, NULL),
	(3438, 121, 192, '0', '["morning_and_evening"]', 0.0000, NULL, NULL, NULL, NULL),
	(3439, 121, 193, '0', '["morning_and_evening"]', 0.0000, NULL, NULL, NULL, NULL),
	(3440, 121, 194, '0', '["morning_and_evening"]', 0.0000, NULL, NULL, NULL, NULL),
	(3441, 121, 195, '0', '["morning_and_evening"]', 0.0000, NULL, NULL, NULL, NULL),
	(3442, 121, 196, '0', '["morning_and_evening"]', 0.0000, NULL, NULL, NULL, NULL),
	(3443, 121, 197, '0', '["morning_and_evening"]', 0.0000, NULL, NULL, NULL, NULL),
	(3444, 121, 198, '0', '["morning_and_evening"]', 0.0000, NULL, NULL, NULL, NULL),
	(3445, 121, 199, '0', '["morning_and_evening"]', 0.0000, NULL, NULL, NULL, NULL),
	(3446, 121, 200, '0', '["morning_and_evening"]', 0.0000, NULL, NULL, NULL, NULL),
	(3447, 121, 201, '0', '["morning_and_evening"]', 0.0000, NULL, NULL, NULL, NULL),
	(3448, 121, 202, '0', '["morning_and_evening"]', 0.0000, NULL, NULL, NULL, NULL),
	(3449, 121, 203, '0', '["morning_and_evening"]', 0.0000, NULL, NULL, NULL, NULL),
	(3450, 121, 204, '0', '["morning_and_evening"]', 0.0000, NULL, NULL, NULL, NULL),
	(3451, 121, 205, '0', '["morning_and_evening"]', 0.0000, NULL, NULL, NULL, NULL),
	(3452, 121, 206, '0', '["morning_and_evening"]', 0.0000, NULL, NULL, NULL, NULL),
	(3453, 121, 207, '0', '["morning_and_evening"]', 0.0000, NULL, NULL, NULL, NULL),
	(3454, 121, 208, '0', '["morning_and_evening"]', 0.0000, NULL, NULL, NULL, NULL),
	(3455, 121, 209, '0', '["morning_and_evening"]', 0.0000, NULL, NULL, NULL, NULL),
	(3456, 121, 210, '0', '["morning_and_evening"]', 0.0000, NULL, NULL, NULL, NULL),
	(3457, 121, 211, '0', '["morning_and_evening"]', 0.0000, NULL, NULL, NULL, NULL),
	(3458, 121, 212, '0', '["morning_and_evening"]', 0.0000, NULL, NULL, NULL, NULL),
	(3459, 121, 213, '0', '["morning_and_evening"]', 0.0000, NULL, NULL, NULL, NULL),
	(3460, 121, 214, '0', '["morning_and_evening"]', 0.0000, NULL, NULL, NULL, NULL),
	(3461, 121, 215, '0', '["morning_and_evening"]', 0.0000, NULL, NULL, NULL, NULL),
	(3462, 121, 216, '0', '["morning_and_evening"]', 0.0000, NULL, NULL, NULL, NULL),
	(3463, 121, 217, '0', '["morning_and_evening"]', 0.0000, NULL, NULL, NULL, NULL),
	(3464, 121, 218, '0', '["morning_and_evening"]', 0.0000, NULL, NULL, NULL, NULL),
	(3465, 121, 219, '0', '["morning_and_evening"]', 0.0000, NULL, NULL, NULL, NULL),
	(3466, 121, 220, '0', '["morning_and_evening"]', 0.0000, NULL, NULL, NULL, NULL),
	(3467, 121, 221, '0', '["morning_and_evening"]', 0.0000, NULL, NULL, NULL, NULL),
	(3468, 121, 222, '0', '["morning_and_evening"]', 0.0000, NULL, NULL, NULL, NULL),
	(3469, 121, 109, '0', '["morning_and_evening"]', 0.0000, NULL, NULL, NULL, NULL),
	(3470, 121, 110, '0', '["morning_and_evening"]', 0.0000, NULL, NULL, NULL, NULL),
	(3471, 121, 111, '0', '["morning_and_evening"]', 0.0000, NULL, NULL, NULL, NULL),
	(3472, 121, 112, '0', '["morning_and_evening"]', 0.0000, NULL, NULL, NULL, NULL),
	(3473, 121, 113, '0', '["morning_and_evening"]', 0.0000, NULL, NULL, NULL, NULL),
	(3474, 121, 114, '0', '["morning_and_evening"]', 0.0000, NULL, NULL, NULL, NULL),
	(3475, 121, 223, '0', '["morning_and_evening"]', 0.0000, NULL, NULL, NULL, NULL),
	(3476, 121, 224, '0', '["morning_and_evening"]', 0.0000, NULL, NULL, NULL, NULL),
	(3477, 121, 225, '0', '["morning_and_evening"]', 0.0000, NULL, NULL, NULL, NULL),
	(3478, 121, 226, '0', '["morning_and_evening"]', 0.0000, NULL, NULL, NULL, NULL),
	(3479, 121, 227, '0', '["morning_and_evening"]', 0.0000, NULL, NULL, NULL, NULL),
	(3480, 121, 228, '0', '["morning_and_evening"]', 0.0000, NULL, NULL, NULL, NULL),
	(3481, 122, 1, '100', '["morning_and_evening"]', 10.0000, NULL, NULL, NULL, NULL),
	(3482, 122, 9, '10', '["lunch"]', 10.0000, NULL, NULL, NULL, NULL),
	(3483, 122, 10, '05', '["lunch"]', 5.0000, NULL, NULL, NULL, NULL),
	(3484, 122, 13, '0', '["morning_and_evening"]', 0.0000, NULL, NULL, NULL, NULL),
	(3485, 122, 29, '2000', '["morning_and_evening"]', 2000.0000, NULL, NULL, NULL, NULL),
	(3486, 122, 7, '0', '["morning_and_evening"]', 0.0000, NULL, NULL, NULL, NULL),
	(3487, 122, 8, '0', '["morning_and_evening"]', 0.0000, NULL, NULL, NULL, NULL),
	(3488, 122, 2, '0', '["morning_and_evening"]', 0.0000, NULL, NULL, NULL, NULL),
	(3489, 122, 3, '500', '["morning","lunch"]', 500.0000, NULL, NULL, NULL, NULL),
	(3490, 122, 4, '0', '["morning_and_evening"]', 0.0000, NULL, NULL, NULL, NULL),
	(3491, 122, 5, '0', '["morning_and_evening"]', 0.0000, NULL, NULL, NULL, NULL),
	(3492, 122, 6, '0', '["morning_and_evening"]', 0.0000, NULL, NULL, NULL, NULL),
	(3493, 122, 11, '0', '["morning_and_evening"]', 0.0000, NULL, NULL, NULL, NULL),
	(3494, 122, 12, '0', '["morning_and_evening"]', 0.0000, NULL, NULL, NULL, NULL),
	(3495, 122, 14, '0', '["morning_and_evening"]', 0.0000, NULL, NULL, NULL, NULL),
	(3496, 122, 15, '0', '["morning_and_evening"]', 0.0000, NULL, NULL, NULL, NULL),
	(3497, 122, 115, '0', '["morning_and_evening"]', 0.0000, NULL, NULL, NULL, NULL),
	(3498, 122, 116, '0', '["morning_and_evening"]', 0.0000, NULL, NULL, NULL, NULL),
	(3499, 122, 117, '0', '["morning_and_evening"]', 0.0000, NULL, NULL, NULL, NULL),
	(3500, 122, 118, '0', '["morning_and_evening"]', 0.0000, NULL, NULL, NULL, NULL),
	(3501, 122, 119, '0', '["morning_and_evening"]', 0.0000, NULL, NULL, NULL, NULL),
	(3502, 122, 120, '0', '["morning_and_evening"]', 0.0000, NULL, NULL, NULL, NULL),
	(3503, 122, 121, '0', '["morning_and_evening"]', 0.0000, NULL, NULL, NULL, NULL),
	(3504, 122, 122, '0', '["morning_and_evening"]', 0.0000, NULL, NULL, NULL, NULL),
	(3505, 122, 123, '0', '["morning_and_evening"]', 0.0000, NULL, NULL, NULL, NULL),
	(3506, 122, 124, '0', '["morning_and_evening"]', 0.0000, NULL, NULL, NULL, NULL),
	(3507, 122, 125, '0', '["morning_and_evening"]', 0.0000, NULL, NULL, NULL, NULL),
	(3508, 122, 126, '0', '["morning_and_evening"]', 0.0000, NULL, NULL, NULL, NULL),
	(3509, 122, 127, '0', '["morning_and_evening"]', 0.0000, NULL, NULL, NULL, NULL),
	(3510, 122, 128, '0', '["morning_and_evening"]', 0.0000, NULL, NULL, NULL, NULL),
	(3511, 122, 129, '0', '["morning_and_evening"]', 0.0000, NULL, NULL, NULL, NULL),
	(3512, 122, 16, '0', '["morning_and_evening"]', 0.0000, NULL, NULL, NULL, NULL),
	(3513, 122, 17, '0', '["morning_and_evening"]', 0.0000, NULL, NULL, NULL, NULL),
	(3514, 122, 18, '0', '["morning_and_evening"]', 0.0000, NULL, NULL, NULL, NULL),
	(3515, 122, 19, '0', '["morning_and_evening"]', 0.0000, NULL, NULL, NULL, NULL),
	(3516, 122, 20, '0', '["morning_and_evening"]', 0.0000, NULL, NULL, NULL, NULL),
	(3517, 122, 21, '0', '["morning_and_evening"]', 0.0000, NULL, NULL, NULL, NULL),
	(3518, 122, 22, '0', '["morning_and_evening"]', 0.0000, NULL, NULL, NULL, NULL),
	(3519, 122, 23, '0', '["morning_and_evening"]', 0.0000, NULL, NULL, NULL, NULL),
	(3520, 122, 24, '0', '["morning_and_evening"]', 0.0000, NULL, NULL, NULL, NULL),
	(3521, 122, 25, '0', '["morning_and_evening"]', 0.0000, NULL, NULL, NULL, NULL),
	(3522, 122, 26, '0', '["morning_and_evening"]', 0.0000, NULL, NULL, NULL, NULL),
	(3523, 122, 27, '0', '["morning_and_evening"]', 0.0000, NULL, NULL, NULL, NULL),
	(3524, 122, 28, '0', '["morning_and_evening"]', 0.0000, NULL, NULL, NULL, NULL),
	(3525, 122, 130, '0', '["morning_and_evening"]', 0.0000, NULL, NULL, NULL, NULL),
	(3526, 122, 131, '0', '["morning_and_evening"]', 0.0000, NULL, NULL, NULL, NULL),
	(3527, 122, 132, '0', '["morning_and_evening"]', 0.0000, NULL, NULL, NULL, NULL),
	(3528, 122, 133, '0', '["morning_and_evening"]', 0.0000, NULL, NULL, NULL, NULL),
	(3529, 122, 134, '0', '["morning_and_evening"]', 0.0000, NULL, NULL, NULL, NULL),
	(3530, 122, 135, '0', '["morning_and_evening"]', 0.0000, NULL, NULL, NULL, NULL),
	(3531, 122, 136, '0', '["morning_and_evening"]', 0.0000, NULL, NULL, NULL, NULL),
	(3532, 122, 137, '0', '["morning_and_evening"]', 0.0000, NULL, NULL, NULL, NULL),
	(3533, 122, 138, '0', '["morning_and_evening"]', 0.0000, NULL, NULL, NULL, NULL),
	(3534, 122, 139, '0', '["morning_and_evening"]', 0.0000, NULL, NULL, NULL, NULL),
	(3535, 122, 140, '0', '["morning_and_evening"]', 0.0000, NULL, NULL, NULL, NULL),
	(3536, 122, 141, '0', '["morning_and_evening"]', 0.0000, NULL, NULL, NULL, NULL),
	(3537, 122, 142, '0', '["morning_and_evening"]', 0.0000, NULL, NULL, NULL, NULL),
	(3538, 122, 143, '0', '["morning_and_evening"]', 0.0000, NULL, NULL, NULL, NULL),
	(3539, 122, 30, '0', '["morning_and_evening"]', 0.0000, NULL, NULL, NULL, NULL),
	(3540, 122, 31, '0', '["morning_and_evening"]', 0.0000, NULL, NULL, NULL, NULL),
	(3541, 122, 32, '0', '["morning_and_evening"]', 0.0000, NULL, NULL, NULL, NULL),
	(3542, 122, 33, '0', '["morning_and_evening"]', 0.0000, NULL, NULL, NULL, NULL),
	(3543, 122, 34, '0', '["morning_and_evening"]', 0.0000, NULL, NULL, NULL, NULL),
	(3544, 122, 144, '0', '["morning_and_evening"]', 0.0000, NULL, NULL, NULL, NULL),
	(3545, 122, 145, '0', '["morning_and_evening"]', 0.0000, NULL, NULL, NULL, NULL),
	(3546, 122, 146, '0', '["morning_and_evening"]', 0.0000, NULL, NULL, NULL, NULL),
	(3547, 122, 147, '0', '["morning_and_evening"]', 0.0000, NULL, NULL, NULL, NULL),
	(3548, 122, 148, '0', '["morning_and_evening"]', 0.0000, NULL, NULL, NULL, NULL),
	(3549, 122, 35, '0', '["morning_and_evening"]', 0.0000, NULL, NULL, NULL, NULL),
	(3550, 122, 36, '0', '["morning_and_evening"]', 0.0000, NULL, NULL, NULL, NULL),
	(3551, 122, 37, '0', '["morning_and_evening"]', 0.0000, NULL, NULL, NULL, NULL),
	(3552, 122, 38, '0', '["morning_and_evening"]', 0.0000, NULL, NULL, NULL, NULL),
	(3553, 122, 39, '0', '["morning_and_evening"]', 0.0000, NULL, NULL, NULL, NULL),
	(3554, 122, 40, '0', '["morning_and_evening"]', 0.0000, NULL, NULL, NULL, NULL),
	(3555, 122, 41, '0', '["morning_and_evening"]', 0.0000, NULL, NULL, NULL, NULL),
	(3556, 122, 42, '0', '["morning_and_evening"]', 0.0000, NULL, NULL, NULL, NULL),
	(3557, 122, 43, '0', '["morning_and_evening"]', 0.0000, NULL, NULL, NULL, NULL),
	(3558, 122, 44, '0', '["morning_and_evening"]', 0.0000, NULL, NULL, NULL, NULL),
	(3559, 122, 45, '0', '["morning_and_evening"]', 0.0000, NULL, NULL, NULL, NULL),
	(3560, 122, 46, '0', '["morning_and_evening"]', 0.0000, NULL, NULL, NULL, NULL),
	(3561, 122, 47, '0', '["morning_and_evening"]', 0.0000, NULL, NULL, NULL, NULL),
	(3562, 122, 48, '0', '["morning_and_evening"]', 0.0000, NULL, NULL, NULL, NULL),
	(3563, 122, 49, '0', '["morning_and_evening"]', 0.0000, NULL, NULL, NULL, NULL),
	(3564, 122, 50, '0', '["morning_and_evening"]', 0.0000, NULL, NULL, NULL, NULL),
	(3565, 122, 149, '0', '["morning_and_evening"]', 0.0000, NULL, NULL, NULL, NULL),
	(3566, 122, 150, '0', '["morning_and_evening"]', 0.0000, NULL, NULL, NULL, NULL),
	(3567, 122, 151, '0', '["morning_and_evening"]', 0.0000, NULL, NULL, NULL, NULL),
	(3568, 122, 152, '0', '["morning_and_evening"]', 0.0000, NULL, NULL, NULL, NULL),
	(3569, 122, 153, '0', '["morning_and_evening"]', 0.0000, NULL, NULL, NULL, NULL),
	(3570, 122, 154, '0', '["morning_and_evening"]', 0.0000, NULL, NULL, NULL, NULL),
	(3571, 122, 155, '0', '["morning_and_evening"]', 0.0000, NULL, NULL, NULL, NULL),
	(3572, 122, 156, '0', '["morning_and_evening"]', 0.0000, NULL, NULL, NULL, NULL),
	(3573, 122, 157, '0', '["morning_and_evening"]', 0.0000, NULL, NULL, NULL, NULL),
	(3574, 122, 158, '0', '["morning_and_evening"]', 0.0000, NULL, NULL, NULL, NULL),
	(3575, 122, 159, '0', '["morning_and_evening"]', 0.0000, NULL, NULL, NULL, NULL),
	(3576, 122, 160, '0', '["morning_and_evening"]', 0.0000, NULL, NULL, NULL, NULL),
	(3577, 122, 161, '0', '["morning_and_evening"]', 0.0000, NULL, NULL, NULL, NULL),
	(3578, 122, 162, '0', '["morning_and_evening"]', 0.0000, NULL, NULL, NULL, NULL),
	(3579, 122, 163, '0', '["morning_and_evening"]', 0.0000, NULL, NULL, NULL, NULL),
	(3580, 122, 164, '0', '["morning_and_evening"]', 0.0000, NULL, NULL, NULL, NULL),
	(3581, 122, 51, '0', '["morning_and_evening"]', 0.0000, NULL, NULL, NULL, NULL),
	(3582, 122, 52, '0', '["morning_and_evening"]', 0.0000, NULL, NULL, NULL, NULL),
	(3583, 122, 53, '0', '["morning_and_evening"]', 0.0000, NULL, NULL, NULL, NULL),
	(3584, 122, 54, '0', '["morning_and_evening"]', 0.0000, NULL, NULL, NULL, NULL),
	(3585, 122, 55, '0', '["morning_and_evening"]', 0.0000, NULL, NULL, NULL, NULL),
	(3586, 122, 56, '0', '["morning_and_evening"]', 0.0000, NULL, NULL, NULL, NULL),
	(3587, 122, 57, '0', '["morning_and_evening"]', 0.0000, NULL, NULL, NULL, NULL),
	(3588, 122, 58, '0', '["morning_and_evening"]', 0.0000, NULL, NULL, NULL, NULL),
	(3589, 122, 59, '0', '["morning_and_evening"]', 0.0000, NULL, NULL, NULL, NULL),
	(3590, 122, 60, '0', '["morning_and_evening"]', 0.0000, NULL, NULL, NULL, NULL),
	(3591, 122, 61, '0', '["morning_and_evening"]', 0.0000, NULL, NULL, NULL, NULL),
	(3592, 122, 62, '0', '["morning_and_evening"]', 0.0000, NULL, NULL, NULL, NULL),
	(3593, 122, 63, '0', '["morning_and_evening"]', 0.0000, NULL, NULL, NULL, NULL),
	(3594, 122, 165, '0', '["morning_and_evening"]', 0.0000, NULL, NULL, NULL, NULL),
	(3595, 122, 166, '0', '["morning_and_evening"]', 0.0000, NULL, NULL, NULL, NULL),
	(3596, 122, 167, '0', '["morning_and_evening"]', 0.0000, NULL, NULL, NULL, NULL),
	(3597, 122, 168, '0', '["morning_and_evening"]', 0.0000, NULL, NULL, NULL, NULL),
	(3598, 122, 169, '0', '["morning_and_evening"]', 0.0000, NULL, NULL, NULL, NULL),
	(3599, 122, 170, '0', '["morning_and_evening"]', 0.0000, NULL, NULL, NULL, NULL),
	(3600, 122, 171, '0', '["morning_and_evening"]', 0.0000, NULL, NULL, NULL, NULL),
	(3601, 122, 172, '0', '["morning_and_evening"]', 0.0000, NULL, NULL, NULL, NULL),
	(3602, 122, 173, '0', '["morning_and_evening"]', 0.0000, NULL, NULL, NULL, NULL),
	(3603, 122, 174, '0', '["morning_and_evening"]', 0.0000, NULL, NULL, NULL, NULL),
	(3604, 122, 175, '0', '["morning_and_evening"]', 0.0000, NULL, NULL, NULL, NULL),
	(3605, 122, 176, '0', '["morning_and_evening"]', 0.0000, NULL, NULL, NULL, NULL),
	(3606, 122, 177, '0', '["morning_and_evening"]', 0.0000, NULL, NULL, NULL, NULL),
	(3607, 122, 64, '0', '["morning_and_evening"]', 0.0000, NULL, NULL, NULL, NULL),
	(3608, 122, 65, '0', '["morning_and_evening"]', 0.0000, NULL, NULL, NULL, NULL),
	(3609, 122, 66, '0', '["morning_and_evening"]', 0.0000, NULL, NULL, NULL, NULL),
	(3610, 122, 178, '0', '["morning_and_evening"]', 0.0000, NULL, NULL, NULL, NULL),
	(3611, 122, 179, '0', '["morning_and_evening"]', 0.0000, NULL, NULL, NULL, NULL),
	(3612, 122, 180, '0', '["morning_and_evening"]', 0.0000, NULL, NULL, NULL, NULL),
	(3613, 122, 67, '0', '["morning_and_evening"]', 0.0000, NULL, NULL, NULL, NULL),
	(3614, 122, 68, '0', '["morning_and_evening"]', 0.0000, NULL, NULL, NULL, NULL),
	(3615, 122, 69, '0', '["morning_and_evening"]', 0.0000, NULL, NULL, NULL, NULL),
	(3616, 122, 181, '0', '["morning_and_evening"]', 0.0000, NULL, NULL, NULL, NULL),
	(3617, 122, 182, '0', '["morning_and_evening"]', 0.0000, NULL, NULL, NULL, NULL),
	(3618, 122, 183, '0', '["morning_and_evening"]', 0.0000, NULL, NULL, NULL, NULL),
	(3619, 122, 70, '0', '["morning_and_evening"]', 0.0000, NULL, NULL, NULL, NULL),
	(3620, 122, 71, '0', '["morning_and_evening"]', 0.0000, NULL, NULL, NULL, NULL),
	(3621, 122, 72, '0', '["morning_and_evening"]', 0.0000, NULL, NULL, NULL, NULL),
	(3622, 122, 73, '0', '["morning_and_evening"]', 0.0000, NULL, NULL, NULL, NULL),
	(3623, 122, 74, '0', '["morning_and_evening"]', 0.0000, NULL, NULL, NULL, NULL),
	(3624, 122, 75, '0', '["morning_and_evening"]', 0.0000, NULL, NULL, NULL, NULL),
	(3625, 122, 76, '0', '["morning_and_evening"]', 0.0000, NULL, NULL, NULL, NULL),
	(3626, 122, 77, '0', '["morning_and_evening"]', 0.0000, NULL, NULL, NULL, NULL),
	(3627, 122, 78, '0', '["morning_and_evening"]', 0.0000, NULL, NULL, NULL, NULL),
	(3628, 122, 79, '0', '["morning_and_evening"]', 0.0000, NULL, NULL, NULL, NULL),
	(3629, 122, 80, '0', '["morning_and_evening"]', 0.0000, NULL, NULL, NULL, NULL),
	(3630, 122, 81, '0', '["morning_and_evening"]', 0.0000, NULL, NULL, NULL, NULL),
	(3631, 122, 82, '0', '["morning_and_evening"]', 0.0000, NULL, NULL, NULL, NULL),
	(3632, 122, 83, '0', '["morning_and_evening"]', 0.0000, NULL, NULL, NULL, NULL),
	(3633, 122, 84, '0', '["morning_and_evening"]', 0.0000, NULL, NULL, NULL, NULL),
	(3634, 122, 85, '0', '["morning_and_evening"]', 0.0000, NULL, NULL, NULL, NULL),
	(3635, 122, 86, '0', '["morning_and_evening"]', 0.0000, NULL, NULL, NULL, NULL),
	(3636, 122, 87, '0', '["morning_and_evening"]', 0.0000, NULL, NULL, NULL, NULL),
	(3637, 122, 88, '0', '["morning_and_evening"]', 0.0000, NULL, NULL, NULL, NULL),
	(3638, 122, 89, '0', '["morning_and_evening"]', 0.0000, NULL, NULL, NULL, NULL),
	(3639, 122, 90, '0', '["morning_and_evening"]', 0.0000, NULL, NULL, NULL, NULL),
	(3640, 122, 91, '0', '["morning_and_evening"]', 0.0000, NULL, NULL, NULL, NULL),
	(3641, 122, 92, '0', '["morning_and_evening"]', 0.0000, NULL, NULL, NULL, NULL),
	(3642, 122, 93, '0', '["morning_and_evening"]', 0.0000, NULL, NULL, NULL, NULL),
	(3643, 122, 94, '0', '["morning_and_evening"]', 0.0000, NULL, NULL, NULL, NULL),
	(3644, 122, 95, '0', '["morning_and_evening"]', 0.0000, NULL, NULL, NULL, NULL),
	(3645, 122, 96, '0', '["morning_and_evening"]', 0.0000, NULL, NULL, NULL, NULL),
	(3646, 122, 97, '0', '["morning_and_evening"]', 0.0000, NULL, NULL, NULL, NULL),
	(3647, 122, 98, '0', '["morning_and_evening"]', 0.0000, NULL, NULL, NULL, NULL),
	(3648, 122, 99, '0', '["morning_and_evening"]', 0.0000, NULL, NULL, NULL, NULL),
	(3649, 122, 100, '0', '["morning_and_evening"]', 0.0000, NULL, NULL, NULL, NULL),
	(3650, 122, 101, '0', '["morning_and_evening"]', 0.0000, NULL, NULL, NULL, NULL),
	(3651, 122, 102, '0', '["morning_and_evening"]', 0.0000, NULL, NULL, NULL, NULL),
	(3652, 122, 103, '0', '["morning_and_evening"]', 0.0000, NULL, NULL, NULL, NULL),
	(3653, 122, 104, '0', '["morning_and_evening"]', 0.0000, NULL, NULL, NULL, NULL),
	(3654, 122, 105, '0', '["morning_and_evening"]', 0.0000, NULL, NULL, NULL, NULL),
	(3655, 122, 106, '0', '["morning_and_evening"]', 0.0000, NULL, NULL, NULL, NULL),
	(3656, 122, 107, '0', '["morning_and_evening"]', 0.0000, NULL, NULL, NULL, NULL),
	(3657, 122, 108, '0', '["morning_and_evening"]', 0.0000, NULL, NULL, NULL, NULL),
	(3658, 122, 184, '0', '["morning_and_evening"]', 0.0000, NULL, NULL, NULL, NULL),
	(3659, 122, 185, '0', '["morning_and_evening"]', 0.0000, NULL, NULL, NULL, NULL),
	(3660, 122, 186, '0', '["morning_and_evening"]', 0.0000, NULL, NULL, NULL, NULL),
	(3661, 122, 187, '0', '["morning_and_evening"]', 0.0000, NULL, NULL, NULL, NULL),
	(3662, 122, 188, '0', '["morning_and_evening"]', 0.0000, NULL, NULL, NULL, NULL),
	(3663, 122, 189, '0', '["morning_and_evening"]', 0.0000, NULL, NULL, NULL, NULL),
	(3664, 122, 190, '0', '["morning_and_evening"]', 0.0000, NULL, NULL, NULL, NULL),
	(3665, 122, 191, '0', '["morning_and_evening"]', 0.0000, NULL, NULL, NULL, NULL),
	(3666, 122, 192, '0', '["morning_and_evening"]', 0.0000, NULL, NULL, NULL, NULL),
	(3667, 122, 193, '0', '["morning_and_evening"]', 0.0000, NULL, NULL, NULL, NULL),
	(3668, 122, 194, '0', '["morning_and_evening"]', 0.0000, NULL, NULL, NULL, NULL),
	(3669, 122, 195, '0', '["morning_and_evening"]', 0.0000, NULL, NULL, NULL, NULL),
	(3670, 122, 196, '0', '["morning_and_evening"]', 0.0000, NULL, NULL, NULL, NULL),
	(3671, 122, 197, '0', '["morning_and_evening"]', 0.0000, NULL, NULL, NULL, NULL),
	(3672, 122, 198, '0', '["morning_and_evening"]', 0.0000, NULL, NULL, NULL, NULL),
	(3673, 122, 199, '0', '["morning_and_evening"]', 0.0000, NULL, NULL, NULL, NULL),
	(3674, 122, 200, '0', '["morning_and_evening"]', 0.0000, NULL, NULL, NULL, NULL),
	(3675, 122, 201, '0', '["morning_and_evening"]', 0.0000, NULL, NULL, NULL, NULL),
	(3676, 122, 202, '0', '["morning_and_evening"]', 0.0000, NULL, NULL, NULL, NULL),
	(3677, 122, 203, '0', '["morning_and_evening"]', 0.0000, NULL, NULL, NULL, NULL),
	(3678, 122, 204, '0', '["morning_and_evening"]', 0.0000, NULL, NULL, NULL, NULL),
	(3679, 122, 205, '0', '["morning_and_evening"]', 0.0000, NULL, NULL, NULL, NULL),
	(3680, 122, 206, '0', '["morning_and_evening"]', 0.0000, NULL, NULL, NULL, NULL),
	(3681, 122, 207, '0', '["morning_and_evening"]', 0.0000, NULL, NULL, NULL, NULL),
	(3682, 122, 208, '0', '["morning_and_evening"]', 0.0000, NULL, NULL, NULL, NULL),
	(3683, 122, 209, '0', '["morning_and_evening"]', 0.0000, NULL, NULL, NULL, NULL),
	(3684, 122, 210, '0', '["morning_and_evening"]', 0.0000, NULL, NULL, NULL, NULL),
	(3685, 122, 211, '0', '["morning_and_evening"]', 0.0000, NULL, NULL, NULL, NULL),
	(3686, 122, 212, '0', '["morning_and_evening"]', 0.0000, NULL, NULL, NULL, NULL),
	(3687, 122, 213, '0', '["morning_and_evening"]', 0.0000, NULL, NULL, NULL, NULL),
	(3688, 122, 214, '0', '["morning_and_evening"]', 0.0000, NULL, NULL, NULL, NULL),
	(3689, 122, 215, '0', '["morning_and_evening"]', 0.0000, NULL, NULL, NULL, NULL),
	(3690, 122, 216, '0', '["morning_and_evening"]', 0.0000, NULL, NULL, NULL, NULL),
	(3691, 122, 217, '0', '["morning_and_evening"]', 0.0000, NULL, NULL, NULL, NULL),
	(3692, 122, 218, '0', '["morning_and_evening"]', 0.0000, NULL, NULL, NULL, NULL),
	(3693, 122, 219, '0', '["morning_and_evening"]', 0.0000, NULL, NULL, NULL, NULL),
	(3694, 122, 220, '0', '["morning_and_evening"]', 0.0000, NULL, NULL, NULL, NULL),
	(3695, 122, 221, '0', '["morning_and_evening"]', 0.0000, NULL, NULL, NULL, NULL),
	(3696, 122, 222, '0', '["morning_and_evening"]', 0.0000, NULL, NULL, NULL, NULL),
	(3697, 122, 109, '0', '["morning_and_evening"]', 0.0000, NULL, NULL, NULL, NULL),
	(3698, 122, 110, '0', '["morning_and_evening"]', 0.0000, NULL, NULL, NULL, NULL),
	(3699, 122, 111, '0', '["morning_and_evening"]', 0.0000, NULL, NULL, NULL, NULL),
	(3700, 122, 112, '0', '["morning_and_evening"]', 0.0000, NULL, NULL, NULL, NULL),
	(3701, 122, 113, '0', '["morning_and_evening"]', 0.0000, NULL, NULL, NULL, NULL),
	(3702, 122, 114, '0', '["morning_and_evening"]', 0.0000, NULL, NULL, NULL, NULL),
	(3703, 122, 223, '0', '["morning_and_evening"]', 0.0000, NULL, NULL, NULL, NULL),
	(3704, 122, 224, '0', '["morning_and_evening"]', 0.0000, NULL, NULL, NULL, NULL),
	(3705, 122, 225, '0', '["morning_and_evening"]', 0.0000, NULL, NULL, NULL, NULL),
	(3706, 122, 226, '0', '["morning_and_evening"]', 0.0000, NULL, NULL, NULL, NULL),
	(3707, 122, 227, '0', '["morning_and_evening"]', 0.0000, NULL, NULL, NULL, NULL),
	(3708, 122, 228, '0', '["morning_and_evening"]', 0.0000, NULL, NULL, NULL, NULL),
	(3709, 123, 1, '100', '["morning_and_evening"]', 10.0000, NULL, NULL, NULL, NULL),
	(3710, 123, 9, '10', '["lunch"]', 10.0000, NULL, NULL, NULL, NULL),
	(3711, 123, 10, '05', '["lunch"]', 5.0000, NULL, NULL, NULL, NULL),
	(3712, 123, 13, '0', '["morning_and_evening"]', 0.0000, NULL, NULL, NULL, NULL),
	(3713, 123, 29, '2000', '["morning_and_evening"]', 2000.0000, NULL, NULL, NULL, NULL),
	(3714, 123, 7, '0', '["morning_and_evening"]', 0.0000, NULL, NULL, NULL, NULL),
	(3715, 123, 8, '0', '["morning_and_evening"]', 0.0000, NULL, NULL, NULL, NULL),
	(3716, 123, 2, '0', '["morning_and_evening"]', 0.0000, NULL, NULL, NULL, NULL),
	(3717, 123, 3, '500', '["morning","lunch"]', 500.0000, NULL, NULL, NULL, NULL),
	(3718, 123, 4, '0', '["morning_and_evening"]', 0.0000, NULL, NULL, NULL, NULL),
	(3719, 123, 5, '0', '["morning_and_evening"]', 0.0000, NULL, NULL, NULL, NULL),
	(3720, 123, 6, '0', '["morning_and_evening"]', 0.0000, NULL, NULL, NULL, NULL),
	(3721, 123, 11, '0', '["morning_and_evening"]', 0.0000, NULL, NULL, NULL, NULL),
	(3722, 123, 12, '0', '["morning_and_evening"]', 0.0000, NULL, NULL, NULL, NULL),
	(3723, 123, 14, '0', '["morning_and_evening"]', 0.0000, NULL, NULL, NULL, NULL),
	(3724, 123, 15, '0', '["morning_and_evening"]', 0.0000, NULL, NULL, NULL, NULL),
	(3725, 123, 115, '0', '["morning_and_evening"]', 0.0000, NULL, NULL, NULL, NULL),
	(3726, 123, 116, '0', '["morning_and_evening"]', 0.0000, NULL, NULL, NULL, NULL),
	(3727, 123, 117, '0', '["morning_and_evening"]', 0.0000, NULL, NULL, NULL, NULL),
	(3728, 123, 118, '0', '["morning_and_evening"]', 0.0000, NULL, NULL, NULL, NULL),
	(3729, 123, 119, '0', '["morning_and_evening"]', 0.0000, NULL, NULL, NULL, NULL),
	(3730, 123, 120, '0', '["morning_and_evening"]', 0.0000, NULL, NULL, NULL, NULL),
	(3731, 123, 121, '0', '["morning_and_evening"]', 0.0000, NULL, NULL, NULL, NULL),
	(3732, 123, 122, '0', '["morning_and_evening"]', 0.0000, NULL, NULL, NULL, NULL),
	(3733, 123, 123, '0', '["morning_and_evening"]', 0.0000, NULL, NULL, NULL, NULL),
	(3734, 123, 124, '0', '["morning_and_evening"]', 0.0000, NULL, NULL, NULL, NULL),
	(3735, 123, 125, '0', '["morning_and_evening"]', 0.0000, NULL, NULL, NULL, NULL),
	(3736, 123, 126, '0', '["morning_and_evening"]', 0.0000, NULL, NULL, NULL, NULL),
	(3737, 123, 127, '0', '["morning_and_evening"]', 0.0000, NULL, NULL, NULL, NULL),
	(3738, 123, 128, '0', '["morning_and_evening"]', 0.0000, NULL, NULL, NULL, NULL),
	(3739, 123, 129, '0', '["morning_and_evening"]', 0.0000, NULL, NULL, NULL, NULL),
	(3740, 123, 16, '0', '["morning_and_evening"]', 0.0000, NULL, NULL, NULL, NULL),
	(3741, 123, 17, '0', '["morning_and_evening"]', 0.0000, NULL, NULL, NULL, NULL),
	(3742, 123, 18, '0', '["morning_and_evening"]', 0.0000, NULL, NULL, NULL, NULL),
	(3743, 123, 19, '0', '["morning_and_evening"]', 0.0000, NULL, NULL, NULL, NULL),
	(3744, 123, 20, '0', '["morning_and_evening"]', 0.0000, NULL, NULL, NULL, NULL),
	(3745, 123, 21, '0', '["morning_and_evening"]', 0.0000, NULL, NULL, NULL, NULL),
	(3746, 123, 22, '0', '["morning_and_evening"]', 0.0000, NULL, NULL, NULL, NULL),
	(3747, 123, 23, '0', '["morning_and_evening"]', 0.0000, NULL, NULL, NULL, NULL),
	(3748, 123, 24, '0', '["morning_and_evening"]', 0.0000, NULL, NULL, NULL, NULL),
	(3749, 123, 25, '0', '["morning_and_evening"]', 0.0000, NULL, NULL, NULL, NULL),
	(3750, 123, 26, '0', '["morning_and_evening"]', 0.0000, NULL, NULL, NULL, NULL),
	(3751, 123, 27, '0', '["morning_and_evening"]', 0.0000, NULL, NULL, NULL, NULL),
	(3752, 123, 28, '0', '["morning_and_evening"]', 0.0000, NULL, NULL, NULL, NULL),
	(3753, 123, 130, '0', '["morning_and_evening"]', 0.0000, NULL, NULL, NULL, NULL),
	(3754, 123, 131, '0', '["morning_and_evening"]', 0.0000, NULL, NULL, NULL, NULL),
	(3755, 123, 132, '0', '["morning_and_evening"]', 0.0000, NULL, NULL, NULL, NULL),
	(3756, 123, 133, '0', '["morning_and_evening"]', 0.0000, NULL, NULL, NULL, NULL),
	(3757, 123, 134, '0', '["morning_and_evening"]', 0.0000, NULL, NULL, NULL, NULL),
	(3758, 123, 135, '0', '["morning_and_evening"]', 0.0000, NULL, NULL, NULL, NULL),
	(3759, 123, 136, '0', '["morning_and_evening"]', 0.0000, NULL, NULL, NULL, NULL),
	(3760, 123, 137, '0', '["morning_and_evening"]', 0.0000, NULL, NULL, NULL, NULL),
	(3761, 123, 138, '0', '["morning_and_evening"]', 0.0000, NULL, NULL, NULL, NULL),
	(3762, 123, 139, '0', '["morning_and_evening"]', 0.0000, NULL, NULL, NULL, NULL),
	(3763, 123, 140, '0', '["morning_and_evening"]', 0.0000, NULL, NULL, NULL, NULL),
	(3764, 123, 141, '0', '["morning_and_evening"]', 0.0000, NULL, NULL, NULL, NULL),
	(3765, 123, 142, '0', '["morning_and_evening"]', 0.0000, NULL, NULL, NULL, NULL),
	(3766, 123, 143, '0', '["morning_and_evening"]', 0.0000, NULL, NULL, NULL, NULL),
	(3767, 123, 30, '0', '["morning_and_evening"]', 0.0000, NULL, NULL, NULL, NULL),
	(3768, 123, 31, '0', '["morning_and_evening"]', 0.0000, NULL, NULL, NULL, NULL),
	(3769, 123, 32, '0', '["morning_and_evening"]', 0.0000, NULL, NULL, NULL, NULL),
	(3770, 123, 33, '0', '["morning_and_evening"]', 0.0000, NULL, NULL, NULL, NULL),
	(3771, 123, 34, '0', '["morning_and_evening"]', 0.0000, NULL, NULL, NULL, NULL),
	(3772, 123, 144, '0', '["morning_and_evening"]', 0.0000, NULL, NULL, NULL, NULL),
	(3773, 123, 145, '0', '["morning_and_evening"]', 0.0000, NULL, NULL, NULL, NULL),
	(3774, 123, 146, '0', '["morning_and_evening"]', 0.0000, NULL, NULL, NULL, NULL),
	(3775, 123, 147, '0', '["morning_and_evening"]', 0.0000, NULL, NULL, NULL, NULL),
	(3776, 123, 148, '0', '["morning_and_evening"]', 0.0000, NULL, NULL, NULL, NULL),
	(3777, 123, 35, '0', '["morning_and_evening"]', 0.0000, NULL, NULL, NULL, NULL),
	(3778, 123, 36, '0', '["morning_and_evening"]', 0.0000, NULL, NULL, NULL, NULL),
	(3779, 123, 37, '0', '["morning_and_evening"]', 0.0000, NULL, NULL, NULL, NULL),
	(3780, 123, 38, '0', '["morning_and_evening"]', 0.0000, NULL, NULL, NULL, NULL),
	(3781, 123, 39, '0', '["morning_and_evening"]', 0.0000, NULL, NULL, NULL, NULL),
	(3782, 123, 40, '0', '["morning_and_evening"]', 0.0000, NULL, NULL, NULL, NULL),
	(3783, 123, 41, '0', '["morning_and_evening"]', 0.0000, NULL, NULL, NULL, NULL),
	(3784, 123, 42, '0', '["morning_and_evening"]', 0.0000, NULL, NULL, NULL, NULL),
	(3785, 123, 43, '0', '["morning_and_evening"]', 0.0000, NULL, NULL, NULL, NULL),
	(3786, 123, 44, '0', '["morning_and_evening"]', 0.0000, NULL, NULL, NULL, NULL),
	(3787, 123, 45, '0', '["morning_and_evening"]', 0.0000, NULL, NULL, NULL, NULL),
	(3788, 123, 46, '0', '["morning_and_evening"]', 0.0000, NULL, NULL, NULL, NULL),
	(3789, 123, 47, '0', '["morning_and_evening"]', 0.0000, NULL, NULL, NULL, NULL),
	(3790, 123, 48, '0', '["morning_and_evening"]', 0.0000, NULL, NULL, NULL, NULL),
	(3791, 123, 49, '0', '["morning_and_evening"]', 0.0000, NULL, NULL, NULL, NULL),
	(3792, 123, 50, '0', '["morning_and_evening"]', 0.0000, NULL, NULL, NULL, NULL),
	(3793, 123, 149, '0', '["morning_and_evening"]', 0.0000, NULL, NULL, NULL, NULL),
	(3794, 123, 150, '0', '["morning_and_evening"]', 0.0000, NULL, NULL, NULL, NULL),
	(3795, 123, 151, '0', '["morning_and_evening"]', 0.0000, NULL, NULL, NULL, NULL),
	(3796, 123, 152, '0', '["morning_and_evening"]', 0.0000, NULL, NULL, NULL, NULL),
	(3797, 123, 153, '0', '["morning_and_evening"]', 0.0000, NULL, NULL, NULL, NULL),
	(3798, 123, 154, '0', '["morning_and_evening"]', 0.0000, NULL, NULL, NULL, NULL),
	(3799, 123, 155, '0', '["morning_and_evening"]', 0.0000, NULL, NULL, NULL, NULL),
	(3800, 123, 156, '0', '["morning_and_evening"]', 0.0000, NULL, NULL, NULL, NULL),
	(3801, 123, 157, '0', '["morning_and_evening"]', 0.0000, NULL, NULL, NULL, NULL),
	(3802, 123, 158, '0', '["morning_and_evening"]', 0.0000, NULL, NULL, NULL, NULL),
	(3803, 123, 159, '0', '["morning_and_evening"]', 0.0000, NULL, NULL, NULL, NULL),
	(3804, 123, 160, '0', '["morning_and_evening"]', 0.0000, NULL, NULL, NULL, NULL),
	(3805, 123, 161, '0', '["morning_and_evening"]', 0.0000, NULL, NULL, NULL, NULL),
	(3806, 123, 162, '0', '["morning_and_evening"]', 0.0000, NULL, NULL, NULL, NULL),
	(3807, 123, 163, '0', '["morning_and_evening"]', 0.0000, NULL, NULL, NULL, NULL),
	(3808, 123, 164, '0', '["morning_and_evening"]', 0.0000, NULL, NULL, NULL, NULL),
	(3809, 123, 51, '0', '["morning_and_evening"]', 0.0000, NULL, NULL, NULL, NULL),
	(3810, 123, 52, '0', '["morning_and_evening"]', 0.0000, NULL, NULL, NULL, NULL),
	(3811, 123, 53, '0', '["morning_and_evening"]', 0.0000, NULL, NULL, NULL, NULL),
	(3812, 123, 54, '0', '["morning_and_evening"]', 0.0000, NULL, NULL, NULL, NULL),
	(3813, 123, 55, '0', '["morning_and_evening"]', 0.0000, NULL, NULL, NULL, NULL),
	(3814, 123, 56, '0', '["morning_and_evening"]', 0.0000, NULL, NULL, NULL, NULL),
	(3815, 123, 57, '0', '["morning_and_evening"]', 0.0000, NULL, NULL, NULL, NULL),
	(3816, 123, 58, '0', '["morning_and_evening"]', 0.0000, NULL, NULL, NULL, NULL),
	(3817, 123, 59, '0', '["morning_and_evening"]', 0.0000, NULL, NULL, NULL, NULL),
	(3818, 123, 60, '0', '["morning_and_evening"]', 0.0000, NULL, NULL, NULL, NULL),
	(3819, 123, 61, '0', '["morning_and_evening"]', 0.0000, NULL, NULL, NULL, NULL),
	(3820, 123, 62, '0', '["morning_and_evening"]', 0.0000, NULL, NULL, NULL, NULL),
	(3821, 123, 63, '0', '["morning_and_evening"]', 0.0000, NULL, NULL, NULL, NULL),
	(3822, 123, 165, '0', '["morning_and_evening"]', 0.0000, NULL, NULL, NULL, NULL),
	(3823, 123, 166, '0', '["morning_and_evening"]', 0.0000, NULL, NULL, NULL, NULL),
	(3824, 123, 167, '0', '["morning_and_evening"]', 0.0000, NULL, NULL, NULL, NULL),
	(3825, 123, 168, '0', '["morning_and_evening"]', 0.0000, NULL, NULL, NULL, NULL),
	(3826, 123, 169, '0', '["morning_and_evening"]', 0.0000, NULL, NULL, NULL, NULL),
	(3827, 123, 170, '0', '["morning_and_evening"]', 0.0000, NULL, NULL, NULL, NULL),
	(3828, 123, 171, '0', '["morning_and_evening"]', 0.0000, NULL, NULL, NULL, NULL),
	(3829, 123, 172, '0', '["morning_and_evening"]', 0.0000, NULL, NULL, NULL, NULL),
	(3830, 123, 173, '0', '["morning_and_evening"]', 0.0000, NULL, NULL, NULL, NULL),
	(3831, 123, 174, '0', '["morning_and_evening"]', 0.0000, NULL, NULL, NULL, NULL),
	(3832, 123, 175, '0', '["morning_and_evening"]', 0.0000, NULL, NULL, NULL, NULL),
	(3833, 123, 176, '0', '["morning_and_evening"]', 0.0000, NULL, NULL, NULL, NULL),
	(3834, 123, 177, '0', '["morning_and_evening"]', 0.0000, NULL, NULL, NULL, NULL),
	(3835, 123, 64, '0', '["morning_and_evening"]', 0.0000, NULL, NULL, NULL, NULL),
	(3836, 123, 65, '0', '["morning_and_evening"]', 0.0000, NULL, NULL, NULL, NULL),
	(3837, 123, 66, '0', '["morning_and_evening"]', 0.0000, NULL, NULL, NULL, NULL),
	(3838, 123, 178, '0', '["morning_and_evening"]', 0.0000, NULL, NULL, NULL, NULL),
	(3839, 123, 179, '0', '["morning_and_evening"]', 0.0000, NULL, NULL, NULL, NULL),
	(3840, 123, 180, '0', '["morning_and_evening"]', 0.0000, NULL, NULL, NULL, NULL),
	(3841, 123, 67, '0', '["morning_and_evening"]', 0.0000, NULL, NULL, NULL, NULL),
	(3842, 123, 68, '0', '["morning_and_evening"]', 0.0000, NULL, NULL, NULL, NULL),
	(3843, 123, 69, '0', '["morning_and_evening"]', 0.0000, NULL, NULL, NULL, NULL),
	(3844, 123, 181, '0', '["morning_and_evening"]', 0.0000, NULL, NULL, NULL, NULL),
	(3845, 123, 182, '0', '["morning_and_evening"]', 0.0000, NULL, NULL, NULL, NULL),
	(3846, 123, 183, '0', '["morning_and_evening"]', 0.0000, NULL, NULL, NULL, NULL),
	(3847, 123, 70, '0', '["morning_and_evening"]', 0.0000, NULL, NULL, NULL, NULL),
	(3848, 123, 71, '0', '["morning_and_evening"]', 0.0000, NULL, NULL, NULL, NULL),
	(3849, 123, 72, '0', '["morning_and_evening"]', 0.0000, NULL, NULL, NULL, NULL),
	(3850, 123, 73, '0', '["morning_and_evening"]', 0.0000, NULL, NULL, NULL, NULL),
	(3851, 123, 74, '0', '["morning_and_evening"]', 0.0000, NULL, NULL, NULL, NULL),
	(3852, 123, 75, '0', '["morning_and_evening"]', 0.0000, NULL, NULL, NULL, NULL),
	(3853, 123, 76, '0', '["morning_and_evening"]', 0.0000, NULL, NULL, NULL, NULL),
	(3854, 123, 77, '0', '["morning_and_evening"]', 0.0000, NULL, NULL, NULL, NULL),
	(3855, 123, 78, '0', '["morning_and_evening"]', 0.0000, NULL, NULL, NULL, NULL),
	(3856, 123, 79, '0', '["morning_and_evening"]', 0.0000, NULL, NULL, NULL, NULL),
	(3857, 123, 80, '0', '["morning_and_evening"]', 0.0000, NULL, NULL, NULL, NULL),
	(3858, 123, 81, '0', '["morning_and_evening"]', 0.0000, NULL, NULL, NULL, NULL),
	(3859, 123, 82, '0', '["morning_and_evening"]', 0.0000, NULL, NULL, NULL, NULL),
	(3860, 123, 83, '0', '["morning_and_evening"]', 0.0000, NULL, NULL, NULL, NULL),
	(3861, 123, 84, '0', '["morning_and_evening"]', 0.0000, NULL, NULL, NULL, NULL),
	(3862, 123, 85, '0', '["morning_and_evening"]', 0.0000, NULL, NULL, NULL, NULL),
	(3863, 123, 86, '0', '["morning_and_evening"]', 0.0000, NULL, NULL, NULL, NULL),
	(3864, 123, 87, '0', '["morning_and_evening"]', 0.0000, NULL, NULL, NULL, NULL),
	(3865, 123, 88, '0', '["morning_and_evening"]', 0.0000, NULL, NULL, NULL, NULL),
	(3866, 123, 89, '0', '["morning_and_evening"]', 0.0000, NULL, NULL, NULL, NULL),
	(3867, 123, 90, '0', '["morning_and_evening"]', 0.0000, NULL, NULL, NULL, NULL),
	(3868, 123, 91, '0', '["morning_and_evening"]', 0.0000, NULL, NULL, NULL, NULL),
	(3869, 123, 92, '0', '["morning_and_evening"]', 0.0000, NULL, NULL, NULL, NULL),
	(3870, 123, 93, '0', '["morning_and_evening"]', 0.0000, NULL, NULL, NULL, NULL),
	(3871, 123, 94, '0', '["morning_and_evening"]', 0.0000, NULL, NULL, NULL, NULL),
	(3872, 123, 95, '0', '["morning_and_evening"]', 0.0000, NULL, NULL, NULL, NULL),
	(3873, 123, 96, '0', '["morning_and_evening"]', 0.0000, NULL, NULL, NULL, NULL),
	(3874, 123, 97, '0', '["morning_and_evening"]', 0.0000, NULL, NULL, NULL, NULL),
	(3875, 123, 98, '0', '["morning_and_evening"]', 0.0000, NULL, NULL, NULL, NULL),
	(3876, 123, 99, '0', '["morning_and_evening"]', 0.0000, NULL, NULL, NULL, NULL),
	(3877, 123, 100, '0', '["morning_and_evening"]', 0.0000, NULL, NULL, NULL, NULL),
	(3878, 123, 101, '0', '["morning_and_evening"]', 0.0000, NULL, NULL, NULL, NULL),
	(3879, 123, 102, '0', '["morning_and_evening"]', 0.0000, NULL, NULL, NULL, NULL),
	(3880, 123, 103, '0', '["morning_and_evening"]', 0.0000, NULL, NULL, NULL, NULL),
	(3881, 123, 104, '0', '["morning_and_evening"]', 0.0000, NULL, NULL, NULL, NULL),
	(3882, 123, 105, '0', '["morning_and_evening"]', 0.0000, NULL, NULL, NULL, NULL),
	(3883, 123, 106, '0', '["morning_and_evening"]', 0.0000, NULL, NULL, NULL, NULL),
	(3884, 123, 107, '0', '["morning_and_evening"]', 0.0000, NULL, NULL, NULL, NULL),
	(3885, 123, 108, '0', '["morning_and_evening"]', 0.0000, NULL, NULL, NULL, NULL),
	(3886, 123, 184, '0', '["morning_and_evening"]', 0.0000, NULL, NULL, NULL, NULL),
	(3887, 123, 185, '0', '["morning_and_evening"]', 0.0000, NULL, NULL, NULL, NULL),
	(3888, 123, 186, '0', '["morning_and_evening"]', 0.0000, NULL, NULL, NULL, NULL),
	(3889, 123, 187, '0', '["morning_and_evening"]', 0.0000, NULL, NULL, NULL, NULL),
	(3890, 123, 188, '0', '["morning_and_evening"]', 0.0000, NULL, NULL, NULL, NULL),
	(3891, 123, 189, '0', '["morning_and_evening"]', 0.0000, NULL, NULL, NULL, NULL),
	(3892, 123, 190, '0', '["morning_and_evening"]', 0.0000, NULL, NULL, NULL, NULL),
	(3893, 123, 191, '0', '["morning_and_evening"]', 0.0000, NULL, NULL, NULL, NULL),
	(3894, 123, 192, '0', '["morning_and_evening"]', 0.0000, NULL, NULL, NULL, NULL),
	(3895, 123, 193, '0', '["morning_and_evening"]', 0.0000, NULL, NULL, NULL, NULL),
	(3896, 123, 194, '0', '["morning_and_evening"]', 0.0000, NULL, NULL, NULL, NULL),
	(3897, 123, 195, '0', '["morning_and_evening"]', 0.0000, NULL, NULL, NULL, NULL),
	(3898, 123, 196, '0', '["morning_and_evening"]', 0.0000, NULL, NULL, NULL, NULL),
	(3899, 123, 197, '0', '["morning_and_evening"]', 0.0000, NULL, NULL, NULL, NULL),
	(3900, 123, 198, '0', '["morning_and_evening"]', 0.0000, NULL, NULL, NULL, NULL),
	(3901, 123, 199, '0', '["morning_and_evening"]', 0.0000, NULL, NULL, NULL, NULL),
	(3902, 123, 200, '0', '["morning_and_evening"]', 0.0000, NULL, NULL, NULL, NULL),
	(3903, 123, 201, '0', '["morning_and_evening"]', 0.0000, NULL, NULL, NULL, NULL),
	(3904, 123, 202, '0', '["morning_and_evening"]', 0.0000, NULL, NULL, NULL, NULL),
	(3905, 123, 203, '0', '["morning_and_evening"]', 0.0000, NULL, NULL, NULL, NULL),
	(3906, 123, 204, '0', '["morning_and_evening"]', 0.0000, NULL, NULL, NULL, NULL),
	(3907, 123, 205, '0', '["morning_and_evening"]', 0.0000, NULL, NULL, NULL, NULL),
	(3908, 123, 206, '0', '["morning_and_evening"]', 0.0000, NULL, NULL, NULL, NULL),
	(3909, 123, 207, '0', '["morning_and_evening"]', 0.0000, NULL, NULL, NULL, NULL),
	(3910, 123, 208, '0', '["morning_and_evening"]', 0.0000, NULL, NULL, NULL, NULL),
	(3911, 123, 209, '0', '["morning_and_evening"]', 0.0000, NULL, NULL, NULL, NULL),
	(3912, 123, 210, '0', '["morning_and_evening"]', 0.0000, NULL, NULL, NULL, NULL),
	(3913, 123, 211, '0', '["morning_and_evening"]', 0.0000, NULL, NULL, NULL, NULL),
	(3914, 123, 212, '0', '["morning_and_evening"]', 0.0000, NULL, NULL, NULL, NULL),
	(3915, 123, 213, '0', '["morning_and_evening"]', 0.0000, NULL, NULL, NULL, NULL),
	(3916, 123, 214, '0', '["morning_and_evening"]', 0.0000, NULL, NULL, NULL, NULL),
	(3917, 123, 215, '0', '["morning_and_evening"]', 0.0000, NULL, NULL, NULL, NULL),
	(3918, 123, 216, '0', '["morning_and_evening"]', 0.0000, NULL, NULL, NULL, NULL),
	(3919, 123, 217, '0', '["morning_and_evening"]', 0.0000, NULL, NULL, NULL, NULL),
	(3920, 123, 218, '0', '["morning_and_evening"]', 0.0000, NULL, NULL, NULL, NULL),
	(3921, 123, 219, '0', '["morning_and_evening"]', 0.0000, NULL, NULL, NULL, NULL),
	(3922, 123, 220, '0', '["morning_and_evening"]', 0.0000, NULL, NULL, NULL, NULL),
	(3923, 123, 221, '0', '["morning_and_evening"]', 0.0000, NULL, NULL, NULL, NULL),
	(3924, 123, 222, '0', '["morning_and_evening"]', 0.0000, NULL, NULL, NULL, NULL),
	(3925, 123, 109, '0', '["morning_and_evening"]', 0.0000, NULL, NULL, NULL, NULL),
	(3926, 123, 110, '0', '["morning_and_evening"]', 0.0000, NULL, NULL, NULL, NULL),
	(3927, 123, 111, '0', '["morning_and_evening"]', 0.0000, NULL, NULL, NULL, NULL),
	(3928, 123, 112, '0', '["morning_and_evening"]', 0.0000, NULL, NULL, NULL, NULL),
	(3929, 123, 113, '0', '["morning_and_evening"]', 0.0000, NULL, NULL, NULL, NULL),
	(3930, 123, 114, '0', '["morning_and_evening"]', 0.0000, NULL, NULL, NULL, NULL),
	(3931, 123, 223, '0', '["morning_and_evening"]', 0.0000, NULL, NULL, NULL, NULL),
	(3932, 123, 224, '0', '["morning_and_evening"]', 0.0000, NULL, NULL, NULL, NULL),
	(3933, 123, 225, '0', '["morning_and_evening"]', 0.0000, NULL, NULL, NULL, NULL),
	(3934, 123, 226, '0', '["morning_and_evening"]', 0.0000, NULL, NULL, NULL, NULL),
	(3935, 123, 227, '0', '["morning_and_evening"]', 0.0000, NULL, NULL, NULL, NULL),
	(3936, 123, 228, '0', '["morning_and_evening"]', 0.0000, NULL, NULL, NULL, NULL),
	(3937, 124, 1, '100', '["morning_and_evening"]', 10.0000, NULL, NULL, NULL, NULL),
	(3938, 124, 9, '10', '["lunch"]', 10.0000, NULL, NULL, NULL, NULL),
	(3939, 124, 10, '05', '["lunch"]', 5.0000, NULL, NULL, NULL, NULL),
	(3940, 124, 13, '0', '["morning_and_evening"]', 0.0000, NULL, NULL, NULL, NULL),
	(3941, 124, 29, '2000', '["morning_and_evening"]', 2000.0000, NULL, NULL, NULL, NULL),
	(3942, 124, 7, '0', '["morning_and_evening"]', 0.0000, NULL, NULL, NULL, NULL),
	(3943, 124, 8, '0', '["morning_and_evening"]', 0.0000, NULL, NULL, NULL, NULL),
	(3944, 124, 2, '0', '["morning_and_evening"]', 0.0000, NULL, NULL, NULL, NULL),
	(3945, 124, 3, '500', '["morning","lunch"]', 500.0000, NULL, NULL, NULL, NULL),
	(3946, 124, 4, '0', '["morning_and_evening"]', 0.0000, NULL, NULL, NULL, NULL),
	(3947, 124, 5, '0', '["morning_and_evening"]', 0.0000, NULL, NULL, NULL, NULL),
	(3948, 124, 6, '0', '["morning_and_evening"]', 0.0000, NULL, NULL, NULL, NULL),
	(3949, 124, 11, '0', '["morning_and_evening"]', 0.0000, NULL, NULL, NULL, NULL),
	(3950, 124, 12, '0', '["morning_and_evening"]', 0.0000, NULL, NULL, NULL, NULL),
	(3951, 124, 14, '0', '["morning_and_evening"]', 0.0000, NULL, NULL, NULL, NULL),
	(3952, 124, 15, '0', '["morning_and_evening"]', 0.0000, NULL, NULL, NULL, NULL),
	(3953, 124, 115, '0', '["morning_and_evening"]', 0.0000, NULL, NULL, NULL, NULL),
	(3954, 124, 116, '0', '["morning_and_evening"]', 0.0000, NULL, NULL, NULL, NULL),
	(3955, 124, 117, '0', '["morning_and_evening"]', 0.0000, NULL, NULL, NULL, NULL),
	(3956, 124, 118, '0', '["morning_and_evening"]', 0.0000, NULL, NULL, NULL, NULL),
	(3957, 124, 119, '0', '["morning_and_evening"]', 0.0000, NULL, NULL, NULL, NULL),
	(3958, 124, 120, '0', '["morning_and_evening"]', 0.0000, NULL, NULL, NULL, NULL),
	(3959, 124, 121, '0', '["morning_and_evening"]', 0.0000, NULL, NULL, NULL, NULL),
	(3960, 124, 122, '0', '["morning_and_evening"]', 0.0000, NULL, NULL, NULL, NULL),
	(3961, 124, 123, '0', '["morning_and_evening"]', 0.0000, NULL, NULL, NULL, NULL),
	(3962, 124, 124, '0', '["morning_and_evening"]', 0.0000, NULL, NULL, NULL, NULL),
	(3963, 124, 125, '0', '["morning_and_evening"]', 0.0000, NULL, NULL, NULL, NULL),
	(3964, 124, 126, '0', '["morning_and_evening"]', 0.0000, NULL, NULL, NULL, NULL),
	(3965, 124, 127, '0', '["morning_and_evening"]', 0.0000, NULL, NULL, NULL, NULL),
	(3966, 124, 128, '0', '["morning_and_evening"]', 0.0000, NULL, NULL, NULL, NULL),
	(3967, 124, 129, '0', '["morning_and_evening"]', 0.0000, NULL, NULL, NULL, NULL),
	(3968, 124, 16, '0', '["morning_and_evening"]', 0.0000, NULL, NULL, NULL, NULL),
	(3969, 124, 17, '0', '["morning_and_evening"]', 0.0000, NULL, NULL, NULL, NULL),
	(3970, 124, 18, '0', '["morning_and_evening"]', 0.0000, NULL, NULL, NULL, NULL),
	(3971, 124, 19, '0', '["morning_and_evening"]', 0.0000, NULL, NULL, NULL, NULL),
	(3972, 124, 20, '0', '["morning_and_evening"]', 0.0000, NULL, NULL, NULL, NULL),
	(3973, 124, 21, '0', '["morning_and_evening"]', 0.0000, NULL, NULL, NULL, NULL),
	(3974, 124, 22, '0', '["morning_and_evening"]', 0.0000, NULL, NULL, NULL, NULL),
	(3975, 124, 23, '0', '["morning_and_evening"]', 0.0000, NULL, NULL, NULL, NULL),
	(3976, 124, 24, '0', '["morning_and_evening"]', 0.0000, NULL, NULL, NULL, NULL),
	(3977, 124, 25, '0', '["morning_and_evening"]', 0.0000, NULL, NULL, NULL, NULL),
	(3978, 124, 26, '0', '["morning_and_evening"]', 0.0000, NULL, NULL, NULL, NULL),
	(3979, 124, 27, '0', '["morning_and_evening"]', 0.0000, NULL, NULL, NULL, NULL),
	(3980, 124, 28, '0', '["morning_and_evening"]', 0.0000, NULL, NULL, NULL, NULL),
	(3981, 124, 130, '0', '["morning_and_evening"]', 0.0000, NULL, NULL, NULL, NULL),
	(3982, 124, 131, '0', '["morning_and_evening"]', 0.0000, NULL, NULL, NULL, NULL),
	(3983, 124, 132, '0', '["morning_and_evening"]', 0.0000, NULL, NULL, NULL, NULL),
	(3984, 124, 133, '0', '["morning_and_evening"]', 0.0000, NULL, NULL, NULL, NULL),
	(3985, 124, 134, '0', '["morning_and_evening"]', 0.0000, NULL, NULL, NULL, NULL),
	(3986, 124, 135, '0', '["morning_and_evening"]', 0.0000, NULL, NULL, NULL, NULL),
	(3987, 124, 136, '0', '["morning_and_evening"]', 0.0000, NULL, NULL, NULL, NULL),
	(3988, 124, 137, '0', '["morning_and_evening"]', 0.0000, NULL, NULL, NULL, NULL),
	(3989, 124, 138, '0', '["morning_and_evening"]', 0.0000, NULL, NULL, NULL, NULL),
	(3990, 124, 139, '0', '["morning_and_evening"]', 0.0000, NULL, NULL, NULL, NULL),
	(3991, 124, 140, '0', '["morning_and_evening"]', 0.0000, NULL, NULL, NULL, NULL),
	(3992, 124, 141, '0', '["morning_and_evening"]', 0.0000, NULL, NULL, NULL, NULL),
	(3993, 124, 142, '0', '["morning_and_evening"]', 0.0000, NULL, NULL, NULL, NULL),
	(3994, 124, 143, '0', '["morning_and_evening"]', 0.0000, NULL, NULL, NULL, NULL),
	(3995, 124, 30, '0', '["morning_and_evening"]', 0.0000, NULL, NULL, NULL, NULL),
	(3996, 124, 31, '0', '["morning_and_evening"]', 0.0000, NULL, NULL, NULL, NULL),
	(3997, 124, 32, '0', '["morning_and_evening"]', 0.0000, NULL, NULL, NULL, NULL),
	(3998, 124, 33, '0', '["morning_and_evening"]', 0.0000, NULL, NULL, NULL, NULL),
	(3999, 124, 34, '0', '["morning_and_evening"]', 0.0000, NULL, NULL, NULL, NULL),
	(4000, 124, 144, '0', '["morning_and_evening"]', 0.0000, NULL, NULL, NULL, NULL),
	(4001, 124, 145, '0', '["morning_and_evening"]', 0.0000, NULL, NULL, NULL, NULL),
	(4002, 124, 146, '0', '["morning_and_evening"]', 0.0000, NULL, NULL, NULL, NULL),
	(4003, 124, 147, '0', '["morning_and_evening"]', 0.0000, NULL, NULL, NULL, NULL),
	(4004, 124, 148, '0', '["morning_and_evening"]', 0.0000, NULL, NULL, NULL, NULL),
	(4005, 124, 35, '0', '["morning_and_evening"]', 0.0000, NULL, NULL, NULL, NULL),
	(4006, 124, 36, '0', '["morning_and_evening"]', 0.0000, NULL, NULL, NULL, NULL),
	(4007, 124, 37, '0', '["morning_and_evening"]', 0.0000, NULL, NULL, NULL, NULL),
	(4008, 124, 38, '0', '["morning_and_evening"]', 0.0000, NULL, NULL, NULL, NULL),
	(4009, 124, 39, '0', '["morning_and_evening"]', 0.0000, NULL, NULL, NULL, NULL),
	(4010, 124, 40, '0', '["morning_and_evening"]', 0.0000, NULL, NULL, NULL, NULL),
	(4011, 124, 41, '0', '["morning_and_evening"]', 0.0000, NULL, NULL, NULL, NULL),
	(4012, 124, 42, '0', '["morning_and_evening"]', 0.0000, NULL, NULL, NULL, NULL),
	(4013, 124, 43, '0', '["morning_and_evening"]', 0.0000, NULL, NULL, NULL, NULL),
	(4014, 124, 44, '0', '["morning_and_evening"]', 0.0000, NULL, NULL, NULL, NULL),
	(4015, 124, 45, '0', '["morning_and_evening"]', 0.0000, NULL, NULL, NULL, NULL),
	(4016, 124, 46, '0', '["morning_and_evening"]', 0.0000, NULL, NULL, NULL, NULL),
	(4017, 124, 47, '0', '["morning_and_evening"]', 0.0000, NULL, NULL, NULL, NULL),
	(4018, 124, 48, '0', '["morning_and_evening"]', 0.0000, NULL, NULL, NULL, NULL),
	(4019, 124, 49, '0', '["morning_and_evening"]', 0.0000, NULL, NULL, NULL, NULL),
	(4020, 124, 50, '0', '["morning_and_evening"]', 0.0000, NULL, NULL, NULL, NULL),
	(4021, 124, 149, '0', '["morning_and_evening"]', 0.0000, NULL, NULL, NULL, NULL),
	(4022, 124, 150, '0', '["morning_and_evening"]', 0.0000, NULL, NULL, NULL, NULL),
	(4023, 124, 151, '0', '["morning_and_evening"]', 0.0000, NULL, NULL, NULL, NULL),
	(4024, 124, 152, '0', '["morning_and_evening"]', 0.0000, NULL, NULL, NULL, NULL),
	(4025, 124, 153, '0', '["morning_and_evening"]', 0.0000, NULL, NULL, NULL, NULL),
	(4026, 124, 154, '0', '["morning_and_evening"]', 0.0000, NULL, NULL, NULL, NULL),
	(4027, 124, 155, '0', '["morning_and_evening"]', 0.0000, NULL, NULL, NULL, NULL),
	(4028, 124, 156, '0', '["morning_and_evening"]', 0.0000, NULL, NULL, NULL, NULL),
	(4029, 124, 157, '0', '["morning_and_evening"]', 0.0000, NULL, NULL, NULL, NULL),
	(4030, 124, 158, '0', '["morning_and_evening"]', 0.0000, NULL, NULL, NULL, NULL),
	(4031, 124, 159, '0', '["morning_and_evening"]', 0.0000, NULL, NULL, NULL, NULL),
	(4032, 124, 160, '0', '["morning_and_evening"]', 0.0000, NULL, NULL, NULL, NULL),
	(4033, 124, 161, '0', '["morning_and_evening"]', 0.0000, NULL, NULL, NULL, NULL),
	(4034, 124, 162, '0', '["morning_and_evening"]', 0.0000, NULL, NULL, NULL, NULL),
	(4035, 124, 163, '0', '["morning_and_evening"]', 0.0000, NULL, NULL, NULL, NULL),
	(4036, 124, 164, '0', '["morning_and_evening"]', 0.0000, NULL, NULL, NULL, NULL),
	(4037, 124, 51, '0', '["morning_and_evening"]', 0.0000, NULL, NULL, NULL, NULL),
	(4038, 124, 52, '0', '["morning_and_evening"]', 0.0000, NULL, NULL, NULL, NULL),
	(4039, 124, 53, '0', '["morning_and_evening"]', 0.0000, NULL, NULL, NULL, NULL),
	(4040, 124, 54, '0', '["morning_and_evening"]', 0.0000, NULL, NULL, NULL, NULL),
	(4041, 124, 55, '0', '["morning_and_evening"]', 0.0000, NULL, NULL, NULL, NULL),
	(4042, 124, 56, '0', '["morning_and_evening"]', 0.0000, NULL, NULL, NULL, NULL),
	(4043, 124, 57, '0', '["morning_and_evening"]', 0.0000, NULL, NULL, NULL, NULL),
	(4044, 124, 58, '0', '["morning_and_evening"]', 0.0000, NULL, NULL, NULL, NULL),
	(4045, 124, 59, '0', '["morning_and_evening"]', 0.0000, NULL, NULL, NULL, NULL),
	(4046, 124, 60, '0', '["morning_and_evening"]', 0.0000, NULL, NULL, NULL, NULL),
	(4047, 124, 61, '0', '["morning_and_evening"]', 0.0000, NULL, NULL, NULL, NULL),
	(4048, 124, 62, '0', '["morning_and_evening"]', 0.0000, NULL, NULL, NULL, NULL),
	(4049, 124, 63, '0', '["morning_and_evening"]', 0.0000, NULL, NULL, NULL, NULL),
	(4050, 124, 165, '0', '["morning_and_evening"]', 0.0000, NULL, NULL, NULL, NULL),
	(4051, 124, 166, '0', '["morning_and_evening"]', 0.0000, NULL, NULL, NULL, NULL),
	(4052, 124, 167, '0', '["morning_and_evening"]', 0.0000, NULL, NULL, NULL, NULL),
	(4053, 124, 168, '0', '["morning_and_evening"]', 0.0000, NULL, NULL, NULL, NULL),
	(4054, 124, 169, '0', '["morning_and_evening"]', 0.0000, NULL, NULL, NULL, NULL),
	(4055, 124, 170, '0', '["morning_and_evening"]', 0.0000, NULL, NULL, NULL, NULL),
	(4056, 124, 171, '0', '["morning_and_evening"]', 0.0000, NULL, NULL, NULL, NULL),
	(4057, 124, 172, '0', '["morning_and_evening"]', 0.0000, NULL, NULL, NULL, NULL),
	(4058, 124, 173, '0', '["morning_and_evening"]', 0.0000, NULL, NULL, NULL, NULL),
	(4059, 124, 174, '0', '["morning_and_evening"]', 0.0000, NULL, NULL, NULL, NULL),
	(4060, 124, 175, '0', '["morning_and_evening"]', 0.0000, NULL, NULL, NULL, NULL),
	(4061, 124, 176, '0', '["morning_and_evening"]', 0.0000, NULL, NULL, NULL, NULL),
	(4062, 124, 177, '0', '["morning_and_evening"]', 0.0000, NULL, NULL, NULL, NULL),
	(4063, 124, 64, '0', '["morning_and_evening"]', 0.0000, NULL, NULL, NULL, NULL),
	(4064, 124, 65, '0', '["morning_and_evening"]', 0.0000, NULL, NULL, NULL, NULL),
	(4065, 124, 66, '0', '["morning_and_evening"]', 0.0000, NULL, NULL, NULL, NULL),
	(4066, 124, 178, '0', '["morning_and_evening"]', 0.0000, NULL, NULL, NULL, NULL),
	(4067, 124, 179, '0', '["morning_and_evening"]', 0.0000, NULL, NULL, NULL, NULL),
	(4068, 124, 180, '0', '["morning_and_evening"]', 0.0000, NULL, NULL, NULL, NULL),
	(4069, 124, 67, '0', '["morning_and_evening"]', 0.0000, NULL, NULL, NULL, NULL),
	(4070, 124, 68, '0', '["morning_and_evening"]', 0.0000, NULL, NULL, NULL, NULL),
	(4071, 124, 69, '0', '["morning_and_evening"]', 0.0000, NULL, NULL, NULL, NULL),
	(4072, 124, 181, '0', '["morning_and_evening"]', 0.0000, NULL, NULL, NULL, NULL),
	(4073, 124, 182, '0', '["morning_and_evening"]', 0.0000, NULL, NULL, NULL, NULL),
	(4074, 124, 183, '0', '["morning_and_evening"]', 0.0000, NULL, NULL, NULL, NULL),
	(4075, 124, 70, '0', '["morning_and_evening"]', 0.0000, NULL, NULL, NULL, NULL),
	(4076, 124, 71, '0', '["morning_and_evening"]', 0.0000, NULL, NULL, NULL, NULL),
	(4077, 124, 72, '0', '["morning_and_evening"]', 0.0000, NULL, NULL, NULL, NULL),
	(4078, 124, 73, '0', '["morning_and_evening"]', 0.0000, NULL, NULL, NULL, NULL),
	(4079, 124, 74, '0', '["morning_and_evening"]', 0.0000, NULL, NULL, NULL, NULL),
	(4080, 124, 75, '0', '["morning_and_evening"]', 0.0000, NULL, NULL, NULL, NULL),
	(4081, 124, 76, '0', '["morning_and_evening"]', 0.0000, NULL, NULL, NULL, NULL),
	(4082, 124, 77, '0', '["morning_and_evening"]', 0.0000, NULL, NULL, NULL, NULL),
	(4083, 124, 78, '0', '["morning_and_evening"]', 0.0000, NULL, NULL, NULL, NULL),
	(4084, 124, 79, '0', '["morning_and_evening"]', 0.0000, NULL, NULL, NULL, NULL),
	(4085, 124, 80, '0', '["morning_and_evening"]', 0.0000, NULL, NULL, NULL, NULL),
	(4086, 124, 81, '0', '["morning_and_evening"]', 0.0000, NULL, NULL, NULL, NULL),
	(4087, 124, 82, '0', '["morning_and_evening"]', 0.0000, NULL, NULL, NULL, NULL),
	(4088, 124, 83, '0', '["morning_and_evening"]', 0.0000, NULL, NULL, NULL, NULL),
	(4089, 124, 84, '0', '["morning_and_evening"]', 0.0000, NULL, NULL, NULL, NULL),
	(4090, 124, 85, '0', '["morning_and_evening"]', 0.0000, NULL, NULL, NULL, NULL),
	(4091, 124, 86, '0', '["morning_and_evening"]', 0.0000, NULL, NULL, NULL, NULL),
	(4092, 124, 87, '0', '["morning_and_evening"]', 0.0000, NULL, NULL, NULL, NULL),
	(4093, 124, 88, '0', '["morning_and_evening"]', 0.0000, NULL, NULL, NULL, NULL),
	(4094, 124, 89, '0', '["morning_and_evening"]', 0.0000, NULL, NULL, NULL, NULL),
	(4095, 124, 90, '0', '["morning_and_evening"]', 0.0000, NULL, NULL, NULL, NULL),
	(4096, 124, 91, '0', '["morning_and_evening"]', 0.0000, NULL, NULL, NULL, NULL),
	(4097, 124, 92, '0', '["morning_and_evening"]', 0.0000, NULL, NULL, NULL, NULL),
	(4098, 124, 93, '0', '["morning_and_evening"]', 0.0000, NULL, NULL, NULL, NULL),
	(4099, 124, 94, '0', '["morning_and_evening"]', 0.0000, NULL, NULL, NULL, NULL),
	(4100, 124, 95, '0', '["morning_and_evening"]', 0.0000, NULL, NULL, NULL, NULL),
	(4101, 124, 96, '0', '["morning_and_evening"]', 0.0000, NULL, NULL, NULL, NULL),
	(4102, 124, 97, '0', '["morning_and_evening"]', 0.0000, NULL, NULL, NULL, NULL),
	(4103, 124, 98, '0', '["morning_and_evening"]', 0.0000, NULL, NULL, NULL, NULL),
	(4104, 124, 99, '0', '["morning_and_evening"]', 0.0000, NULL, NULL, NULL, NULL),
	(4105, 124, 100, '0', '["morning_and_evening"]', 0.0000, NULL, NULL, NULL, NULL),
	(4106, 124, 101, '0', '["morning_and_evening"]', 0.0000, NULL, NULL, NULL, NULL),
	(4107, 124, 102, '0', '["morning_and_evening"]', 0.0000, NULL, NULL, NULL, NULL),
	(4108, 124, 103, '0', '["morning_and_evening"]', 0.0000, NULL, NULL, NULL, NULL),
	(4109, 124, 104, '0', '["morning_and_evening"]', 0.0000, NULL, NULL, NULL, NULL),
	(4110, 124, 105, '0', '["morning_and_evening"]', 0.0000, NULL, NULL, NULL, NULL),
	(4111, 124, 106, '0', '["morning_and_evening"]', 0.0000, NULL, NULL, NULL, NULL),
	(4112, 124, 107, '0', '["morning_and_evening"]', 0.0000, NULL, NULL, NULL, NULL),
	(4113, 124, 108, '0', '["morning_and_evening"]', 0.0000, NULL, NULL, NULL, NULL),
	(4114, 124, 184, '0', '["morning_and_evening"]', 0.0000, NULL, NULL, NULL, NULL),
	(4115, 124, 185, '0', '["morning_and_evening"]', 0.0000, NULL, NULL, NULL, NULL),
	(4116, 124, 186, '0', '["morning_and_evening"]', 0.0000, NULL, NULL, NULL, NULL),
	(4117, 124, 187, '0', '["morning_and_evening"]', 0.0000, NULL, NULL, NULL, NULL),
	(4118, 124, 188, '0', '["morning_and_evening"]', 0.0000, NULL, NULL, NULL, NULL),
	(4119, 124, 189, '0', '["morning_and_evening"]', 0.0000, NULL, NULL, NULL, NULL),
	(4120, 124, 190, '0', '["morning_and_evening"]', 0.0000, NULL, NULL, NULL, NULL),
	(4121, 124, 191, '0', '["morning_and_evening"]', 0.0000, NULL, NULL, NULL, NULL),
	(4122, 124, 192, '0', '["morning_and_evening"]', 0.0000, NULL, NULL, NULL, NULL),
	(4123, 124, 193, '0', '["morning_and_evening"]', 0.0000, NULL, NULL, NULL, NULL),
	(4124, 124, 194, '0', '["morning_and_evening"]', 0.0000, NULL, NULL, NULL, NULL),
	(4125, 124, 195, '0', '["morning_and_evening"]', 0.0000, NULL, NULL, NULL, NULL),
	(4126, 124, 196, '0', '["morning_and_evening"]', 0.0000, NULL, NULL, NULL, NULL),
	(4127, 124, 197, '0', '["morning_and_evening"]', 0.0000, NULL, NULL, NULL, NULL),
	(4128, 124, 198, '0', '["morning_and_evening"]', 0.0000, NULL, NULL, NULL, NULL),
	(4129, 124, 199, '0', '["morning_and_evening"]', 0.0000, NULL, NULL, NULL, NULL),
	(4130, 124, 200, '0', '["morning_and_evening"]', 0.0000, NULL, NULL, NULL, NULL),
	(4131, 124, 201, '0', '["morning_and_evening"]', 0.0000, NULL, NULL, NULL, NULL),
	(4132, 124, 202, '0', '["morning_and_evening"]', 0.0000, NULL, NULL, NULL, NULL),
	(4133, 124, 203, '0', '["morning_and_evening"]', 0.0000, NULL, NULL, NULL, NULL),
	(4134, 124, 204, '0', '["morning_and_evening"]', 0.0000, NULL, NULL, NULL, NULL),
	(4135, 124, 205, '0', '["morning_and_evening"]', 0.0000, NULL, NULL, NULL, NULL),
	(4136, 124, 206, '0', '["morning_and_evening"]', 0.0000, NULL, NULL, NULL, NULL),
	(4137, 124, 207, '0', '["morning_and_evening"]', 0.0000, NULL, NULL, NULL, NULL),
	(4138, 124, 208, '0', '["morning_and_evening"]', 0.0000, NULL, NULL, NULL, NULL),
	(4139, 124, 209, '0', '["morning_and_evening"]', 0.0000, NULL, NULL, NULL, NULL),
	(4140, 124, 210, '0', '["morning_and_evening"]', 0.0000, NULL, NULL, NULL, NULL),
	(4141, 124, 211, '0', '["morning_and_evening"]', 0.0000, NULL, NULL, NULL, NULL),
	(4142, 124, 212, '0', '["morning_and_evening"]', 0.0000, NULL, NULL, NULL, NULL),
	(4143, 124, 213, '0', '["morning_and_evening"]', 0.0000, NULL, NULL, NULL, NULL),
	(4144, 124, 214, '0', '["morning_and_evening"]', 0.0000, NULL, NULL, NULL, NULL),
	(4145, 124, 215, '0', '["morning_and_evening"]', 0.0000, NULL, NULL, NULL, NULL),
	(4146, 124, 216, '0', '["morning_and_evening"]', 0.0000, NULL, NULL, NULL, NULL),
	(4147, 124, 217, '0', '["morning_and_evening"]', 0.0000, NULL, NULL, NULL, NULL),
	(4148, 124, 218, '0', '["morning_and_evening"]', 0.0000, NULL, NULL, NULL, NULL),
	(4149, 124, 219, '0', '["morning_and_evening"]', 0.0000, NULL, NULL, NULL, NULL),
	(4150, 124, 220, '0', '["morning_and_evening"]', 0.0000, NULL, NULL, NULL, NULL),
	(4151, 124, 221, '0', '["morning_and_evening"]', 0.0000, NULL, NULL, NULL, NULL),
	(4152, 124, 222, '0', '["morning_and_evening"]', 0.0000, NULL, NULL, NULL, NULL),
	(4153, 124, 109, '0', '["morning_and_evening"]', 0.0000, NULL, NULL, NULL, NULL),
	(4154, 124, 110, '0', '["morning_and_evening"]', 0.0000, NULL, NULL, NULL, NULL),
	(4155, 124, 111, '0', '["morning_and_evening"]', 0.0000, NULL, NULL, NULL, NULL),
	(4156, 124, 112, '0', '["morning_and_evening"]', 0.0000, NULL, NULL, NULL, NULL),
	(4157, 124, 113, '0', '["morning_and_evening"]', 0.0000, NULL, NULL, NULL, NULL),
	(4158, 124, 114, '0', '["morning_and_evening"]', 0.0000, NULL, NULL, NULL, NULL),
	(4159, 124, 223, '0', '["morning_and_evening"]', 0.0000, NULL, NULL, NULL, NULL),
	(4160, 124, 224, '0', '["morning_and_evening"]', 0.0000, NULL, NULL, NULL, NULL),
	(4161, 124, 225, '0', '["morning_and_evening"]', 0.0000, NULL, NULL, NULL, NULL),
	(4162, 124, 226, '0', '["morning_and_evening"]', 0.0000, NULL, NULL, NULL, NULL),
	(4163, 124, 227, '0', '["morning_and_evening"]', 0.0000, NULL, NULL, NULL, NULL),
	(4164, 124, 228, '0', '["morning_and_evening"]', 0.0000, NULL, NULL, NULL, NULL),
	(4165, 125, 6, '10', '["morning","lunch"]', 300.0000, NULL, NULL, NULL, NULL),
	(4166, 125, 8, '400', '["lunch","evening"]', 12000.0000, NULL, NULL, NULL, NULL);
/*!40000 ALTER TABLE `order_items` ENABLE KEYS */;


# Dumping structure for table mml.order_logs
DROP TABLE IF EXISTS `order_logs`;
CREATE TABLE IF NOT EXISTS `order_logs` (
  `order_id` bigint(11) NOT NULL,
  `updated` timestamp NOT NULL DEFAULT CURRENT_TIMESTAMP,
  `category` varchar(45) DEFAULT NULL,
  `msg` varchar(200) NOT NULL,
  KEY `logs_transaction` (`order_id`),
  KEY `time` (`updated`)
) ENGINE=MyISAM DEFAULT CHARSET=utf8;

# Dumping data for table mml.order_logs: 583 rows
/*!40000 ALTER TABLE `order_logs` DISABLE KEYS */;
INSERT INTO `order_logs` (`order_id`, `updated`, `category`, `msg`) VALUES
	(1, '2011-08-02 21:37:06', 'UPDATES', 'updated order 1'),
	(18, '2011-08-02 21:37:06', 'UPDATES', 'updated order 18'),
	(5, '2011-08-02 21:37:06', 'UPDATES', 'updated order 5'),
	(6, '2011-08-02 21:37:06', 'UPDATES', 'updated order 6'),
	(7, '2011-08-02 21:37:06', 'UPDATES', 'updated order 7'),
	(8, '2011-08-02 21:37:06', 'UPDATES', 'updated order 8'),
	(9, '2011-08-02 21:37:06', 'UPDATES', 'updated order 9'),
	(10, '2011-08-02 21:37:06', 'UPDATES', 'updated order 10'),
	(11, '2011-08-02 21:37:06', 'UPDATES', 'updated order 11'),
	(12, '2011-08-02 21:37:06', 'UPDATES', 'updated order 12'),
	(14, '2011-08-02 21:37:06', 'UPDATES', 'updated order 14'),
	(15, '2011-08-02 21:37:06', 'UPDATES', 'updated order 15'),
	(16, '2011-08-02 21:37:06', 'UPDATES', 'updated order 16'),
	(17, '2011-08-02 21:37:06', 'UPDATES', 'updated order 17'),
	(85, '2011-08-02 21:37:06', 'UPDATES', 'updated order 85'),
	(2, '2011-08-02 21:37:06', 'UPDATES', 'updated order 2'),
	(3, '2011-08-02 21:37:06', 'UPDATES', 'updated order 3'),
	(84, '2011-08-02 21:37:06', 'UPDATES', 'updated order 84'),
	(83, '2011-08-02 21:37:06', 'UPDATES', 'updated order 83'),
	(19, '2011-08-02 21:37:06', 'UPDATES', 'updated order 19'),
	(20, '2011-08-02 21:37:06', 'UPDATES', 'updated order 20'),
	(21, '2011-08-02 21:37:06', 'UPDATES', 'updated order 21'),
	(22, '2011-08-02 21:37:06', 'UPDATES', 'updated order 22'),
	(23, '2011-08-02 21:37:06', 'UPDATES', 'updated order 23'),
	(24, '2011-08-02 21:37:06', 'UPDATES', 'updated order 24'),
	(25, '2011-08-02 21:37:06', 'UPDATES', 'updated order 25'),
	(26, '2011-08-02 21:37:06', 'UPDATES', 'updated order 26'),
	(27, '2011-08-02 21:37:06', 'UPDATES', 'updated order 27'),
	(28, '2011-08-02 21:37:06', 'UPDATES', 'updated order 28'),
	(29, '2011-08-02 21:37:06', 'UPDATES', 'updated order 29'),
	(30, '2011-08-02 21:37:06', 'UPDATES', 'updated order 30'),
	(31, '2011-08-02 21:37:06', 'UPDATES', 'updated order 31'),
	(32, '2011-08-02 21:37:06', 'UPDATES', 'updated order 32'),
	(33, '2011-08-02 21:37:06', 'UPDATES', 'updated order 33'),
	(34, '2011-08-02 21:37:06', 'UPDATES', 'updated order 34'),
	(35, '2011-08-02 21:37:06', 'UPDATES', 'updated order 35'),
	(36, '2011-08-02 21:37:06', 'UPDATES', 'updated order 36'),
	(37, '2011-08-02 21:37:06', 'UPDATES', 'updated order 37'),
	(38, '2011-08-02 21:37:06', 'UPDATES', 'updated order 38'),
	(39, '2011-08-02 21:37:06', 'UPDATES', 'updated order 39'),
	(40, '2011-08-02 21:37:06', 'UPDATES', 'updated order 40'),
	(41, '2011-08-02 21:37:06', 'UPDATES', 'updated order 41'),
	(42, '2011-08-02 21:37:06', 'UPDATES', 'updated order 42'),
	(43, '2011-08-02 21:37:06', 'UPDATES', 'updated order 43'),
	(44, '2011-08-02 21:37:06', 'UPDATES', 'updated order 44'),
	(45, '2011-08-02 21:37:06', 'UPDATES', 'updated order 45'),
	(46, '2011-08-02 21:37:06', 'UPDATES', 'updated order 46'),
	(47, '2011-08-02 21:37:06', 'UPDATES', 'updated order 47'),
	(48, '2011-08-02 21:37:06', 'UPDATES', 'updated order 48'),
	(49, '2011-08-02 21:37:06', 'UPDATES', 'updated order 49'),
	(50, '2011-08-02 21:37:06', 'UPDATES', 'updated order 50'),
	(51, '2011-08-02 21:37:06', 'UPDATES', 'updated order 51'),
	(52, '2011-08-02 21:37:06', 'UPDATES', 'updated order 52'),
	(53, '2011-08-02 21:37:06', 'UPDATES', 'updated order 53'),
	(54, '2011-08-02 21:37:06', 'UPDATES', 'updated order 54'),
	(55, '2011-08-02 21:37:06', 'UPDATES', 'updated order 55'),
	(56, '2011-08-02 21:37:06', 'UPDATES', 'updated order 56'),
	(57, '2011-08-02 21:37:06', 'UPDATES', 'updated order 57'),
	(58, '2011-08-02 21:37:06', 'UPDATES', 'updated order 58'),
	(59, '2011-08-02 21:37:06', 'UPDATES', 'updated order 59'),
	(60, '2011-08-02 21:37:06', 'UPDATES', 'updated order 60'),
	(61, '2011-08-02 21:37:06', 'UPDATES', 'updated order 61'),
	(62, '2011-08-02 21:37:06', 'UPDATES', 'updated order 62'),
	(63, '2011-08-02 21:37:06', 'UPDATES', 'updated order 63'),
	(64, '2011-08-02 21:37:06', 'UPDATES', 'updated order 64'),
	(65, '2011-08-02 21:37:06', 'UPDATES', 'updated order 65'),
	(66, '2011-08-02 21:37:06', 'UPDATES', 'updated order 66'),
	(67, '2011-08-02 21:37:06', 'UPDATES', 'updated order 67'),
	(68, '2011-08-02 21:37:06', 'UPDATES', 'updated order 68'),
	(69, '2011-08-02 21:37:06', 'UPDATES', 'updated order 69'),
	(70, '2011-08-02 21:37:06', 'UPDATES', 'updated order 70'),
	(71, '2011-08-02 21:37:06', 'UPDATES', 'updated order 71'),
	(72, '2011-08-02 21:37:06', 'UPDATES', 'updated order 72'),
	(73, '2011-08-02 21:37:06', 'UPDATES', 'updated order 73'),
	(74, '2011-08-02 21:37:06', 'UPDATES', 'updated order 74'),
	(75, '2011-08-02 21:37:06', 'UPDATES', 'updated order 75'),
	(76, '2011-08-02 21:37:06', 'UPDATES', 'updated order 76'),
	(77, '2011-08-02 21:37:06', 'UPDATES', 'updated order 77'),
	(78, '2011-08-02 21:37:06', 'UPDATES', 'updated order 78'),
	(79, '2011-08-02 21:37:06', 'UPDATES', 'updated order 79'),
	(80, '2011-08-02 21:37:06', 'UPDATES', 'updated order 80'),
	(81, '2011-08-02 21:37:06', 'UPDATES', 'updated order 81'),
	(82, '2011-08-02 21:37:06', 'UPDATES', 'updated order 82'),
	(10, '2011-08-10 12:08:33', 'UPDATED', 'saved'),
	(10, '2011-08-10 12:09:45', 'UPDATED', 'saved by 1'),
	(10, '2011-08-10 12:11:27', 'UPDATED', 'saved by 1'),
	(9, '2011-08-10 12:20:35', 'DELETED', 'deleted by 1'),
	(9, '2011-08-10 12:21:29', 'DELETED', 'deleted by 1'),
	(9, '2011-08-10 12:32:24', 'DELETED', 'deleted by 1'),
	(28, '2011-08-10 12:33:07', 'DELETED', 'deleted by 1'),
	(1, '2011-08-10 12:39:49', 'APPROVED', 'approved by 1'),
	(1, '2011-08-10 12:39:49', 'UPDATED', 'saved by 1'),
	(5, '2011-08-10 12:41:33', 'APPROVED', 'approved by 1'),
	(5, '2011-08-10 12:41:33', 'UPDATED', 'saved by 1'),
	(12, '2011-08-10 12:41:49', 'DELETED', 'deleted by 1'),
	(18, '2011-08-10 12:42:09', 'DELETED', 'deleted by 1'),
	(17, '2011-08-10 12:42:17', 'DELETED', 'deleted by 1'),
	(15, '2011-08-10 12:42:24', 'DELETED', 'deleted by 1'),
	(22, '2011-08-10 12:42:32', 'DELETED', 'deleted by 1'),
	(29, '2011-08-10 12:42:39', 'DELETED', 'deleted by 1'),
	(37, '2011-08-10 12:42:47', 'DELETED', 'deleted by 1'),
	(35, '2011-08-10 12:42:56', 'DELETED', 'deleted by 1'),
	(42, '2011-08-10 12:43:03', 'DELETED', 'deleted by 1'),
	(38, '2011-08-10 12:43:12', 'DELETED', 'deleted by 1'),
	(32, '2011-08-10 12:43:20', 'DELETED', 'deleted by 1'),
	(39, '2011-08-10 12:43:31', 'DELETED', 'deleted by 1'),
	(49, '2011-08-10 12:43:41', 'DELETED', 'deleted by 1'),
	(54, '2011-08-10 12:43:50', 'DELETED', 'deleted by 1'),
	(16, '2011-08-10 12:45:16', 'DELETED', 'deleted by 1'),
	(58, '2011-08-10 12:45:25', 'APPROVED', 'approved by 1'),
	(58, '2011-08-10 12:45:25', 'UPDATED', 'saved by 1'),
	(86, '2011-08-10 12:45:48', 'DELETED', 'deleted by 1'),
	(2, '2011-08-10 01:13:29', 'APPROVED', 'approved by 1'),
	(2, '2011-08-10 01:13:29', 'UPDATED', 'saved by 1'),
	(3, '2011-08-10 01:19:43', 'APPROVED', 'approved by 1'),
	(3, '2011-08-10 01:19:43', 'UPDATED', 'saved by 1'),
	(6, '2011-08-10 13:02:01', 'APPROVED', 'approved by 1'),
	(6, '2011-08-10 01:22:01', 'UPDATED', 'saved by 1'),
	(7, '2011-08-10 13:28:23', 'APPROVED', 'approved by 1'),
	(7, '2011-08-10 01:28:24', 'UPDATED', 'saved by 1'),
	(87, '2011-08-10 01:30:15', 'UPDATED', 'saved by 1'),
	(87, '2011-08-10 01:30:16', 'UPDATED', 'saved by 1'),
	(87, '2011-08-10 01:30:16', 'UPDATED', 'saved by 1'),
	(87, '2011-08-10 01:30:16', 'UPDATED', 'saved by 1'),
	(87, '2011-08-10 01:32:57', 'UPDATED', 'saved by 1'),
	(87, '2011-08-10 13:34:38', 'UPDATED', 'saved by 1'),
	(87, '2011-08-10 13:38:35', 'UPDATED', 'saved by 1'),
	(88, '2011-08-10 13:39:49', 'UPDATED', 'saved by 1'),
	(88, '2011-08-10 13:39:50', 'UPDATED', 'saved by 1'),
	(88, '2011-08-10 13:39:50', 'UPDATED', 'saved by 1'),
	(88, '2011-08-10 13:39:50', 'UPDATED', 'saved by 1'),
	(89, '2011-08-10 13:44:45', 'UPDATED', 'saved by 1'),
	(89, '2011-08-10 13:44:46', 'UPDATED', 'saved by 1'),
	(89, '2011-08-10 13:44:46', 'UPDATED', 'saved by 1'),
	(89, '2011-08-10 13:44:46', 'UPDATED', 'saved by 1'),
	(73, '2011-08-10 14:56:28', 'UPDATED', 'saved by 1'),
	(89, '2011-08-10 15:04:34', 'UPDATED', 'saved by 1'),
	(90, '2011-08-29 08:06:26', 'UPDATED', 'saved by 1'),
	(90, '2011-08-29 08:06:26', 'UPDATED', 'saved by 1'),
	(90, '2011-08-29 08:06:26', 'UPDATED', 'saved by 1'),
	(90, '2011-08-29 08:06:26', 'UPDATED', 'saved by 1'),
	(90, '2011-08-29 08:07:04', 'UPDATED', 'saved by 1'),
	(90, '2011-08-29 08:07:06', 'UPDATED', 'saved by 1'),
	(91, '2011-08-29 08:07:33', 'UPDATED', 'saved by 1'),
	(91, '2011-08-29 08:07:34', 'UPDATED', 'saved by 1'),
	(91, '2011-08-29 08:07:34', 'UPDATED', 'saved by 1'),
	(91, '2011-08-29 08:07:34', 'UPDATED', 'saved by 1'),
	(92, '2011-08-29 08:08:30', 'UPDATED', 'saved by 1'),
	(92, '2011-08-29 08:08:30', 'UPDATED', 'saved by 1'),
	(92, '2011-08-29 08:08:30', 'UPDATED', 'saved by 1'),
	(92, '2011-08-29 08:08:30', 'UPDATED', 'saved by 1'),
	(93, '2011-08-29 08:09:23', 'UPDATED', 'saved by 1'),
	(93, '2011-08-29 08:09:23', 'UPDATED', 'saved by 1'),
	(93, '2011-08-29 08:09:23', 'UPDATED', 'saved by 1'),
	(93, '2011-08-29 08:09:23', 'UPDATED', 'saved by 1'),
	(94, '2011-09-01 23:09:16', 'UPDATED', 'saved by 1'),
	(95, '2011-09-01 23:10:03', 'UPDATED', 'saved by 1'),
	(95, '2011-09-01 23:10:03', 'UPDATED', 'saved by 1'),
	(95, '2011-09-01 23:10:03', 'UPDATED', 'saved by 1'),
	(95, '2011-09-01 23:10:03', 'UPDATED', 'saved by 1'),
	(34, '2011-09-01 23:44:43', 'APPROVED', 'approved by 1'),
	(34, '2011-09-01 23:44:43', 'UPDATED', 'saved by 1'),
	(96, '2011-09-01 23:58:35', 'UPDATED', 'saved by 1'),
	(96, '2011-09-01 23:58:35', 'UPDATED', 'saved by 1'),
	(96, '2011-09-01 23:58:35', 'UPDATED', 'saved by 1'),
	(96, '2011-09-01 23:58:35', 'UPDATED', 'saved by 1'),
	(96, '2011-09-02 00:07:59', 'APPROVED', 'approved by 1'),
	(96, '2011-09-02 00:07:59', 'UPDATED', 'saved by 1'),
	(97, '2011-09-09 11:50:07', 'UPDATED', 'saved by 1'),
	(97, '2011-09-09 11:50:07', 'UPDATED', 'saved by 1'),
	(97, '2011-09-09 11:50:10', 'UPDATED', 'saved by 1'),
	(97, '2011-09-09 11:50:10', 'UPDATED', 'saved by 1'),
	(97, '2011-09-09 11:50:10', 'UPDATED', 'saved by 1'),
	(97, '2011-09-09 11:50:31', 'UPDATED', 'saved by 1'),
	(97, '2011-09-09 11:50:49', 'UPDATED', 'saved by 1'),
	(97, '2011-09-09 11:51:06', 'UPDATED', 'saved by 1'),
	(97, '2011-09-09 11:51:19', 'UPDATED', 'saved by 1'),
	(97, '2011-09-09 11:59:04', 'UPDATED', 'saved by 1'),
	(92, '2011-09-09 12:36:42', 'UPDATED', 'saved by 1'),
	(92, '2011-09-09 12:37:26', 'UPDATED', 'saved by 1'),
	(92, '2011-09-09 12:37:42', 'UPDATED', 'saved by 1'),
	(97, '2011-09-09 12:43:06', 'UPDATED', 'saved by 1'),
	(90, '2011-09-14 02:51:58', 'UPDATED', 'saved by 1'),
	(90, '2011-09-14 02:52:03', 'UPDATED', 'saved by 1'),
	(90, '2011-09-14 02:52:13', 'UPDATED', 'saved by 1'),
	(91, '2011-09-14 03:52:49', 'UPDATED', 'saved by 1'),
	(93, '2011-09-14 03:52:49', 'UPDATED', 'saved by 1'),
	(95, '2011-09-14 03:52:49', 'UPDATED', 'saved by 1'),
	(96, '2011-09-14 03:52:49', 'UPDATED', 'saved by 1'),
	(97, '2011-09-14 03:52:49', 'UPDATED', 'saved by 1'),
	(91, '2011-09-14 03:53:23', 'UPDATED', 'saved by 1'),
	(93, '2011-09-14 03:53:23', 'UPDATED', 'saved by 1'),
	(95, '2011-09-14 03:53:23', 'UPDATED', 'saved by 1'),
	(96, '2011-09-14 03:53:23', 'UPDATED', 'saved by 1'),
	(97, '2011-09-14 03:53:23', 'UPDATED', 'saved by 1'),
	(90, '2011-09-14 03:53:38', 'UPDATED', 'saved by 1'),
	(91, '2011-09-14 03:53:38', 'UPDATED', 'saved by 1'),
	(92, '2011-09-14 03:53:38', 'UPDATED', 'saved by 1'),
	(93, '2011-09-14 03:53:38', 'UPDATED', 'saved by 1'),
	(95, '2011-09-14 03:53:38', 'UPDATED', 'saved by 1'),
	(96, '2011-09-14 03:53:38', 'UPDATED', 'saved by 1'),
	(97, '2011-09-14 03:53:38', 'UPDATED', 'saved by 1'),
	(95, '2011-09-14 14:44:14', 'UPDATED', 'saved by 1'),
	(98, '2011-09-14 15:56:55', 'UPDATED', 'saved by 1'),
	(98, '2011-09-14 15:56:55', 'UPDATED', 'saved by 1'),
	(98, '2011-09-14 15:56:57', 'UPDATED', 'saved by 1'),
	(98, '2011-09-14 15:56:57', 'UPDATED', 'saved by 1'),
	(98, '2011-09-14 15:56:57', 'UPDATED', 'saved by 1'),
	(98, '2011-09-14 15:57:21', 'UPDATED', 'saved by 1'),
	(98, '2011-09-14 15:57:35', 'UPDATED', 'saved by 1'),
	(98, '2011-09-14 15:58:57', 'UPDATED', 'saved by 1'),
	(98, '2011-09-14 16:02:38', 'UPDATED', 'saved by 1'),
	(98, '2011-09-14 16:42:23', 'UPDATED', 'saved by 1'),
	(98, '2011-09-14 16:46:29', 'UPDATED', 'saved by 1'),
	(98, '2011-09-14 16:48:59', 'UPDATED', 'saved by 1'),
	(98, '2011-09-14 16:52:20', 'UPDATED', 'saved by 1'),
	(98, '2011-09-14 16:54:55', 'UPDATED', 'saved by 1'),
	(99, '2011-09-15 21:19:01', 'UPDATED', 'saved by 1'),
	(99, '2011-09-15 21:19:01', 'UPDATED', 'saved by 1'),
	(99, '2011-09-15 21:19:06', 'UPDATED', 'saved by 1'),
	(99, '2011-09-15 21:19:06', 'UPDATED', 'saved by 1'),
	(99, '2011-09-15 21:19:06', 'UPDATED', 'saved by 1'),
	(99, '2011-09-15 21:19:25', 'UPDATED', 'saved by 1'),
	(99, '2011-09-15 21:20:10', 'UPDATED', 'saved by 1'),
	(99, '2011-09-15 21:20:23', 'UPDATED', 'saved by 1'),
	(99, '2011-09-15 21:20:41', 'UPDATED', 'saved by 1'),
	(98, '2011-09-16 15:57:37', 'UPDATED', 'saved by 1'),
	(98, '2011-09-16 15:58:15', 'UPDATED', 'saved by 1'),
	(98, '2011-09-16 15:58:15', 'UPDATED', 'saved by 1'),
	(98, '2011-09-16 15:58:15', 'UPDATED', 'saved by 1'),
	(98, '2011-09-16 15:58:15', 'UPDATED', 'saved by 1'),
	(98, '2011-09-16 15:58:15', 'UPDATED', 'saved by 1'),
	(98, '2011-09-16 15:58:15', 'UPDATED', 'saved by 1'),
	(98, '2011-09-16 15:58:15', 'UPDATED', 'saved by 1'),
	(98, '2011-09-16 15:58:15', 'UPDATED', 'saved by 1'),
	(98, '2011-09-16 15:58:15', 'UPDATED', 'saved by 1'),
	(98, '2011-09-16 15:58:16', 'UPDATED', 'saved by 1'),
	(98, '2011-09-16 15:58:59', 'UPDATED', 'saved by 1'),
	(98, '2011-09-16 15:59:47', 'UPDATED', 'saved by 1'),
	(97, '2011-09-16 16:08:53', 'UPDATED', 'saved by 1'),
	(91, '2011-09-16 16:14:18', 'UPDATED', 'saved by 1'),
	(91, '2011-09-16 16:15:23', 'UPDATED', 'saved by 1'),
	(98, '2011-09-16 16:16:12', 'UPDATED', 'saved by 1'),
	(98, '2011-09-16 16:16:12', 'UPDATED', 'saved by 1'),
	(98, '2011-09-16 16:16:12', 'UPDATED', 'saved by 1'),
	(98, '2011-09-16 16:16:12', 'UPDATED', 'saved by 1'),
	(98, '2011-09-16 16:16:29', 'UPDATED', 'saved by 1'),
	(98, '2011-09-16 16:16:29', 'UPDATED', 'saved by 1'),
	(98, '2011-09-16 16:16:29', 'UPDATED', 'saved by 1'),
	(98, '2011-09-16 16:16:29', 'UPDATED', 'saved by 1'),
	(98, '2011-09-16 16:16:29', 'UPDATED', 'saved by 1'),
	(98, '2011-09-16 16:16:29', 'UPDATED', 'saved by 1'),
	(98, '2011-09-16 16:16:52', 'UPDATED', 'saved by 1'),
	(98, '2011-09-16 16:16:52', 'UPDATED', 'saved by 1'),
	(98, '2011-09-16 16:16:52', 'UPDATED', 'saved by 1'),
	(98, '2011-09-16 16:16:52', 'UPDATED', 'saved by 1'),
	(98, '2011-09-16 16:17:32', 'UPDATED', 'saved by 1'),
	(98, '2011-09-16 16:17:32', 'UPDATED', 'saved by 1'),
	(98, '2011-09-16 16:17:54', 'UPDATED', 'saved by 1'),
	(98, '2011-09-16 16:17:54', 'UPDATED', 'saved by 1'),
	(98, '2011-09-16 16:17:54', 'UPDATED', 'saved by 1'),
	(98, '2011-09-16 16:17:54', 'UPDATED', 'saved by 1'),
	(92, '2011-09-16 16:20:40', 'UPDATED', 'saved by 1'),
	(92, '2011-09-16 16:20:40', 'UPDATED', 'saved by 1'),
	(92, '2011-09-16 16:22:21', 'UPDATED', 'saved by 1'),
	(92, '2011-09-16 16:22:21', 'UPDATED', 'saved by 1'),
	(92, '2011-09-16 16:22:21', 'UPDATED', 'saved by 1'),
	(92, '2011-09-16 16:22:21', 'UPDATED', 'saved by 1'),
	(100, '2011-09-16 19:22:43', 'UPDATED', 'saved by 1'),
	(100, '2011-09-16 19:22:43', 'UPDATED', 'saved by 1'),
	(100, '2011-09-16 19:22:48', 'UPDATED', 'saved by 1'),
	(100, '2011-09-16 19:22:48', 'UPDATED', 'saved by 1'),
	(100, '2011-09-16 19:22:48', 'UPDATED', 'saved by 1'),
	(100, '2011-09-16 19:24:01', 'UPDATED', 'saved by 1'),
	(101, '2011-09-16 19:27:55', 'UPDATED', 'saved by 1'),
	(101, '2011-09-16 19:27:55', 'UPDATED', 'saved by 1'),
	(101, '2011-09-16 19:27:59', 'UPDATED', 'saved by 1'),
	(101, '2011-09-16 19:28:00', 'UPDATED', 'saved by 1'),
	(101, '2011-09-16 19:28:00', 'UPDATED', 'saved by 1'),
	(101, '2011-09-16 19:28:49', 'UPDATED', 'saved by 1'),
	(101, '2011-09-16 19:29:15', 'UPDATED', 'saved by 1'),
	(101, '2011-09-16 19:33:06', 'UPDATED', 'saved by 1'),
	(101, '2011-09-16 19:33:11', 'UPDATED', 'saved by 1'),
	(102, '2011-09-16 20:59:38', 'UPDATED', 'saved by 1'),
	(102, '2011-09-16 20:59:38', 'UPDATED', 'saved by 1'),
	(102, '2011-09-16 20:59:42', 'UPDATED', 'saved by 1'),
	(102, '2011-09-16 20:59:42', 'UPDATED', 'saved by 1'),
	(102, '2011-09-16 20:59:42', 'UPDATED', 'saved by 1'),
	(102, '2011-09-16 21:06:50', 'UPDATED', 'saved by 1'),
	(102, '2011-09-16 21:07:05', 'UPDATED', 'saved by 1'),
	(102, '2011-09-16 21:08:26', 'UPDATED', 'saved by 1'),
	(102, '2011-09-16 21:08:50', 'UPDATED', 'saved by 1'),
	(102, '2011-09-16 21:09:05', 'UPDATED', 'saved by 1'),
	(102, '2011-09-16 21:09:20', 'UPDATED', 'saved by 1'),
	(102, '2011-09-16 21:10:08', 'UPDATED', 'saved by 1'),
	(102, '2011-09-16 21:26:25', 'UPDATED', 'saved by 1'),
	(102, '2011-09-16 21:29:39', 'UPDATED', 'saved by 1'),
	(102, '2011-09-16 21:33:04', 'UPDATED', 'saved by 1'),
	(102, '2011-09-16 21:33:36', 'UPDATED', 'saved by 1'),
	(102, '2011-09-16 21:36:32', 'UPDATED', 'saved by 1'),
	(102, '2011-09-16 21:37:21', 'UPDATED', 'saved by 1'),
	(102, '2011-09-16 21:51:32', 'UPDATED', 'saved by 1'),
	(102, '2011-09-16 21:53:03', 'UPDATED', 'saved by 1'),
	(102, '2011-09-16 21:53:33', 'UPDATED', 'saved by 1'),
	(102, '2011-09-16 21:53:48', 'UPDATED', 'saved by 1'),
	(102, '2011-09-16 22:09:45', 'UPDATED', 'saved by 1'),
	(102, '2011-09-16 22:10:20', 'UPDATED', 'saved by 1'),
	(102, '2011-09-16 22:15:57', 'UPDATED', 'saved by 1'),
	(102, '2011-09-16 22:16:32', 'UPDATED', 'saved by 1'),
	(102, '2011-09-16 22:16:55', 'UPDATED', 'saved by 1'),
	(102, '2011-09-16 22:17:17', 'UPDATED', 'saved by 1'),
	(102, '2011-09-16 22:17:37', 'UPDATED', 'saved by 1'),
	(102, '2011-09-16 22:18:56', 'UPDATED', 'saved by 1'),
	(102, '2011-09-16 22:18:56', 'UPDATED', 'saved by 1'),
	(102, '2011-09-16 22:19:26', 'UPDATED', 'saved by 1'),
	(102, '2011-09-16 22:19:26', 'UPDATED', 'saved by 1'),
	(102, '2011-09-16 22:19:45', 'UPDATED', 'saved by 1'),
	(102, '2011-09-16 22:19:45', 'UPDATED', 'saved by 1'),
	(102, '2011-09-16 22:20:11', 'UPDATED', 'saved by 1'),
	(102, '2011-09-16 22:20:11', 'UPDATED', 'saved by 1'),
	(102, '2011-09-16 22:21:43', 'UPDATED', 'saved by 1'),
	(102, '2011-09-16 22:21:43', 'UPDATED', 'saved by 1'),
	(102, '2011-09-16 22:21:43', 'UPDATED', 'saved by 1'),
	(102, '2011-09-16 22:21:43', 'UPDATED', 'saved by 1'),
	(102, '2011-09-16 22:23:13', 'UPDATED', 'saved by 1'),
	(102, '2011-09-16 22:23:13', 'UPDATED', 'saved by 1'),
	(102, '2011-09-16 22:23:32', 'UPDATED', 'saved by 1'),
	(102, '2011-09-16 22:23:32', 'UPDATED', 'saved by 1'),
	(102, '2011-09-16 22:24:17', 'UPDATED', 'saved by 1'),
	(102, '2011-09-16 22:24:17', 'UPDATED', 'saved by 1'),
	(102, '2011-09-16 22:24:34', 'UPDATED', 'saved by 1'),
	(102, '2011-09-16 22:24:34', 'UPDATED', 'saved by 1'),
	(102, '2011-09-16 22:28:22', 'UPDATED', 'saved by 1'),
	(102, '2011-09-16 22:28:22', 'UPDATED', 'saved by 1'),
	(102, '2011-09-16 22:28:52', 'UPDATED', 'saved by 1'),
	(102, '2011-09-16 22:29:45', 'UPDATED', 'saved by 1'),
	(102, '2011-09-16 22:30:28', 'UPDATED', 'saved by 1'),
	(102, '2011-09-16 22:32:03', 'UPDATED', 'saved by 1'),
	(102, '2011-09-16 22:32:21', 'UPDATED', 'saved by 1'),
	(102, '2011-09-16 22:32:41', 'UPDATED', 'saved by 1'),
	(102, '2011-09-16 22:49:25', 'UPDATED', 'saved by 1'),
	(102, '2011-09-16 22:50:35', 'UPDATED', 'saved by 1'),
	(102, '2011-09-16 22:51:10', 'UPDATED', 'saved by 1'),
	(102, '2011-09-16 22:51:29', 'UPDATED', 'saved by 1'),
	(102, '2011-09-16 22:52:18', 'UPDATED', 'saved by 1'),
	(102, '2011-09-16 22:54:49', 'UPDATED', 'saved by 1'),
	(102, '2011-09-16 22:55:20', 'UPDATED', 'saved by 1'),
	(102, '2011-09-16 23:07:57', 'UPDATED', 'saved by 1'),
	(102, '2011-09-16 23:08:33', 'UPDATED', 'saved by 1'),
	(102, '2011-09-16 23:09:59', 'UPDATED', 'saved by 1'),
	(102, '2011-09-16 23:11:58', 'UPDATED', 'saved by 1'),
	(102, '2011-09-16 23:12:25', 'UPDATED', 'saved by 1'),
	(102, '2011-09-16 23:13:06', 'UPDATED', 'saved by 1'),
	(99, '2011-09-17 00:20:44', 'UPDATED', 'saved by 1'),
	(99, '2011-09-17 00:20:44', 'UPDATED', 'saved by 1'),
	(99, '2011-09-17 00:20:45', 'UPDATED', 'saved by 1'),
	(99, '2011-09-17 00:20:45', 'UPDATED', 'saved by 1'),
	(103, '2011-09-17 23:01:13', 'UPDATED', 'saved by 1'),
	(103, '2011-09-17 23:01:13', 'UPDATED', 'saved by 1'),
	(103, '2011-09-17 23:01:18', 'UPDATED', 'saved by 1'),
	(103, '2011-09-17 23:01:18', 'UPDATED', 'saved by 1'),
	(104, '2011-09-18 18:47:35', 'UPDATED', 'saved by 1'),
	(104, '2011-09-18 18:47:35', 'UPDATED', 'saved by 1'),
	(104, '2011-09-18 18:47:37', 'UPDATED', 'saved by 1'),
	(104, '2011-09-18 18:47:37', 'UPDATED', 'saved by 1'),
	(104, '2011-09-18 19:04:47', 'UPDATED', 'saved by 1'),
	(104, '2011-09-18 19:06:14', 'UPDATED', 'saved by 1'),
	(105, '2011-09-18 19:15:36', 'UPDATED', 'saved by 1'),
	(105, '2011-09-18 19:15:37', 'UPDATED', 'saved by 1'),
	(105, '2011-09-18 19:15:37', 'UPDATED', 'saved by 1'),
	(105, '2011-09-18 19:15:37', 'UPDATED', 'saved by 1'),
	(106, '2011-09-18 19:17:08', 'UPDATED', 'saved by 1'),
	(106, '2011-09-18 19:17:08', 'UPDATED', 'saved by 1'),
	(107, '2011-09-18 19:17:20', 'UPDATED', 'saved by 1'),
	(107, '2011-09-18 19:17:20', 'UPDATED', 'saved by 1'),
	(108, '2011-09-18 19:17:57', 'UPDATED', 'saved by 1'),
	(108, '2011-09-18 19:17:57', 'UPDATED', 'saved by 1'),
	(109, '2011-09-18 19:18:04', 'UPDATED', 'saved by 1'),
	(109, '2011-09-18 19:18:04', 'UPDATED', 'saved by 1'),
	(110, '2011-09-18 19:29:34', 'UPDATED', 'saved by 1'),
	(110, '2011-09-18 19:29:34', 'UPDATED', 'saved by 1'),
	(111, '2011-09-18 19:29:57', 'UPDATED', 'saved by 1'),
	(111, '2011-09-18 19:29:57', 'UPDATED', 'saved by 1'),
	(111, '2011-09-18 19:29:58', 'UPDATED', 'saved by 1'),
	(111, '2011-09-18 19:29:58', 'UPDATED', 'saved by 1'),
	(111, '2011-09-18 19:29:58', 'UPDATED', 'saved by 1'),
	(111, '2011-09-18 19:30:32', 'UPDATED', 'saved by 1'),
	(111, '2011-09-18 19:36:45', 'UPDATED', 'saved by 1'),
	(111, '2011-09-18 19:36:45', 'UPDATED', 'saved by 1'),
	(111, '2011-09-18 19:37:13', 'UPDATED', 'saved by 1'),
	(111, '2011-09-18 19:37:13', 'UPDATED', 'saved by 1'),
	(112, '2011-09-18 19:39:24', 'UPDATED', 'saved by 1'),
	(112, '2011-09-18 19:39:24', 'UPDATED', 'saved by 1'),
	(112, '2011-09-18 19:39:26', 'UPDATED', 'saved by 1'),
	(112, '2011-09-18 19:39:26', 'UPDATED', 'saved by 1'),
	(112, '2011-09-18 19:39:51', 'UPDATED', 'saved by 1'),
	(112, '2011-09-18 19:39:51', 'UPDATED', 'saved by 1'),
	(112, '2011-09-18 19:40:12', 'UPDATED', 'saved by 1'),
	(112, '2011-09-18 19:40:12', 'UPDATED', 'saved by 1'),
	(91, '2011-09-18 20:18:15', 'UPDATED', 'saved by 1'),
	(91, '2011-09-18 20:18:15', 'UPDATED', 'saved by 1'),
	(91, '2011-09-18 20:18:31', 'UPDATED', 'saved by 1'),
	(91, '2011-09-18 20:18:31', 'UPDATED', 'saved by 1'),
	(91, '2011-09-18 20:21:32', 'UPDATED', 'saved by 1'),
	(91, '2011-09-18 20:21:32', 'UPDATED', 'saved by 1'),
	(91, '2011-09-18 20:23:21', 'UPDATED', 'saved by 1'),
	(91, '2011-09-18 20:23:21', 'UPDATED', 'saved by 1'),
	(91, '2011-09-18 20:23:36', 'UPDATED', 'saved by 1'),
	(91, '2011-09-18 20:23:36', 'UPDATED', 'saved by 1'),
	(113, '2011-09-18 20:25:39', 'UPDATED', 'saved by 1'),
	(113, '2011-09-18 20:25:39', 'UPDATED', 'saved by 1'),
	(113, '2011-09-18 20:25:39', 'UPDATED', 'saved by 1'),
	(113, '2011-09-18 20:25:39', 'UPDATED', 'saved by 1'),
	(113, '2011-09-18 20:26:06', 'UPDATED', 'saved by 1'),
	(113, '2011-09-18 20:26:06', 'UPDATED', 'saved by 1'),
	(113, '2011-09-18 20:27:20', 'UPDATED', 'saved by 1'),
	(113, '2011-09-18 20:27:20', 'UPDATED', 'saved by 1'),
	(113, '2011-09-18 20:28:37', 'UPDATED', 'saved by 1'),
	(113, '2011-09-18 20:28:37', 'UPDATED', 'saved by 1'),
	(113, '2011-09-18 20:28:51', 'UPDATED', 'saved by 1'),
	(113, '2011-09-18 20:28:51', 'UPDATED', 'saved by 1'),
	(113, '2011-09-18 20:30:11', 'UPDATED', 'saved by 1'),
	(113, '2011-09-18 20:30:11', 'UPDATED', 'saved by 1'),
	(113, '2011-09-18 20:30:19', 'UPDATED', 'saved by 1'),
	(113, '2011-09-18 20:30:19', 'UPDATED', 'saved by 1'),
	(113, '2011-09-18 20:30:28', 'UPDATED', 'saved by 1'),
	(113, '2011-09-18 20:30:28', 'UPDATED', 'saved by 1'),
	(99, '2011-09-18 23:43:56', 'UPDATED', 'saved by 1'),
	(99, '2011-09-18 23:43:56', 'UPDATED', 'saved by 1'),
	(98, '2011-09-18 23:51:52', 'UPDATED', 'saved by 1'),
	(110, '2011-09-19 19:15:27', 'UPDATED', 'saved by 1'),
	(110, '2011-09-19 19:15:27', 'UPDATED', 'saved by 1'),
	(110, '2011-09-19 19:15:43', 'UPDATED', 'saved by 1'),
	(110, '2011-09-19 19:15:43', 'UPDATED', 'saved by 1'),
	(110, '2011-09-19 19:15:57', 'UPDATED', 'saved by 1'),
	(110, '2011-09-19 19:15:57', 'UPDATED', 'saved by 1'),
	(92, '2011-09-19 19:17:41', 'UPDATED', 'saved by 1'),
	(92, '2011-09-19 19:17:41', 'UPDATED', 'saved by 1'),
	(99, '2011-09-19 19:44:26', 'UPDATED', 'saved by 1'),
	(99, '2011-09-19 19:44:26', 'UPDATED', 'saved by 1'),
	(99, '2011-09-19 19:44:26', 'UPDATED', 'saved by 1'),
	(90, '2011-09-19 20:47:37', 'UPDATED', 'saved by 1'),
	(90, '2011-09-19 20:47:37', 'UPDATED', 'saved by 1'),
	(90, '2011-09-19 20:47:46', 'UPDATED', 'saved by 1'),
	(90, '2011-09-19 20:47:46', 'UPDATED', 'saved by 1'),
	(90, '2011-09-19 20:48:08', 'UPDATED', 'saved by 1'),
	(90, '2011-09-19 20:48:08', 'UPDATED', 'saved by 1'),
	(114, '2011-09-19 22:20:39', 'UPDATED', 'saved by 1'),
	(114, '2011-09-19 22:20:39', 'UPDATED', 'saved by 1'),
	(114, '2011-09-19 22:20:39', 'UPDATED', 'saved by 1'),
	(114, '2011-09-19 22:20:39', 'UPDATED', 'saved by 1'),
	(114, '2011-09-19 22:20:45', 'UPDATED', 'saved by 1'),
	(114, '2011-09-19 22:20:45', 'UPDATED', 'saved by 1'),
	(114, '2011-09-19 22:20:58', 'UPDATED', 'saved by 1'),
	(114, '2011-09-19 22:20:58', 'UPDATED', 'saved by 1'),
	(114, '2011-09-19 22:21:13', 'UPDATED', 'saved by 1'),
	(114, '2011-09-19 22:21:13', 'UPDATED', 'saved by 1'),
	(114, '2011-09-19 22:25:06', 'UPDATED', 'saved by 1'),
	(114, '2011-09-19 22:25:06', 'UPDATED', 'saved by 1'),
	(114, '2011-09-19 22:25:43', 'UPDATED', 'saved by 1'),
	(114, '2011-09-19 22:25:50', 'UPDATED', 'saved by 1'),
	(114, '2011-09-19 22:25:50', 'UPDATED', 'saved by 1'),
	(114, '2011-09-19 22:25:50', 'UPDATED', 'saved by 1'),
	(114, '2011-09-19 22:25:50', 'UPDATED', 'saved by 1'),
	(114, '2011-09-19 22:25:50', 'UPDATED', 'saved by 1'),
	(115, '2011-09-19 22:32:16', 'UPDATED', 'saved by 1'),
	(115, '2011-09-19 22:32:16', 'UPDATED', 'saved by 1'),
	(116, '2011-09-19 22:33:23', 'UPDATED', 'saved by 1'),
	(116, '2011-09-19 22:33:23', 'UPDATED', 'saved by 1'),
	(116, '2011-09-19 22:33:23', 'UPDATED', 'saved by 1'),
	(116, '2011-09-19 22:33:23', 'UPDATED', 'saved by 1'),
	(117, '2011-09-19 22:51:50', 'UPDATED', 'saved by 1'),
	(117, '2011-09-19 22:51:50', 'UPDATED', 'saved by 1'),
	(118, '2011-09-19 22:57:08', 'UPDATED', 'saved by 1'),
	(118, '2011-09-19 22:57:08', 'UPDATED', 'saved by 1'),
	(92, '2011-09-21 22:11:32', 'UPDATED', 'saved by 1'),
	(92, '2011-09-21 22:11:32', 'UPDATED', 'saved by 1'),
	(92, '2011-09-21 22:11:42', 'UPDATED', 'saved by 1'),
	(92, '2011-09-21 22:11:42', 'UPDATED', 'saved by 1'),
	(92, '2011-09-21 22:14:17', 'UPDATED', 'saved by 1'),
	(92, '2011-09-21 22:14:18', 'UPDATED', 'saved by 1'),
	(92, '2011-09-21 22:14:30', 'UPDATED', 'saved by 1'),
	(92, '2011-09-21 22:14:30', 'UPDATED', 'saved by 1'),
	(93, '2011-09-21 22:34:32', 'UPDATED', 'saved by 1'),
	(93, '2011-09-21 22:34:32', 'UPDATED', 'saved by 1'),
	(93, '2011-09-21 22:34:44', 'UPDATED', 'saved by 1'),
	(93, '2011-09-21 22:34:44', 'UPDATED', 'saved by 1'),
	(93, '2011-09-21 22:34:56', 'UPDATED', 'saved by 1'),
	(93, '2011-09-21 22:34:56', 'UPDATED', 'saved by 1'),
	(93, '2011-09-21 22:35:03', 'UPDATED', 'saved by 1'),
	(93, '2011-09-21 22:35:03', 'UPDATED', 'saved by 1'),
	(99, '2011-09-21 22:36:47', 'UPDATED', 'saved by 1'),
	(99, '2011-09-21 22:36:47', 'UPDATED', 'saved by 1'),
	(90, '2011-09-21 22:37:48', 'UPDATED', 'saved by 1'),
	(91, '2011-09-21 22:37:49', 'UPDATED', 'saved by 1'),
	(92, '2011-09-21 22:37:53', 'UPDATED', 'saved by 1'),
	(93, '2011-09-21 22:37:53', 'UPDATED', 'saved by 1'),
	(97, '2011-09-21 22:39:04', 'UPDATED', 'saved by 1'),
	(119, '2011-09-21 22:40:24', 'UPDATED', 'saved by 1'),
	(119, '2011-09-21 22:40:24', 'UPDATED', 'saved by 1'),
	(119, '2011-09-21 22:40:24', 'UPDATED', 'saved by 1'),
	(119, '2011-09-21 22:40:24', 'UPDATED', 'saved by 1'),
	(119, '2011-09-21 22:40:32', 'UPDATED', 'saved by 1'),
	(119, '2011-09-21 22:40:32', 'UPDATED', 'saved by 1'),
	(120, '2011-09-21 22:41:06', 'UPDATED', 'saved by 1'),
	(120, '2011-09-21 22:41:06', 'UPDATED', 'saved by 1'),
	(120, '2011-09-21 22:41:06', 'UPDATED', 'saved by 1'),
	(120, '2011-09-21 22:41:06', 'UPDATED', 'saved by 1'),
	(120, '2011-09-21 22:41:11', 'UPDATED', 'saved by 1'),
	(120, '2011-09-21 22:41:11', 'UPDATED', 'saved by 1'),
	(119, '2011-09-21 22:41:27', 'UPDATED', 'saved by 1'),
	(120, '2011-09-21 22:41:27', 'UPDATED', 'saved by 1'),
	(119, '2011-09-21 22:41:47', 'UPDATED', 'saved by 1'),
	(120, '2011-09-21 22:41:47', 'UPDATED', 'saved by 1'),
	(119, '2011-09-21 22:41:47', 'UPDATED', 'saved by 1'),
	(120, '2011-09-21 22:41:47', 'UPDATED', 'saved by 1'),
	(119, '2011-09-21 22:41:47', 'UPDATED', 'saved by 1'),
	(120, '2011-09-21 22:41:47', 'UPDATED', 'saved by 1'),
	(119, '2011-09-21 22:41:47', 'UPDATED', 'saved by 1'),
	(120, '2011-09-21 22:41:47', 'UPDATED', 'saved by 1'),
	(119, '2011-09-21 22:41:47', 'UPDATED', 'saved by 1'),
	(120, '2011-09-21 22:41:47', 'UPDATED', 'saved by 1'),
	(120, '2011-09-21 22:42:26', 'UPDATED', 'saved by 1'),
	(120, '2011-09-21 22:42:26', 'UPDATED', 'saved by 1'),
	(119, '2011-09-21 22:42:48', 'UPDATED', 'saved by 1'),
	(119, '2011-09-21 22:42:48', 'UPDATED', 'saved by 1'),
	(119, '2011-09-21 22:42:57', 'UPDATED', 'saved by 1'),
	(119, '2011-09-21 22:42:57', 'UPDATED', 'saved by 1'),
	(119, '2011-09-21 22:43:02', 'UPDATED', 'saved by 1'),
	(119, '2011-09-21 22:43:02', 'UPDATED', 'saved by 1'),
	(119, '2011-09-21 22:43:29', 'UPDATED', 'saved by 1'),
	(120, '2011-09-21 22:43:29', 'UPDATED', 'saved by 1'),
	(119, '2011-09-21 22:43:29', 'UPDATED', 'saved by 1'),
	(120, '2011-09-21 22:43:29', 'UPDATED', 'saved by 1'),
	(119, '2011-09-21 22:43:29', 'UPDATED', 'saved by 1'),
	(120, '2011-09-21 22:43:29', 'UPDATED', 'saved by 1'),
	(119, '2011-09-21 22:43:29', 'UPDATED', 'saved by 1'),
	(120, '2011-09-21 22:43:29', 'UPDATED', 'saved by 1'),
	(119, '2011-09-21 22:43:29', 'UPDATED', 'saved by 1'),
	(120, '2011-09-21 22:43:29', 'UPDATED', 'saved by 1'),
	(119, '2011-09-21 22:45:51', 'UPDATED', 'saved by 1'),
	(120, '2011-09-21 22:45:51', 'UPDATED', 'saved by 1'),
	(119, '2011-09-21 22:45:51', 'UPDATED', 'saved by 1'),
	(120, '2011-09-21 22:45:51', 'UPDATED', 'saved by 1'),
	(119, '2011-09-21 22:45:51', 'UPDATED', 'saved by 1'),
	(120, '2011-09-21 22:45:51', 'UPDATED', 'saved by 1'),
	(119, '2011-09-21 22:45:51', 'UPDATED', 'saved by 1'),
	(120, '2011-09-21 22:45:51', 'UPDATED', 'saved by 1'),
	(119, '2011-09-21 22:50:04', 'UPDATED', 'saved by 1'),
	(120, '2011-09-21 22:50:04', 'UPDATED', 'saved by 1'),
	(119, '2011-09-21 22:50:04', 'UPDATED', 'saved by 1'),
	(120, '2011-09-21 22:50:04', 'UPDATED', 'saved by 1'),
	(119, '2011-09-21 22:50:04', 'UPDATED', 'saved by 1'),
	(120, '2011-09-21 22:50:04', 'UPDATED', 'saved by 1'),
	(119, '2011-09-21 22:50:04', 'UPDATED', 'saved by 1'),
	(120, '2011-09-21 22:50:04', 'UPDATED', 'saved by 1'),
	(119, '2011-09-21 22:52:54', 'UPDATED', 'saved by 1'),
	(120, '2011-09-21 22:52:54', 'UPDATED', 'saved by 1'),
	(119, '2011-09-21 22:52:54', 'UPDATED', 'saved by 1'),
	(120, '2011-09-21 22:52:54', 'UPDATED', 'saved by 1'),
	(119, '2011-09-21 22:52:54', 'UPDATED', 'saved by 1'),
	(120, '2011-09-21 22:52:54', 'UPDATED', 'saved by 1'),
	(119, '2011-09-21 22:52:54', 'UPDATED', 'saved by 1'),
	(120, '2011-09-21 22:52:54', 'UPDATED', 'saved by 1'),
	(120, '2011-09-21 23:02:34', 'UPDATED', 'saved by 1'),
	(120, '2011-09-21 23:02:34', 'UPDATED', 'saved by 1'),
	(120, '2011-09-21 23:02:34', 'UPDATED', 'saved by 1'),
	(120, '2011-09-21 23:02:34', 'UPDATED', 'saved by 1'),
	(90, '2011-09-22 00:30:03', 'UPDATED', 'saved by 1'),
	(90, '2011-09-22 00:30:03', 'UPDATED', 'saved by 1'),
	(90, '2011-09-22 01:21:13', 'UPDATED', 'saved by 1'),
	(90, '2011-09-22 01:21:13', 'UPDATED', 'saved by 1'),
	(90, '2011-09-22 01:21:13', 'UPDATED', 'saved by 1'),
	(90, '2011-09-22 01:25:28', 'UPDATED', 'saved by 1'),
	(121, '2011-09-26 21:19:12', 'UPDATED', 'saved by 1'),
	(121, '2011-09-26 21:23:51', 'UPDATED', 'saved by 1'),
	(122, '2011-09-26 21:25:11', 'UPDATED', 'saved by 1'),
	(123, '2011-09-26 21:25:39', 'UPDATED', 'saved by 1'),
	(124, '2011-09-26 21:26:23', 'UPDATED', 'saved by 1'),
	(124, '2011-09-26 21:26:23', 'UPDATED', 'saved by 1'),
	(124, '2011-09-26 21:26:58', 'UPDATED', 'saved by 1'),
	(125, '2011-09-26 21:30:36', 'UPDATED', 'saved by 1'),
	(125, '2011-09-26 21:30:36', 'UPDATED', 'saved by 1');
/*!40000 ALTER TABLE `order_logs` ENABLE KEYS */;


# Dumping structure for table mml.order_station
DROP TABLE IF EXISTS `order_station`;
CREATE TABLE IF NOT EXISTS `order_station` (
  `id` bigint(11) NOT NULL AUTO_INCREMENT,
  `order_id` bigint(11) DEFAULT NULL,
  `station_id` bigint(11) DEFAULT NULL,
  `remarks` varchar(500) DEFAULT NULL,
  `operator_id` bigint(11) DEFAULT NULL,
  `updated` datetime DEFAULT NULL,
  PRIMARY KEY (`id`)
) ENGINE=InnoDB AUTO_INCREMENT=89 DEFAULT CHARSET=utf8;

# Dumping data for table mml.order_station: ~62 rows (approximately)
/*!40000 ALTER TABLE `order_station` DISABLE KEYS */;
INSERT INTO `order_station` (`id`, `order_id`, `station_id`, `remarks`, `operator_id`, `updated`) VALUES
	(27, NULL, NULL, 'Remarks...', NULL, '2011-09-16 15:40:34'),
	(28, NULL, NULL, 'Remarks...', NULL, '2011-09-16 15:41:08'),
	(29, NULL, NULL, 'Remarks...', NULL, '2011-09-16 15:43:02'),
	(30, NULL, NULL, 'Remarks...', NULL, '2011-09-16 15:43:02'),
	(31, NULL, NULL, '234234', NULL, '2011-09-16 15:44:34'),
	(32, NULL, NULL, 'test', NULL, '2011-09-16 15:44:34'),
	(33, NULL, NULL, 'test', NULL, '2011-09-16 15:44:34'),
	(34, NULL, NULL, 'Remarks...', NULL, '2011-09-16 15:47:18'),
	(35, NULL, NULL, 'Remarks...', NULL, '2011-09-16 15:47:18'),
	(36, 98, 109, 'Remarks...', 1, '2011-09-16 15:51:21'),
	(37, 98, 110, 'Remarks...', 1, '2011-09-16 15:51:21'),
	(38, 98, 104, 'Remarks...', 1, '2011-09-16 15:53:33'),
	(39, 98, 106, 'Remarks...', 1, '2011-09-16 15:53:33'),
	(40, 98, 107, 'Remarks...', 1, '2011-09-16 15:53:33'),
	(41, 98, 100, 'Remarks...', 1, '2011-09-16 15:58:15'),
	(42, 98, 101, 'Remarks...', 1, '2011-09-16 15:58:15'),
	(43, 98, 102, 'Remarks...', 1, '2011-09-16 15:58:15'),
	(44, 98, 103, 'Remarks...', 1, '2011-09-16 15:58:15'),
	(45, 98, 104, 'Remarks...', 1, '2011-09-16 15:58:15'),
	(46, 98, 105, 'Remarks...', 1, '2011-09-16 15:58:15'),
	(47, 98, 106, 'Remarks...', 1, '2011-09-16 15:58:15'),
	(48, 98, 107, 'Remarks...', 1, '2011-09-16 15:58:15'),
	(49, 98, 108, 'Remarks...', 1, '2011-09-16 15:58:15'),
	(50, 98, 109, 'Remarks...', 1, '2011-09-16 15:58:15'),
	(51, 98, 107, 'Remarks...', 1, '2011-09-16 15:59:35'),
	(52, 98, 108, 'Remarks...', 1, '2011-09-16 15:59:35'),
	(53, 98, 109, 'Remarks...', 1, '2011-09-16 15:59:35'),
	(54, 98, 110, 'done!', 1, '2011-09-16 15:59:47'),
	(55, 97, 100, 'Remarks...', 1, '2011-09-16 16:08:12'),
	(56, 97, 101, 'Remarks...', 1, '2011-09-16 16:08:12'),
	(57, 97, 102, 'Remarks...', 1, '2011-09-16 16:08:12'),
	(58, 97, 107, 'Remarks...', 1, '2011-09-16 16:08:36'),
	(59, 97, 108, 'Remarks...', 1, '2011-09-16 16:08:36'),
	(60, 97, 109, 'Remarks...', 1, '2011-09-16 16:08:36'),
	(61, 97, 110, 'Remarks...', 1, '2011-09-16 16:08:53'),
	(62, 91, 104, 'Remarks...', 1, '2011-09-16 16:13:46'),
	(63, 91, 104, 'Remarks...', 1, '2011-09-16 16:14:17'),
	(64, 91, 104, 'Remarks...', 1, '2011-09-16 16:15:23'),
	(65, 98, 104, 'Remarks...', 1, '2011-09-16 16:16:12'),
	(66, 98, 105, 'Remarks...', 1, '2011-09-16 16:16:12'),
	(67, 98, 105, 'Remarks...', 1, '2011-09-16 16:16:29'),
	(68, 98, 106, 'Remarks...', 1, '2011-09-16 16:16:29'),
	(69, 98, 107, 'Remarks...', 1, '2011-09-16 16:16:29'),
	(70, 98, 102, 'Remarks...', 1, '2011-09-16 16:16:52'),
	(71, 98, 103, 'Remarks...', 1, '2011-09-16 16:16:52'),
	(72, 98, 105, 'Remarks...', 1, '2011-09-16 16:17:31'),
	(73, 98, 105, 'Remarks...', 1, '2011-09-16 16:17:54'),
	(74, 98, 106, 'Remarks...', 1, '2011-09-16 16:17:54'),
	(75, 92, 106, 'Remarks...', 1, '2011-09-16 16:20:40'),
	(76, 92, 102, 'Remarks...', 1, '2011-09-16 16:22:21'),
	(77, 92, 103, 'Remarks...', 1, '2011-09-16 16:22:21'),
	(78, 99, 107, 'test', 1, '2011-09-17 00:20:44'),
	(79, 99, 108, 'test', 1, '2011-09-17 00:20:44'),
	(80, 99, 102, 'fgjh', 1, '2011-09-18 23:43:55'),
	(81, 99, 103, 'retyerty', 1, '2011-09-18 23:43:56'),
	(82, 98, 104, 'fgj', 1, '2011-09-18 23:51:52'),
	(83, 99, 109, 'Remarks...', 1, '2011-09-19 19:44:25'),
	(84, 99, 110, 'Remarks...', 1, '2011-09-19 19:44:26'),
	(85, 90, 100, 'Remarks...', 1, '2011-09-22 01:21:13'),
	(86, 90, 101, 'Remarks...', 1, '2011-09-22 01:21:13'),
	(87, 90, 102, 'Remarks...', 1, '2011-09-22 01:21:13'),
	(88, 90, 103, 'Remarks...', 1, '2011-09-22 01:25:28');
/*!40000 ALTER TABLE `order_station` ENABLE KEYS */;


# Dumping structure for table mml.patients
DROP TABLE IF EXISTS `patients`;
CREATE TABLE IF NOT EXISTS `patients` (
  `id` bigint(11) NOT NULL AUTO_INCREMENT,
  `name` varchar(45) DEFAULT NULL,
  `hn` varchar(20) NOT NULL DEFAULT '0',
  `customer_id` bigint(11) NOT NULL,
  PRIMARY KEY (`id`)
) ENGINE=MyISAM AUTO_INCREMENT=43 DEFAULT CHARSET=utf8;

# Dumping data for table mml.patients: 42 rows
/*!40000 ALTER TABLE `patients` DISABLE KEYS */;
INSERT INTO `patients` (`id`, `name`, `hn`, `customer_id`) VALUES
	(1, 'นางสุภมาส โรทินีลักษ์กุล', '7935161', 18),
	(2, 'นายสมศักดิ์ ร่วมคิด', '4588933', 17),
	(3, 'นางวิภา เหลืองนฤมิตชัย', '9139183', 126),
	(4, 'นายสินธุ์ ตัณฑเสถียร', '1929117', 126),
	(5, 'นายสุนทร นามสระ', '2228038', 126),
	(6, 'นางสาวอำพร พวงศรี', '5352839', 126),
	(7, 'นายสยาม สุขสถาวรพันธ์', '0080080', 100),
	(8, 'นายชำนาญ อิงศรีสว่าง', '4341886', 126),
	(9, 'นายวีระพันธุ์ หิรัญวิวัฒน์กุล', '1469189', 126),
	(10, 'นายธนวรรธ โพธิรัตนังกูร', '4320290', 126),
	(11, 'นายบุ้นเขี้ยง สุขสถาวรพันธุ์', '7193882', 126),
	(12, 'นางสาววลัย ศรีมณีรุ่งโรจน์', '3008540', 126),
	(13, 'คุณพูลชัย ชเนศร์ ', '4054035371', 126),
	(14, 'คุณเฉลิมกุล อภิกุลโอภาส ', '8716141803', 126),
	(15, 'คุณแม็ค แบนเนอร์ ', '1418603212', 126),
	(16, 'คุณไกรวิน ศรีไกรวิน ', '0944590960', 126),
	(17, 'คุณธนา ถิรมนัส ', '0467145471', 126),
	(18, 'คุณสมชัย ชื่นจิตร ', '9501954782', 126),
	(19, 'คุณนิตยา ปรีชายุทธ ', '6108337804', 126),
	(20, 'คุณกมลวรรณ ลักษณะกาญจน์ ', '2035824984', 126),
	(21, 'คุณพูนศักดิ์ จรูญศิริ ', '1854111814', 126),
	(22, 'คุณวิโรจน์ อภิสิทธิ์วิทยา ', '3163084427', 126),
	(23, 'คุณธนวัฒน์ ทวีชัยถาวร ', '0253087003', 126),
	(24, 'คุณไชยวัฒน์ วีระสมบัติ ', '1776182038', 126),
	(25, 'คุณอุไรวรรณ เทพนมรัตน์ ', '8121649490', 126),
	(26, 'คุณจิรวัฒน์ สุจิรานุธรรม ', '5279701645', 126),
	(27, 'คุณอนัญพร พูลนิติพร ', '2033560063', 126),
	(28, 'คุณสมคิด ปิยะธรรมวุฒิกุล ', '4328695688', 126),
	(29, 'คุณวิเชียร ชมดง ', '5542798559', 126),
	(30, 'คุณบุญเลิศ คำนึงสิทธิ ', '4727906039', 126),
	(31, 'คุณวรัญญา เลี้ยงลักษณ์เลิศ ', '7011134826', 126),
	(32, 'คุณกริชพงศ์ เค้าอุทัย ', '0871956321', 82),
	(33, 'คุณปิยพล ศรียะพันธุ์ ', '3326377434', 126),
	(0, 'ANY', '0', 0),
	(35, 'นายชยพันธุ์', '12', 14),
	(36, 'นายทดสอบ', '12', 15),
	(37, 'เ่าเ้่าเ้่า', '12', 16),
	(38, 'นายชำนาญ อิงศรีสว่าง', '12', 15),
	(39, 'นางสาวอำพร พวงศรี', '', 15),
	(40, 'นายสุนทร นามสระ', '', 13),
	(41, 'นายชำนาญ อิงศรีสว่าง', '', 13),
	(42, 'นางสาวอำพร พวงศรี', '', 15);
/*!40000 ALTER TABLE `patients` ENABLE KEYS */;


# Dumping structure for table mml.payment_terms
DROP TABLE IF EXISTS `payment_terms`;
CREATE TABLE IF NOT EXISTS `payment_terms` (
  `id` bigint(11) NOT NULL AUTO_INCREMENT,
  `display` varchar(50) DEFAULT NULL,
  `days` int(10) DEFAULT NULL,
  PRIMARY KEY (`id`)
) ENGINE=InnoDB DEFAULT CHARSET=utf8;

# Dumping data for table mml.payment_terms: ~0 rows (approximately)
/*!40000 ALTER TABLE `payment_terms` DISABLE KEYS */;
/*!40000 ALTER TABLE `payment_terms` ENABLE KEYS */;


# Dumping structure for table mml.products
DROP TABLE IF EXISTS `products`;
CREATE TABLE IF NOT EXISTS `products` (
  `id` bigint(11) NOT NULL AUTO_INCREMENT,
  `code` varchar(10) NOT NULL DEFAULT '0',
  `display_name` varchar(500) DEFAULT NULL,
  `category_id` bigint(11) NOT NULL,
  `unit_id` bigint(11) NOT NULL,
  `percent_active` decimal(20,8) NOT NULL DEFAULT '0.00000000',
  `default_consume_time` varchar(100) DEFAULT NULL,
  `note` text,
  `recommended_dosage` varchar(200) DEFAULT NULL,
  `price_base` double DEFAULT NULL,
  `price_formula` varchar(1000) DEFAULT NULL,
  `price_var` double DEFAULT NULL,
  `volume_base` double DEFAULT NULL,
  `volume_formula` varchar(1000) DEFAULT NULL,
  `volume_var` double DEFAULT NULL,
  `inactive` tinyint(1) NOT NULL DEFAULT '0',
  `stock_balance` decimal(20,8) DEFAULT NULL,
  PRIMARY KEY (`id`),
  KEY `FK_products_categories` (`category_id`),
  KEY `FK_products_product_unit` (`unit_id`)
) ENGINE=MyISAM AUTO_INCREMENT=229 DEFAULT CHARSET=utf8;

# Dumping data for table mml.products: 228 rows
/*!40000 ALTER TABLE `products` DISABLE KEYS */;
INSERT INTO `products` (`id`, `code`, `display_name`, `category_id`, `unit_id`, `percent_active`, `default_consume_time`, `note`, `recommended_dosage`, `price_base`, `price_formula`, `price_var`, `volume_base`, `volume_formula`, `volume_var`, `inactive`, `stock_balance`) VALUES
	(1, 'P001', 'Vitamin A; IU', 3, 1, 0.00000000, '["lunch","evening"]', '', '2000', 0.1, '$PRICE * $QUANTITY;', NULL, 1, '$VOLUME * $QUANTITY;', NULL, 1, 1200.00000000),
	(2, 'P001', 'Thiamin Hydrochloride (B1); mg', 3, 1, 0.00000000, '["morning_and_evening"]', NULL, '10', 1, '$PRICE * $QUANTITY;', NULL, 1, '$VOLUME * $QUANTITY;', NULL, 0, 5000.00000000),
	(3, 'P001', 'Riboflavin-5-Phosphate (B2); mg', 3, 1, 0.00000000, '["morning_and_evening"]', NULL, '5', 1, '$PRICE * $QUANTITY;', NULL, 1, '$VOLUME * $QUANTITY;', NULL, 0, 50.00000000),
	(4, 'P001', 'Niacinamide (B3) ; mg', 3, 1, 0.00000000, '["morning_and_evening"]', NULL, '10', 1, '$PRICE * $QUANTITY;', NULL, 1, '$VOLUME * $QUANTITY;', NULL, 0, NULL),
	(5, 'P001', 'Calcium-D-Pantothenate (B5) ; mg', 3, 1, 0.00000000, '["lunch","evening"]', '', '10', 1, '$PRICE * $QUANTITY;', NULL, 1, '$VOLUME * $QUANTITY;', NULL, 0, 55000.00000000),
	(6, 'P001', 'Pyridoxine Hydrochloride (B6) ; mg', 3, 1, 0.00000000, '["morning_and_evening"]', NULL, '10', 1, '$PRICE * $QUANTITY;', NULL, 1, '$VOLUME * $QUANTITY;', NULL, 0, NULL),
	(7, 'P001', 'Biotin (Vit H) ; mcg', 3, 1, 0.00000000, '["morning_and_evening"]', NULL, '300', 1, '$PRICE * $QUANTITY;', NULL, 1, '$VOLUME * $QUANTITY;', NULL, 0, NULL),
	(8, 'P001', 'Folic Acid (B9) ; mcg', 3, 1, 0.00000000, '["morning_and_evening"]', NULL, '400', 1, '$PRICE * $QUANTITY;', NULL, 1, '$VOLUME * $QUANTITY;', NULL, 0, NULL),
	(9, 'P001', 'Cyanocobalamin (B12) ; mcg', 3, 1, 0.00000000, '["morning_and_evening"]', NULL, '10', 1, '$PRICE * $QUANTITY;', NULL, 1, '$VOLUME * $QUANTITY;', NULL, 0, NULL),
	(10, 'P001', 'Inositol ; mg', 3, 1, 0.00000000, '["morning_and_evening"]', NULL, '250-500', 1, '$PRICE * $QUANTITY;', NULL, 1, '$VOLUME * $QUANTITY;', NULL, 0, NULL),
	(11, 'P001', 'Vitamin C ; mg', 3, 1, 0.00000000, '["morning_and_evening"]', NULL, '1000', 1, '$PRICE * $QUANTITY;', NULL, 1, '$VOLUME * $QUANTITY;', NULL, 0, NULL),
	(12, 'P001', 'Vitamin D3 ; IU', 3, 1, 0.00000000, '["morning_and_evening"]', NULL, '400', 1, '$PRICE * $QUANTITY;', NULL, 1, '$VOLUME * $QUANTITY;', NULL, 0, NULL),
	(13, 'P001', 'Vitamin E (Alpha Tocopheryl); IU', 3, 1, 0.00000000, '["morning_and_evening"]', NULL, '400', 1, '$PRICE * $QUANTITY;', NULL, 1, '$VOLUME * $QUANTITY;', NULL, 0, NULL),
	(14, 'P001', 'D-Gamma Tocopherol ; IU', 3, 1, 0.00000000, '["morning_and_evening"]', NULL, '100', 1, '$PRICE * $QUANTITY;', NULL, 1, '$VOLUME * $QUANTITY;', NULL, 0, NULL),
	(15, 'P001', 'Tocotrienol ; mg', 3, 1, 0.00000000, '["morning_and_evening"]', NULL, '100', 1, '$PRICE * $QUANTITY;', NULL, 1, '$VOLUME * $QUANTITY;', NULL, 0, NULL),
	(16, 'P001', 'Boron, Chelate ; mg', 4, 1, 0.00000000, '["morning_and_evening"]', NULL, '1', 1, '$PRICE * $QUANTITY;', NULL, 1, '$VOLUME * $QUANTITY;', NULL, 0, NULL),
	(17, 'P001', 'Calcium, Chalate ; mg', 4, 1, 0.00000000, '["morning_and_evening"]', NULL, '1000', 1, '$PRICE * $QUANTITY;', NULL, 1, '$VOLUME * $QUANTITY;', NULL, 0, NULL),
	(18, 'P001', 'Chromium, Chelate ; mcg', 4, 1, 0.00000000, '["morning_and_evening"]', NULL, '200', 1, '$PRICE * $QUANTITY;', NULL, 1, '$VOLUME * $QUANTITY;', NULL, 0, NULL),
	(19, 'P001', 'Copper ; mg', 4, 1, 0.00000000, '["morning_and_evening"]', NULL, '2', 1, '$PRICE * $QUANTITY;', NULL, 1, '$VOLUME * $QUANTITY;', NULL, 0, NULL),
	(20, 'P001', 'Iodine ; mcg', 4, 1, 0.00000000, '["morning_and_evening"]', NULL, '150', 1, '$PRICE * $QUANTITY;', NULL, 1, '$VOLUME * $QUANTITY;', NULL, 0, NULL),
	(21, 'P001', 'Iron, Chelate ; mg', 4, 1, 0.00000000, '["morning_and_evening"]', NULL, 'M : 0 F : 10', 1, '$PRICE * $QUANTITY;', NULL, 1, '$VOLUME * $QUANTITY;', NULL, 0, NULL),
	(22, 'P001', 'Magnesium, Chelate ; mg', 4, 1, 0.00000000, '["morning_and_evening"]', NULL, '250', 1, '$PRICE * $QUANTITY;', NULL, 1, '$VOLUME * $QUANTITY;', NULL, 0, NULL),
	(23, 'P001', 'Manganese, Chelate ; mg', 4, 1, 0.00000000, '["morning_and_evening"]', NULL, '4', 1, '$PRICE * $QUANTITY;', NULL, 1, '$VOLUME * $QUANTITY;', NULL, 0, NULL),
	(24, 'P001', 'Molybdenum, Chelate ; mcg', 4, 1, 0.00000000, '["morning_and_evening"]', NULL, '100', 1, '$PRICE * $QUANTITY;', NULL, 1, '$VOLUME * $QUANTITY;', NULL, 0, NULL),
	(25, 'P001', 'Phosphorus ; mg', 4, 1, 0.00000000, '["morning_and_evening"]', NULL, '100', 1, '$PRICE * $QUANTITY;', NULL, 1, '$VOLUME * $QUANTITY;', NULL, 0, NULL),
	(26, 'P001', 'Potassium ; mg', 4, 1, 0.00000000, '["morning_and_evening"]', NULL, '600', 1, '$PRICE * $QUANTITY;', NULL, 1, '$VOLUME * $QUANTITY;', NULL, 0, NULL),
	(27, 'P001', 'Selenium, Chelate ; mcg', 4, 1, 0.00000000, '["morning_and_evening"]', NULL, '200', 1, '$PRICE * $QUANTITY;', NULL, 1, '$VOLUME * $QUANTITY;', NULL, 0, NULL),
	(28, 'P001', 'Vanadium, Chelate ; mcg', 4, 1, 0.00000000, '["morning_and_evening"]', NULL, '20', 1, '$PRICE * $QUANTITY;', NULL, 1, '$VOLUME * $QUANTITY;', NULL, 0, NULL),
	(29, 'P001', 'Zinc, Chelate ; mg', 4, 1, 0.00000000, '["morning_and_evening"]', NULL, '20', 1, '$PRICE * $QUANTITY;', NULL, 1, '$VOLUME * $QUANTITY;', NULL, 0, NULL),
	(30, 'P001', 'Alpha Lipoic Acid ; mg', 5, 1, 0.00000000, '["morning_and_evening"]', NULL, '100', 1, '$PRICE * $QUANTITY;', NULL, 1, '$VOLUME * $QUANTITY;', NULL, 0, NULL),
	(31, 'P001', 'Coenzyme Q10 ; mg', 5, 1, 0.00000000, '["morning_and_evening"]', NULL, '30', 1, '$PRICE * $QUANTITY;', NULL, 1, '$VOLUME * $QUANTITY;', NULL, 0, NULL),
	(32, 'P001', 'L-Glutathione ; mg', 5, 1, 0.00000000, '["morning_and_evening"]', NULL, '50', 1, '$PRICE * $QUANTITY;', NULL, 1, '$VOLUME * $QUANTITY;', NULL, 0, NULL),
	(33, 'P001', 'Lycopene, Tomato Extract ; mg', 5, 1, 0.00000000, '["morning_and_evening"]', NULL, '20', 1, '$PRICE * $QUANTITY;', NULL, 1, '$VOLUME * $QUANTITY;', NULL, 0, NULL),
	(34, 'P001', 'Astaxanthin ; mg', 5, 1, 0.00000000, '["morning_and_evening"]', NULL, '30', 1, '$PRICE * $QUANTITY;', NULL, 1, '$VOLUME * $QUANTITY;', NULL, 0, NULL),
	(35, 'P001', 'L-Carnitine ; mg', 6, 1, 0.00000000, '["morning_and_evening"]', NULL, '100', 1, '$PRICE * $QUANTITY;', NULL, 1, '$VOLUME * $QUANTITY;', NULL, 0, NULL),
	(36, 'P001', 'L-Phenylalanine ; mg', 6, 1, 0.00000000, '["morning_and_evening"]', NULL, '100', 1, '$PRICE * $QUANTITY;', NULL, 1, '$VOLUME * $QUANTITY;', NULL, 0, NULL),
	(37, 'P001', 'N-Acetyl-L-Cysteine ; mg', 6, 1, 0.00000000, '["morning_and_evening"]', NULL, '100', 1, '$PRICE * $QUANTITY;', NULL, 1, '$VOLUME * $QUANTITY;', NULL, 0, NULL),
	(38, 'P001', 'L-Cystine ; mg', 6, 1, 0.00000000, '["morning_and_evening"]', NULL, '100', 1, '$PRICE * $QUANTITY;', NULL, 1, '$VOLUME * $QUANTITY;', NULL, 0, NULL),
	(39, 'P001', 'L-Lysine Monohydrochloride ; mg', 6, 1, 0.00000000, '["morning_and_evening"]', NULL, '100', 1, '$PRICE * $QUANTITY;', NULL, 1, '$VOLUME * $QUANTITY;', NULL, 0, NULL),
	(40, 'P001', 'L-Methionine ; mg', 6, 1, 0.00000000, '["morning_and_evening"]', NULL, '100', 1, '$PRICE * $QUANTITY;', NULL, 1, '$VOLUME * $QUANTITY;', NULL, 0, NULL),
	(41, 'P001', 'L-Tyrosine ; mg', 6, 1, 0.00000000, '["morning_and_evening"]', NULL, '100', 1, '$PRICE * $QUANTITY;', NULL, 1, '$VOLUME * $QUANTITY;', NULL, 0, NULL),
	(42, 'P001', 'L-Arginine ; mg', 6, 1, 0.00000000, '["morning_and_evening"]', NULL, '100', 1, '$PRICE * $QUANTITY;', NULL, 1, '$VOLUME * $QUANTITY;', NULL, 0, NULL),
	(43, 'P001', 'L-Glutamine ; mg', 6, 1, 0.00000000, '["morning_and_evening"]', NULL, '100', 1, '$PRICE * $QUANTITY;', NULL, 1, '$VOLUME * $QUANTITY;', NULL, 0, NULL),
	(44, 'P001', 'L-Tryptophan ; mg', 6, 1, 0.00000000, '["morning_and_evening"]', NULL, '100', 1, '$PRICE * $QUANTITY;', NULL, 1, '$VOLUME * $QUANTITY;', NULL, 0, NULL),
	(45, 'P001', 'L-Ornithine ; mg', 6, 1, 0.00000000, '["morning_and_evening"]', NULL, '100', 1, '$PRICE * $QUANTITY;', NULL, 1, '$VOLUME * $QUANTITY;', NULL, 0, NULL),
	(46, 'P001', 'L-Carnosine ; mg', 6, 1, 0.00000000, '["morning_and_evening"]', NULL, '100', 1, '$PRICE * $QUANTITY;', NULL, 1, '$VOLUME * $QUANTITY;', NULL, 0, NULL),
	(47, 'P001', 'L-Glutamic Acid ; mg', 6, 1, 0.00000000, '["morning_and_evening"]', NULL, '100', 1, '$PRICE * $QUANTITY;', NULL, 1, '$VOLUME * $QUANTITY;', NULL, 0, NULL),
	(48, 'P001', 'Glycine ; mg', 6, 1, 0.00000000, '["morning_and_evening"]', NULL, '100', 1, '$PRICE * $QUANTITY;', NULL, 1, '$VOLUME * $QUANTITY;', NULL, 0, NULL),
	(49, 'P001', 'Taurine ; mg', 6, 1, 0.00000000, '["morning_and_evening"]', NULL, '100', 1, '$PRICE * $QUANTITY;', NULL, 1, '$VOLUME * $QUANTITY;', NULL, 0, NULL),
	(50, 'P001', 'Citicoline ; mg', 6, 1, 0.00000000, '["morning_and_evening"]', NULL, '100', 1, '$PRICE * $QUANTITY;', NULL, 1, '$VOLUME * $QUANTITY;', NULL, 0, NULL),
	(51, 'P001', 'Black Ginger Extract ; mg', 7, 1, 0.00000000, '["morning_and_evening"]', NULL, '500-3000', 1, '$PRICE * $QUANTITY;', NULL, 1, '$VOLUME * $QUANTITY;', NULL, 0, NULL),
	(52, 'P001', 'Capsicum Extract ; mg', 7, 1, 0.00000000, '["morning_and_evening"]', NULL, '250-1,500', 1, '$PRICE * $QUANTITY;', NULL, 1, '$VOLUME * $QUANTITY;', NULL, 0, NULL),
	(53, 'P001', 'Citrin, Garcinia Cambogia ; mg', 7, 1, 0.00000000, '["morning_and_evening"]', NULL, '250-2,000', 1, '$PRICE * $QUANTITY;', NULL, 1, '$VOLUME * $QUANTITY;', NULL, 0, NULL),
	(54, 'P001', 'Conjugated Linoleic Acids ; mg', 7, 1, 0.00000000, '["morning_and_evening"]', NULL, '400-800', 1, '$PRICE * $QUANTITY;', NULL, 1, '$VOLUME * $QUANTITY;', NULL, 0, NULL),
	(55, 'P001', 'Fabenol, White Kidney Bean ; mg', 7, 1, 0.00000000, '["morning_and_evening"]', NULL, '100-3,000', 1, '$PRICE * $QUANTITY;', NULL, 1, '$VOLUME * $QUANTITY;', NULL, 0, NULL),
	(56, 'P001', 'Forslean, Coleus Forskohlii ; mg', 7, 1, 0.00000000, '["morning_and_evening"]', NULL, '50-500', 1, '$PRICE * $QUANTITY;', NULL, 1, '$VOLUME * $QUANTITY;', NULL, 0, NULL),
	(57, 'P001', 'Garcinia Extract ; mg', 7, 1, 0.00000000, '["morning_and_evening"]', NULL, '500-2,800', 1, '$PRICE * $QUANTITY;', NULL, 1, '$VOLUME * $QUANTITY;', NULL, 0, NULL),
	(58, 'P001', 'Gaurana ; mg', 7, 1, 0.00000000, '["morning_and_evening"]', NULL, '150-1,000', 1, '$PRICE * $QUANTITY;', NULL, 1, '$VOLUME * $QUANTITY;', NULL, 0, NULL),
	(59, 'P001', 'Konjac ; mg', 7, 1, 0.00000000, '["morning_and_evening"]', NULL, '500-3,000', 1, '$PRICE * $QUANTITY;', NULL, 1, '$VOLUME * $QUANTITY;', NULL, 0, NULL),
	(60, 'P001', 'Green Tea Extract Decaff ; mg', 7, 1, 0.00000000, '["morning_and_evening"]', NULL, '100-1,500', 1, '$PRICE * $QUANTITY;', NULL, 1, '$VOLUME * $QUANTITY;', NULL, 0, NULL),
	(61, 'P001', 'Senna Extract ; mg', 7, 1, 0.00000000, '["morning_and_evening"]', NULL, '20-30', 1, '$PRICE * $QUANTITY;', NULL, 1, '$VOLUME * $QUANTITY;', NULL, 0, NULL),
	(62, 'P001', 'Spirulina ; mg', 7, 1, 0.00000000, '["morning_and_evening"]', NULL, '100-2,000', 1, '$PRICE * $QUANTITY;', NULL, 1, '$VOLUME * $QUANTITY;', NULL, 0, NULL),
	(63, 'P001', 'Fiber Psyllium Husk ; mg', 7, 1, 0.00000000, '["morning_and_evening"]', NULL, '1000', 1, '$PRICE * $QUANTITY;', NULL, 1, '$VOLUME * $QUANTITY;', NULL, 0, NULL),
	(64, 'P001', 'Digestzyme ; mg', 8, 1, 0.00000000, '["morning_and_evening"]', NULL, '250-500', 1, '$PRICE * $QUANTITY;', NULL, 1, '$VOLUME * $QUANTITY;', NULL, 0, NULL),
	(65, 'P001', 'Fiber FOS ; mg', 8, 1, 0.00000000, '["morning_and_evening"]', NULL, '3000', 1, '$PRICE * $QUANTITY;', NULL, 1, '$VOLUME * $QUANTITY;', NULL, 0, NULL),
	(66, 'P001', 'Lactobacillus Acidophilus ; mg', 8, 1, 0.00000000, '["morning_and_evening"]', NULL, '150', 1, '$PRICE * $QUANTITY;', NULL, 1, '$VOLUME * $QUANTITY;', NULL, 0, NULL),
	(67, 'P001', 'Ashibata, Japanese Angelica ; mg', 9, 1, 0.00000000, '["morning_and_evening"]', NULL, '100-3,000', 1, '$PRICE * $QUANTITY;', NULL, 1, '$VOLUME * $QUANTITY;', NULL, 0, NULL),
	(68, 'P001', 'Echinacea Extract l mg', 9, 1, 0.00000000, '["morning_and_evening"]', NULL, '100-1,000', 1, '$PRICE * $QUANTITY;', NULL, 1, '$VOLUME * $QUANTITY;', NULL, 0, NULL),
	(69, 'P001', 'Reishi ; mg', 9, 1, 0.00000000, '["morning_and_evening"]', NULL, '100-3,000', 1, '$PRICE * $QUANTITY;', NULL, 1, '$VOLUME * $QUANTITY;', NULL, 0, NULL),
	(70, 'P001', 'Ashwagandha Extract ; mg', 10, 1, 0.00000000, '["morning_and_evening"]', NULL, '450', 1, '$PRICE * $QUANTITY;', NULL, 1, '$VOLUME * $QUANTITY;', NULL, 0, NULL),
	(71, 'P001', 'Bacopin, Bacopa Monniera ; mg', 10, 1, 0.00000000, '["morning_and_evening"]', NULL, '50-300', 1, '$PRICE * $QUANTITY;', NULL, 1, '$VOLUME * $QUANTITY;', NULL, 0, NULL),
	(72, 'P001', 'Beta Glucan ; mg', 10, 1, 0.00000000, '["morning_and_evening"]', NULL, '40-500', 1, '$PRICE * $QUANTITY;', NULL, 1, '$VOLUME * $QUANTITY;', NULL, 0, NULL),
	(73, 'P001', 'Butea, Red Kwao Krua ; mg', 10, 1, 0.00000000, '["morning_and_evening"]', NULL, '300-1,000', 1, '$PRICE * $QUANTITY;', NULL, 1, '$VOLUME * $QUANTITY;', NULL, 0, NULL),
	(74, 'P001', 'Bilberry ; mg', 10, 1, 0.00000000, '["morning_and_evening"]', NULL, '80-200', 1, '$PRICE * $QUANTITY;', NULL, 1, '$VOLUME * $QUANTITY;', NULL, 0, NULL),
	(75, 'P001', 'BioPerine, Black Pepper ; mg', 10, 1, 0.00000000, '["morning_and_evening"]', NULL, '5-100', 1, '$PRICE * $QUANTITY;', NULL, 1, '$VOLUME * $QUANTITY;', NULL, 0, NULL),
	(76, 'P001', 'Black Cohosh ; mg', 10, 1, 0.00000000, '["morning_and_evening"]', NULL, '80', 1, '$PRICE * $QUANTITY;', NULL, 1, '$VOLUME * $QUANTITY;', NULL, 0, NULL),
	(77, 'P001', 'Centellin, Gotu Kola ; mg', 10, 1, 0.00000000, '["morning_and_evening"]', NULL, '60-350', 1, '$PRICE * $QUANTITY;', NULL, 1, '$VOLUME * $QUANTITY;', NULL, 0, NULL),
	(78, 'P001', 'Citrus Bioflavonoids ; mg', 10, 1, 0.00000000, '["morning_and_evening"]', NULL, '300-1,000', 1, '$PRICE * $QUANTITY;', NULL, 1, '$VOLUME * $QUANTITY;', NULL, 0, NULL),
	(79, 'P001', 'Curbilene, Pumpkin Seed ; mg', 10, 1, 0.00000000, '["morning_and_evening"]', NULL, '100', 1, '$PRICE * $QUANTITY;', NULL, 1, '$VOLUME * $QUANTITY;', NULL, 0, NULL),
	(80, 'P001', 'Curcumin C3 ; mg', 10, 1, 0.00000000, '["morning_and_evening"]', NULL, '100-3,000', 1, '$PRICE * $QUANTITY;', NULL, 1, '$VOLUME * $QUANTITY;', NULL, 0, NULL),
	(81, 'P001', 'Emblic Extract ; mg', 10, 1, 0.00000000, '["morning_and_evening"]', NULL, '100-1,000', 1, '$PRICE * $QUANTITY;', NULL, 1, '$VOLUME * $QUANTITY;', NULL, 0, NULL),
	(82, 'P001', 'Garlic ; mg', 10, 1, 0.00000000, '["morning_and_evening"]', NULL, '600', 1, '$PRICE * $QUANTITY;', NULL, 1, '$VOLUME * $QUANTITY;', NULL, 0, NULL),
	(83, 'P001', 'Ginkgo Biloba Phytosome ; mg', 10, 1, 0.00000000, '["morning_and_evening"]', NULL, '100-1,000', 1, '$PRICE * $QUANTITY;', NULL, 1, '$VOLUME * $QUANTITY;', NULL, 0, NULL),
	(84, 'P001', 'Gingko Serine ; mg', 10, 1, 0.00000000, '["morning_and_evening"]', NULL, '40', 1, '$PRICE * $QUANTITY;', NULL, 1, '$VOLUME * $QUANTITY;', NULL, 0, NULL),
	(85, 'P001', 'Ginseng ; mg', 10, 1, 0.00000000, '["morning_and_evening"]', NULL, '200', 1, '$PRICE * $QUANTITY;', NULL, 1, '$VOLUME * $QUANTITY;', NULL, 0, NULL),
	(86, 'P001', 'Glucosamine Hydrochoride ; mg', 10, 1, 0.00000000, '["morning_and_evening"]', NULL, '1000', 1, '$PRICE * $QUANTITY;', NULL, 1, '$VOLUME * $QUANTITY;', NULL, 0, NULL),
	(87, 'P001', 'Chondroltin SCP ; mg', 10, 1, 0.00000000, '["morning_and_evening"]', NULL, '800', 1, '$PRICE * $QUANTITY;', NULL, 1, '$VOLUME * $QUANTITY;', NULL, 0, NULL),
	(88, 'P001', 'Gamma Cryzanol, Rice Extract ; mg', 10, 1, 0.00000000, '["morning_and_evening"]', NULL, '600', 1, '$PRICE * $QUANTITY;', NULL, 1, '$VOLUME * $QUANTITY;', NULL, 0, NULL),
	(89, 'P001', 'Grape Seed Extract ; mg', 10, 1, 0.00000000, '["morning_and_evening"]', NULL, '300', 1, '$PRICE * $QUANTITY;', NULL, 1, '$VOLUME * $QUANTITY;', NULL, 0, NULL),
	(90, 'P001', 'Hawthron Extract ; mg', 10, 1, 0.00000000, '["morning_and_evening"]', NULL, '100-1,200', 1, '$PRICE * $QUANTITY;', NULL, 1, '$VOLUME * $QUANTITY;', NULL, 0, NULL),
	(91, 'P001', 'Horsetail ; mg', 10, 1, 0.00000000, '["morning_and_evening"]', NULL, '300-6,000', 1, '$PRICE * $QUANTITY;', NULL, 1, '$VOLUME * $QUANTITY;', NULL, 0, NULL),
	(92, 'P001', 'Indole 3 Carbinot ; mg', 10, 1, 0.00000000, '["morning_and_evening"]', NULL, '300', 1, '$PRICE * $QUANTITY;', NULL, 1, '$VOLUME * $QUANTITY;', NULL, 0, NULL),
	(93, 'P001', 'Lecithin ; mg', 10, 1, 0.00000000, '["morning_and_evening"]', NULL, '500-4,000', 1, '$PRICE * $QUANTITY;', NULL, 1, '$VOLUME * $QUANTITY;', NULL, 0, NULL),
	(94, 'P001', 'Licorice ; mg', 10, 1, 0.00000000, '["morning_and_evening"]', NULL, '500-4,000', 1, '$PRICE * $QUANTITY;', NULL, 1, '$VOLUME * $QUANTITY;', NULL, 0, NULL),
	(95, 'P001', 'Madeglucyf ; mg', 10, 1, 0.00000000, '["morning_and_evening"]', NULL, '1000', 1, '$PRICE * $QUANTITY;', NULL, 1, '$VOLUME * $QUANTITY;', NULL, 0, NULL),
	(96, 'P001', 'Milk Thistle Silymarin ; mg', 10, 1, 0.00000000, '["morning_and_evening"]', NULL, '160-800', 1, '$PRICE * $QUANTITY;', NULL, 1, '$VOLUME * $QUANTITY;', NULL, 0, NULL),
	(97, 'P001', 'Cleaselect, Olive Pulp Extract ; mg', 10, 1, 0.00000000, '["morning_and_evening"]', NULL, '25-100', 1, '$PRICE * $QUANTITY;', NULL, 1, '$VOLUME * $QUANTITY;', NULL, 0, NULL),
	(98, 'P001', 'Phytosterol ; mg', 10, 1, 0.00000000, '["morning_and_evening"]', NULL, '800', 1, '$PRICE * $QUANTITY;', NULL, 1, '$VOLUME * $QUANTITY;', NULL, 0, NULL),
	(99, 'P001', 'Policosanot, Saccharum Officinarum ; mg', 10, 1, 0.00000000, '["morning_and_evening"]', NULL, '18384', 1, '$PRICE * $QUANTITY;', NULL, 1, '$VOLUME * $QUANTITY;', NULL, 0, NULL),
	(100, 'P001', 'Pycnogynol, Pine Extract ; mg', 10, 1, 0.00000000, '["morning_and_evening"]', NULL, '50-360', 1, '$PRICE * $QUANTITY;', NULL, 1, '$VOLUME * $QUANTITY;', NULL, 0, NULL),
	(101, 'P001', 'Rosemary ; mg', 10, 1, 0.00000000, '["morning_and_evening"]', NULL, '5-3,000', 1, '$PRICE * $QUANTITY;', NULL, 1, '$VOLUME * $QUANTITY;', NULL, 0, NULL),
	(102, 'P001', 'Safflower Extract ; mg', 10, 1, 0.00000000, '["morning_and_evening"]', NULL, '100-1,000', 1, '$PRICE * $QUANTITY;', NULL, 1, '$VOLUME * $QUANTITY;', NULL, 0, NULL),
	(103, 'P001', 'Saw Palmetto Serenoa ; mg', 10, 1, 0.00000000, '["morning_and_evening"]', NULL, '320', 1, '$PRICE * $QUANTITY;', NULL, 1, '$VOLUME * $QUANTITY;', NULL, 0, NULL),
	(104, 'P001', 'Soy Isoflavone ; mg', 10, 1, 0.00000000, '["morning_and_evening"]', NULL, '100-1,000', 1, '$PRICE * $QUANTITY;', NULL, 1, '$VOLUME * $QUANTITY;', NULL, 0, NULL),
	(105, 'P001', 'Soy Peptide ; mg', 10, 1, 0.00000000, '["morning_and_evening"]', NULL, '200', 1, '$PRICE * $QUANTITY;', NULL, 1, '$VOLUME * $QUANTITY;', NULL, 0, NULL),
	(106, 'P001', 'Silyphos ; mg', 10, 1, 0.00000000, '["morning_and_evening"]', NULL, '180-800', 1, '$PRICE * $QUANTITY;', NULL, 1, '$VOLUME * $QUANTITY;', NULL, 0, NULL),
	(107, 'P001', 'Triphala, Terminalia Extract ; mg', 10, 1, 0.00000000, '["morning_and_evening"]', NULL, '150-500', 1, '$PRICE * $QUANTITY;', NULL, 1, '$VOLUME * $QUANTITY;', NULL, 0, NULL),
	(108, 'P001', 'Valerian Extract ; mg', 10, 1, 0.00000000, '["morning_and_evening"]', NULL, '400-900', 1, '$PRICE * $QUANTITY;', NULL, 1, '$VOLUME * $QUANTITY;', NULL, 0, NULL),
	(109, 'P001', 'Sustained Release Vit C (500mg)', 2, 1, 0.00000000, '["morning_and_evening"]', NULL, '500', 1, '$PRICE * $QUANTITY;', NULL, 1, '$VOLUME * $QUANTITY;', NULL, 0, NULL),
	(110, 'P001', 'Fish Oil (1000 mg EPA180/DHA120)', 2, 1, 0.00000000, '["morning_and_evening"]', NULL, '1000', 1, '$PRICE * $QUANTITY;', NULL, 1, '$VOLUME * $QUANTITY;', NULL, 0, NULL),
	(111, 'P001', 'Flax Seed Oil (1000 mg)', 2, 1, 0.00000000, '["morning_and_evening"]', NULL, '1000', 1, '$PRICE * $QUANTITY;', NULL, 1, '$VOLUME * $QUANTITY;', NULL, 0, NULL),
	(112, 'P001', 'Evening Primrose Oil (500 mg)', 2, 1, 0.00000000, '["morning_and_evening"]', NULL, '500', 1, '$PRICE * $QUANTITY;', NULL, 1, '$VOLUME * $QUANTITY;', NULL, 0, NULL),
	(113, 'P001', 'Vitamin K (100 mcg)', 2, 1, 0.00000000, '["morning_and_evening"]', NULL, '100', 1, '$PRICE * $QUANTITY;', NULL, 1, '$VOLUME * $QUANTITY;', NULL, 0, NULL),
	(114, 'P001', 'Whey Protein Isolate (31g)', 2, 1, 0.00000000, '["morning_and_evening"]', NULL, '31', 1, '$PRICE * $QUANTITY;', NULL, 1, '$VOLUME * $QUANTITY;', NULL, 0, NULL),
	(115, 'P001', 'Vitamin A; IU', 3, 1, 0.00000000, '["morning_and_evening"]', NULL, '2000', 1, '$PRICE * $QUANTITY;', NULL, 1, '$VOLUME * $QUANTITY;', NULL, 0, NULL),
	(116, 'P001', 'Thiamin Hydrochloride (B1); mg', 3, 1, 0.00000000, '["morning_and_evening"]', NULL, '10', 1, '$PRICE * $QUANTITY;', NULL, 1, '$VOLUME * $QUANTITY;', NULL, 0, NULL),
	(117, 'P001', 'Riboflavin-5-Phosphate (B2); mg', 3, 1, 0.00000000, '["morning_and_evening"]', NULL, '5', 1, '$PRICE * $QUANTITY;', NULL, 1, '$VOLUME * $QUANTITY;', NULL, 0, NULL),
	(118, 'P001', 'Niacinamide (B3) ; mg', 3, 1, 0.00000000, '["morning_and_evening"]', NULL, '10', 1, '$PRICE * $QUANTITY;', NULL, 1, '$VOLUME * $QUANTITY;', NULL, 0, NULL),
	(119, 'P001', 'Calcium-D-Pantothenate (B5) ; mg', 3, 1, 0.00000000, '["morning_and_evening"]', NULL, '10', 1, '$PRICE * $QUANTITY;', NULL, 1, '$VOLUME * $QUANTITY;', NULL, 0, NULL),
	(120, 'P001', 'Pyridoxine Hydrochloride (B6) ; mg', 3, 1, 0.00000000, '["morning_and_evening"]', NULL, '10', 1, '$PRICE * $QUANTITY;', NULL, 1, '$VOLUME * $QUANTITY;', NULL, 0, NULL),
	(121, 'P001', 'Biotin (Vit H) ; mcg', 3, 1, 0.00000000, '["morning_and_evening"]', NULL, '300', 1, '$PRICE * $QUANTITY;', NULL, 1, '$VOLUME * $QUANTITY;', NULL, 0, NULL),
	(122, 'P001', 'Folic Acid (B9) ; mcg', 3, 1, 0.00000000, '["morning_and_evening"]', NULL, '400', 1, '$PRICE * $QUANTITY;', NULL, 1, '$VOLUME * $QUANTITY;', NULL, 0, NULL),
	(123, 'P001', 'Cyanocobalamin (B12) ; mcg', 3, 1, 0.00000000, '["morning_and_evening"]', NULL, '10', 1, '$PRICE * $QUANTITY;', NULL, 1, '$VOLUME * $QUANTITY;', NULL, 0, NULL),
	(124, 'P001', 'Inositol ; mg', 3, 1, 0.00000000, '["morning_and_evening"]', NULL, '250-500', 1, '$PRICE * $QUANTITY;', NULL, 1, '$VOLUME * $QUANTITY;', NULL, 0, NULL),
	(125, 'P001', 'Vitamin C ; mg', 3, 1, 0.00000000, '["morning_and_evening"]', NULL, '1000', 1, '$PRICE * $QUANTITY;', NULL, 1, '$VOLUME * $QUANTITY;', NULL, 0, NULL),
	(126, 'P001', 'Vitamin D3 ; IU', 3, 1, 0.00000000, '["morning_and_evening"]', NULL, '400', 1, '$PRICE * $QUANTITY;', NULL, 1, '$VOLUME * $QUANTITY;', NULL, 0, NULL),
	(127, 'P001', 'Vitamin E (Alpha Tocopheryl); IU', 3, 1, 0.00000000, '["morning_and_evening"]', NULL, '400', 1, '$PRICE * $QUANTITY;', NULL, 1, '$VOLUME * $QUANTITY;', NULL, 0, NULL),
	(128, 'P001', 'D-Gamma Tocopherol ; IU', 3, 1, 0.00000000, '["morning_and_evening"]', NULL, '100', 1, '$PRICE * $QUANTITY;', NULL, 1, '$VOLUME * $QUANTITY;', NULL, 0, NULL),
	(129, 'P001', 'Tocotrienol ; mg', 3, 1, 0.00000000, '["morning_and_evening"]', NULL, '100', 1, '$PRICE * $QUANTITY;', NULL, 1, '$VOLUME * $QUANTITY;', NULL, 0, NULL),
	(130, 'P001', 'Boron, Chelate ; mg', 4, 1, 0.00000000, '["morning_and_evening"]', NULL, '1', 1, '$PRICE * $QUANTITY;', NULL, 1, '$VOLUME * $QUANTITY;', NULL, 0, NULL),
	(131, 'P001', 'Calcium, Chalate ; mg', 4, 1, 0.00000000, '["morning_and_evening"]', NULL, '1000', 1, '$PRICE * $QUANTITY;', NULL, 1, '$VOLUME * $QUANTITY;', NULL, 0, NULL),
	(132, 'P001', 'Chromium, Chelate ; mcg', 4, 1, 0.00000000, '["morning_and_evening"]', NULL, '200', 1, '$PRICE * $QUANTITY;', NULL, 1, '$VOLUME * $QUANTITY;', NULL, 0, NULL),
	(133, 'P001', 'Copper ; mg', 4, 1, 0.00000000, '["morning_and_evening"]', NULL, '2', 1, '$PRICE * $QUANTITY;', NULL, 1, '$VOLUME * $QUANTITY;', NULL, 0, NULL),
	(134, 'P001', 'Iodine ; mcg', 4, 1, 0.00000000, '["morning_and_evening"]', NULL, '150', 1, '$PRICE * $QUANTITY;', NULL, 1, '$VOLUME * $QUANTITY;', NULL, 0, NULL),
	(135, 'P001', 'Iron, Chelate ; mg', 4, 1, 0.00000000, '["morning_and_evening"]', NULL, 'M : 0 F : 10', 1, '$PRICE * $QUANTITY;', NULL, 1, '$VOLUME * $QUANTITY;', NULL, 0, NULL),
	(136, 'P001', 'Magnesium, Chelate ; mg', 4, 1, 0.00000000, '["morning_and_evening"]', NULL, '250', 1, '$PRICE * $QUANTITY;', NULL, 1, '$VOLUME * $QUANTITY;', NULL, 0, NULL),
	(137, 'P001', 'Manganese, Chelate ; mg', 4, 1, 0.00000000, '["morning_and_evening"]', NULL, '4', 1, '$PRICE * $QUANTITY;', NULL, 1, '$VOLUME * $QUANTITY;', NULL, 0, NULL),
	(138, 'P001', 'Molybdenum, Chelate ; mcg', 4, 1, 0.00000000, '["morning_and_evening"]', NULL, '100', 1, '$PRICE * $QUANTITY;', NULL, 1, '$VOLUME * $QUANTITY;', NULL, 0, NULL),
	(139, 'P001', 'Phosphorus ; mg', 4, 1, 0.00000000, '["morning_and_evening"]', NULL, '100', 1, '$PRICE * $QUANTITY;', NULL, 1, '$VOLUME * $QUANTITY;', NULL, 0, NULL),
	(140, 'P001', 'Potassium ; mg', 4, 1, 0.00000000, '["morning_and_evening"]', NULL, '600', 1, '$PRICE * $QUANTITY;', NULL, 1, '$VOLUME * $QUANTITY;', NULL, 0, NULL),
	(141, 'P001', 'Selenium, Chelate ; mcg', 4, 1, 0.00000000, '["morning_and_evening"]', NULL, '200', 1, '$PRICE * $QUANTITY;', NULL, 1, '$VOLUME * $QUANTITY;', NULL, 0, NULL),
	(142, 'P001', 'Vanadium, Chelate ; mcg', 4, 1, 0.00000000, '["morning_and_evening"]', NULL, '20', 1, '$PRICE * $QUANTITY;', NULL, 1, '$VOLUME * $QUANTITY;', NULL, 0, NULL),
	(143, 'P001', 'Zinc, Chelate ; mg', 4, 1, 0.00000000, '["morning_and_evening"]', NULL, '20', 1, '$PRICE * $QUANTITY;', NULL, 1, '$VOLUME * $QUANTITY;', NULL, 0, NULL),
	(144, 'P001', 'Alpha Lipoic Acid ; mg', 5, 1, 0.00000000, '["morning_and_evening"]', NULL, '100', 1, '$PRICE * $QUANTITY;', NULL, 1, '$VOLUME * $QUANTITY;', NULL, 0, NULL),
	(145, 'P001', 'Coenzyme Q10 ; mg', 5, 1, 0.00000000, '["morning_and_evening"]', NULL, '30', 1, '$PRICE * $QUANTITY;', NULL, 1, '$VOLUME * $QUANTITY;', NULL, 0, NULL),
	(146, 'P001', 'L-Glutathione ; mg', 5, 1, 0.00000000, '["morning_and_evening"]', NULL, '50', 1, '$PRICE * $QUANTITY;', NULL, 1, '$VOLUME * $QUANTITY;', NULL, 0, NULL),
	(147, 'P001', 'Lycopene, Tomato Extract ; mg', 5, 1, 0.00000000, '["morning_and_evening"]', NULL, '20', 1, '$PRICE * $QUANTITY;', NULL, 1, '$VOLUME * $QUANTITY;', NULL, 0, NULL),
	(148, 'P001', 'Astaxanthin ; mg', 5, 1, 0.00000000, '["morning_and_evening"]', NULL, '30', 1, '$PRICE * $QUANTITY;', NULL, 1, '$VOLUME * $QUANTITY;', NULL, 0, NULL),
	(149, 'P001', 'L-Carnitine ; mg', 6, 1, 0.00000000, '["morning_and_evening"]', NULL, '100', 1, '$PRICE * $QUANTITY;', NULL, 1, '$VOLUME * $QUANTITY;', NULL, 0, NULL),
	(150, 'P001', 'L-Phenylalanine ; mg', 6, 1, 0.00000000, '["morning_and_evening"]', NULL, '100', 1, '$PRICE * $QUANTITY;', NULL, 1, '$VOLUME * $QUANTITY;', NULL, 0, NULL),
	(151, 'P001', 'N-Acetyl-L-Cysteine ; mg', 6, 1, 0.00000000, '["morning_and_evening"]', NULL, '100', 1, '$PRICE * $QUANTITY;', NULL, 1, '$VOLUME * $QUANTITY;', NULL, 0, NULL),
	(152, 'P001', 'L-Cystine ; mg', 6, 1, 0.00000000, '["morning_and_evening"]', NULL, '100', 1, '$PRICE * $QUANTITY;', NULL, 1, '$VOLUME * $QUANTITY;', NULL, 0, NULL),
	(153, 'P001', 'L-Lysine Monohydrochloride ; mg', 6, 1, 0.00000000, '["morning_and_evening"]', NULL, '100', 1, '$PRICE * $QUANTITY;', NULL, 1, '$VOLUME * $QUANTITY;', NULL, 0, NULL),
	(154, 'P001', 'L-Methionine ; mg', 6, 1, 0.00000000, '["morning_and_evening"]', NULL, '100', 1, '$PRICE * $QUANTITY;', NULL, 1, '$VOLUME * $QUANTITY;', NULL, 0, NULL),
	(155, 'P001', 'L-Tyrosine ; mg', 6, 1, 0.00000000, '["morning_and_evening"]', NULL, '100', 1, '$PRICE * $QUANTITY;', NULL, 1, '$VOLUME * $QUANTITY;', NULL, 0, NULL),
	(156, 'P001', 'L-Arginine ; mg', 6, 1, 0.00000000, '["morning_and_evening"]', NULL, '100', 1, '$PRICE * $QUANTITY;', NULL, 1, '$VOLUME * $QUANTITY;', NULL, 0, NULL),
	(157, 'P001', 'L-Glutamine ; mg', 6, 1, 0.00000000, '["morning_and_evening"]', NULL, '100', 1, '$PRICE * $QUANTITY;', NULL, 1, '$VOLUME * $QUANTITY;', NULL, 0, NULL),
	(158, 'P001', 'L-Tryptophan ; mg', 6, 1, 0.00000000, '["morning_and_evening"]', NULL, '100', 1, '$PRICE * $QUANTITY;', NULL, 1, '$VOLUME * $QUANTITY;', NULL, 0, NULL),
	(159, 'P001', 'L-Ornithine ; mg', 6, 1, 0.00000000, '["morning_and_evening"]', NULL, '100', 1, '$PRICE * $QUANTITY;', NULL, 1, '$VOLUME * $QUANTITY;', NULL, 0, NULL),
	(160, 'P001', 'L-Carnosine ; mg', 6, 1, 0.00000000, '["morning_and_evening"]', NULL, '100', 1, '$PRICE * $QUANTITY;', NULL, 1, '$VOLUME * $QUANTITY;', NULL, 0, NULL),
	(161, 'P001', 'L-Glutamic Acid ; mg', 6, 1, 0.00000000, '["morning_and_evening"]', NULL, '100', 1, '$PRICE * $QUANTITY;', NULL, 1, '$VOLUME * $QUANTITY;', NULL, 0, NULL),
	(162, 'P001', 'Glycine ; mg', 6, 1, 0.00000000, '["morning_and_evening"]', NULL, '100', 1, '$PRICE * $QUANTITY;', NULL, 1, '$VOLUME * $QUANTITY;', NULL, 0, NULL),
	(163, 'P001', 'Taurine ; mg', 6, 1, 0.00000000, '["morning_and_evening"]', NULL, '100', 1, '$PRICE * $QUANTITY;', NULL, 1, '$VOLUME * $QUANTITY;', NULL, 0, NULL),
	(164, 'P001', 'Citicoline ; mg', 6, 1, 0.00000000, '["morning_and_evening"]', NULL, '100', 1, '$PRICE * $QUANTITY;', NULL, 1, '$VOLUME * $QUANTITY;', NULL, 0, NULL),
	(165, 'P001', 'Black Ginger Extract ; mg', 7, 1, 0.00000000, '["morning_and_evening"]', NULL, '500-3000', 1, '$PRICE * $QUANTITY;', NULL, 1, '$VOLUME * $QUANTITY;', NULL, 0, NULL),
	(166, 'P001', 'Capsicum Extract ; mg', 7, 1, 0.00000000, '["morning_and_evening"]', NULL, '250-1,500', 1, '$PRICE * $QUANTITY;', NULL, 1, '$VOLUME * $QUANTITY;', NULL, 0, NULL),
	(167, 'P001', 'Citrin, Garcinia Cambogia ; mg', 7, 1, 0.00000000, '["morning_and_evening"]', NULL, '250-2,000', 1, '$PRICE * $QUANTITY;', NULL, 1, '$VOLUME * $QUANTITY;', NULL, 0, NULL),
	(168, 'P001', 'Conjugated Linoleic Acids ; mg', 7, 1, 0.00000000, '["morning_and_evening"]', NULL, '400-800', 1, '$PRICE * $QUANTITY;', NULL, 1, '$VOLUME * $QUANTITY;', NULL, 0, NULL),
	(169, 'P001', 'Fabenol, White Kidney Bean ; mg', 7, 1, 0.00000000, '["morning_and_evening"]', NULL, '100-3,000', 1, '$PRICE * $QUANTITY;', NULL, 1, '$VOLUME * $QUANTITY;', NULL, 0, NULL),
	(170, 'P001', 'Forslean, Coleus Forskohlii ; mg', 7, 1, 0.00000000, '["morning_and_evening"]', NULL, '50-500', 1, '$PRICE * $QUANTITY;', NULL, 1, '$VOLUME * $QUANTITY;', NULL, 0, NULL),
	(171, 'P001', 'Garcinia Extract ; mg', 7, 1, 0.00000000, '["morning_and_evening"]', NULL, '500-2,800', 1, '$PRICE * $QUANTITY;', NULL, 1, '$VOLUME * $QUANTITY;', NULL, 0, NULL),
	(172, 'P001', 'Gaurana ; mg', 7, 1, 0.00000000, '["morning_and_evening"]', NULL, '150-1,000', 1, '$PRICE * $QUANTITY;', NULL, 1, '$VOLUME * $QUANTITY;', NULL, 0, NULL),
	(173, 'P001', 'Konjac ; mg', 7, 1, 0.00000000, '["morning_and_evening"]', NULL, '500-3,000', 1, '$PRICE * $QUANTITY;', NULL, 1, '$VOLUME * $QUANTITY;', NULL, 0, NULL),
	(174, 'P001', 'Green Tea Extract Decaff ; mg', 7, 1, 0.00000000, '["morning_and_evening"]', NULL, '100-1,500', 1, '$PRICE * $QUANTITY;', NULL, 1, '$VOLUME * $QUANTITY;', NULL, 0, NULL),
	(175, 'P001', 'Senna Extract ; mg', 7, 1, 0.00000000, '["morning_and_evening"]', NULL, '20-30', 1, '$PRICE * $QUANTITY;', NULL, 1, '$VOLUME * $QUANTITY;', NULL, 0, NULL),
	(176, 'P001', 'Spirulina ; mg', 7, 1, 0.00000000, '["morning_and_evening"]', NULL, '100-2,000', 1, '$PRICE * $QUANTITY;', NULL, 1, '$VOLUME * $QUANTITY;', NULL, 0, NULL),
	(177, 'P001', 'Fiber Psyllium Husk ; mg', 7, 1, 0.00000000, '["morning_and_evening"]', NULL, '1000', 1, '$PRICE * $QUANTITY;', NULL, 1, '$VOLUME * $QUANTITY;', NULL, 0, NULL),
	(178, 'P001', 'Digestzyme ; mg', 8, 1, 0.00000000, '["morning_and_evening"]', NULL, '250-500', 1, '$PRICE * $QUANTITY;', NULL, 1, '$VOLUME * $QUANTITY;', NULL, 0, NULL),
	(179, 'P001', 'Fiber FOS ; mg', 8, 1, 0.00000000, '["morning_and_evening"]', NULL, '3000', 1, '$PRICE * $QUANTITY;', NULL, 1, '$VOLUME * $QUANTITY;', NULL, 0, NULL),
	(180, 'P001', 'Lactobacillus Acidophilus ; mg', 8, 1, 0.00000000, '["morning_and_evening"]', NULL, '150', 1, '$PRICE * $QUANTITY;', NULL, 1, '$VOLUME * $QUANTITY;', NULL, 0, NULL),
	(181, 'P001', 'Ashibata, Japanese Angelica ; mg', 9, 1, 0.00000000, '["morning_and_evening"]', NULL, '100-3,000', 1, '$PRICE * $QUANTITY;', NULL, 1, '$VOLUME * $QUANTITY;', NULL, 0, NULL),
	(182, 'P001', 'Echinacea Extract l mg', 9, 1, 0.00000000, '["morning_and_evening"]', NULL, '100-1,000', 1, '$PRICE * $QUANTITY;', NULL, 1, '$VOLUME * $QUANTITY;', NULL, 0, NULL),
	(183, 'P001', 'Reishi ; mg', 9, 1, 0.00000000, '["morning_and_evening"]', NULL, '100-3,000', 1, '$PRICE * $QUANTITY;', NULL, 1, '$VOLUME * $QUANTITY;', NULL, 0, NULL),
	(184, 'P001', 'Ashwagandha Extract ; mg', 10, 1, 0.00000000, '["morning_and_evening"]', NULL, '450', 1, '$PRICE * $QUANTITY;', NULL, 1, '$VOLUME * $QUANTITY;', NULL, 0, NULL),
	(185, 'P001', 'Bacopin, Bacopa Monniera ; mg', 10, 1, 0.00000000, '["morning_and_evening"]', NULL, '50-300', 1, '$PRICE * $QUANTITY;', NULL, 1, '$VOLUME * $QUANTITY;', NULL, 0, NULL),
	(186, 'P001', 'Beta Glucan ; mg', 10, 1, 0.00000000, '["morning_and_evening"]', NULL, '40-500', 1, '$PRICE * $QUANTITY;', NULL, 1, '$VOLUME * $QUANTITY;', NULL, 0, NULL),
	(187, 'P001', 'Butea, Red Kwao Krua ; mg', 10, 1, 0.00000000, '["morning_and_evening"]', NULL, '300-1,000', 1, '$PRICE * $QUANTITY;', NULL, 1, '$VOLUME * $QUANTITY;', NULL, 0, NULL),
	(188, 'P001', 'Bilberry ; mg', 10, 1, 0.00000000, '["morning_and_evening"]', NULL, '80-200', 1, '$PRICE * $QUANTITY;', NULL, 1, '$VOLUME * $QUANTITY;', NULL, 0, NULL),
	(189, 'P001', 'BioPerine, Black Pepper ; mg', 10, 1, 0.00000000, '["morning_and_evening"]', NULL, '5-100', 1, '$PRICE * $QUANTITY;', NULL, 1, '$VOLUME * $QUANTITY;', NULL, 0, NULL),
	(190, 'P001', 'Black Cohosh ; mg', 10, 1, 0.00000000, '["morning_and_evening"]', NULL, '80', 1, '$PRICE * $QUANTITY;', NULL, 1, '$VOLUME * $QUANTITY;', NULL, 0, NULL),
	(191, 'P001', 'Centellin, Gotu Kola ; mg', 10, 1, 0.00000000, '["morning_and_evening"]', NULL, '60-350', 1, '$PRICE * $QUANTITY;', NULL, 1, '$VOLUME * $QUANTITY;', NULL, 0, NULL),
	(192, 'P001', 'Citrus Bioflavonoids ; mg', 10, 1, 0.00000000, '["morning_and_evening"]', NULL, '300-1,000', 1, '$PRICE * $QUANTITY;', NULL, 1, '$VOLUME * $QUANTITY;', NULL, 0, NULL),
	(193, 'P001', 'Curbilene, Pumpkin Seed ; mg', 10, 1, 0.00000000, '["morning_and_evening"]', NULL, '100', 1, '$PRICE * $QUANTITY;', NULL, 1, '$VOLUME * $QUANTITY;', NULL, 0, NULL),
	(194, 'P001', 'Curcumin C3 ; mg', 10, 1, 0.00000000, '["morning_and_evening"]', NULL, '100-3,000', 1, '$PRICE * $QUANTITY;', NULL, 1, '$VOLUME * $QUANTITY;', NULL, 0, NULL),
	(195, 'P001', 'Emblic Extract ; mg', 10, 1, 0.00000000, '["morning_and_evening"]', NULL, '100-1,000', 1, '$PRICE * $QUANTITY;', NULL, 1, '$VOLUME * $QUANTITY;', NULL, 0, NULL),
	(196, 'P001', 'Garlic ; mg', 10, 1, 0.00000000, '["morning_and_evening"]', NULL, '600', 1, '$PRICE * $QUANTITY;', NULL, 1, '$VOLUME * $QUANTITY;', NULL, 0, NULL),
	(197, 'P001', 'Ginkgo Biloba Phytosome ; mg', 10, 1, 0.00000000, '["morning_and_evening"]', NULL, '100-1,000', 1, '$PRICE * $QUANTITY;', NULL, 1, '$VOLUME * $QUANTITY;', NULL, 0, NULL),
	(198, 'P001', 'Gingko Serine ; mg', 10, 1, 0.00000000, '["morning_and_evening"]', NULL, '40', 1, '$PRICE * $QUANTITY;', NULL, 1, '$VOLUME * $QUANTITY;', NULL, 0, NULL),
	(199, 'P001', 'Ginseng ; mg', 10, 1, 0.00000000, '["morning_and_evening"]', NULL, '200', 1, '$PRICE * $QUANTITY;', NULL, 1, '$VOLUME * $QUANTITY;', NULL, 0, NULL),
	(200, 'P001', 'Glucosamine Hydrochoride ; mg', 10, 1, 0.00000000, '["morning_and_evening"]', NULL, '1000', 1, '$PRICE * $QUANTITY;', NULL, 1, '$VOLUME * $QUANTITY;', NULL, 0, NULL),
	(201, 'P001', 'Chondroltin SCP ; mg', 10, 1, 0.00000000, '["morning_and_evening"]', NULL, '800', 1, '$PRICE * $QUANTITY;', NULL, 1, '$VOLUME * $QUANTITY;', NULL, 0, NULL),
	(202, 'P001', 'Gamma Cryzanol, Rice Extract ; mg', 10, 1, 0.00000000, '["morning_and_evening"]', NULL, '600', 1, '$PRICE * $QUANTITY;', NULL, 1, '$VOLUME * $QUANTITY;', NULL, 0, NULL),
	(203, 'P001', 'Grape Seed Extract ; mg', 10, 1, 0.00000000, '["morning_and_evening"]', NULL, '300', 1, '$PRICE * $QUANTITY;', NULL, 1, '$VOLUME * $QUANTITY;', NULL, 0, NULL),
	(204, 'P001', 'Hawthron Extract ; mg', 10, 1, 0.00000000, '["morning_and_evening"]', NULL, '100-1,200', 1, '$PRICE * $QUANTITY;', NULL, 1, '$VOLUME * $QUANTITY;', NULL, 0, NULL),
	(205, 'P001', 'Horsetail ; mg', 10, 1, 0.00000000, '["morning_and_evening"]', NULL, '300-6,000', 1, '$PRICE * $QUANTITY;', NULL, 1, '$VOLUME * $QUANTITY;', NULL, 0, NULL),
	(206, 'P001', 'Indole 3 Carbinot ; mg', 10, 1, 0.00000000, '["morning_and_evening"]', NULL, '300', 1, '$PRICE * $QUANTITY;', NULL, 1, '$VOLUME * $QUANTITY;', NULL, 0, NULL),
	(207, 'P001', 'Lecithin ; mg', 10, 1, 0.00000000, '["morning_and_evening"]', NULL, '500-4,000', 1, '$PRICE * $QUANTITY;', NULL, 1, '$VOLUME * $QUANTITY;', NULL, 0, NULL),
	(208, 'P001', 'Licorice ; mg', 10, 1, 0.00000000, '["morning_and_evening"]', NULL, '500-4,000', 1, '$PRICE * $QUANTITY;', NULL, 1, '$VOLUME * $QUANTITY;', NULL, 0, NULL),
	(209, 'P001', 'Madeglucyf ; mg', 10, 1, 0.00000000, '["morning_and_evening"]', NULL, '1000', 1, '$PRICE * $QUANTITY;', NULL, 1, '$VOLUME * $QUANTITY;', NULL, 0, NULL),
	(210, 'P001', 'Milk Thistle Silymarin ; mg', 10, 1, 0.00000000, '["morning_and_evening"]', NULL, '160-800', 1, '$PRICE * $QUANTITY;', NULL, 1, '$VOLUME * $QUANTITY;', NULL, 0, NULL),
	(211, 'P001', 'Cleaselect, Olive Pulp Extract ; mg', 10, 1, 0.00000000, '["morning_and_evening"]', NULL, '25-100', 1, '$PRICE * $QUANTITY;', NULL, 1, '$VOLUME * $QUANTITY;', NULL, 0, NULL),
	(212, 'P001', 'Phytosterol ; mg', 10, 1, 0.00000000, '["morning_and_evening"]', NULL, '800', 1, '$PRICE * $QUANTITY;', NULL, 1, '$VOLUME * $QUANTITY;', NULL, 0, NULL),
	(213, 'P001', 'Policosanot, Saccharum Officinarum ; mg', 10, 1, 0.00000000, '["morning_and_evening"]', NULL, '18384', 1, '$PRICE * $QUANTITY;', NULL, 1, '$VOLUME * $QUANTITY;', NULL, 0, NULL),
	(214, 'P001', 'Pycnogynol, Pine Extract ; mg', 10, 1, 0.00000000, '["morning_and_evening"]', NULL, '50-360', 1, '$PRICE * $QUANTITY;', NULL, 1, '$VOLUME * $QUANTITY;', NULL, 0, NULL),
	(215, 'P001', 'Rosemary ; mg', 10, 1, 0.00000000, '["morning_and_evening"]', NULL, '5-3,000', 1, '$PRICE * $QUANTITY;', NULL, 1, '$VOLUME * $QUANTITY;', NULL, 0, NULL),
	(216, 'P001', 'Safflower Extract ; mg', 10, 1, 0.00000000, '["morning_and_evening"]', NULL, '100-1,000', 1, '$PRICE * $QUANTITY;', NULL, 1, '$VOLUME * $QUANTITY;', NULL, 0, NULL),
	(217, 'P001', 'Saw Palmetto Serenoa ; mg', 10, 1, 0.00000000, '["morning_and_evening"]', NULL, '320', 1, '$PRICE * $QUANTITY;', NULL, 1, '$VOLUME * $QUANTITY;', NULL, 0, NULL),
	(218, 'P001', 'Soy Isoflavone ; mg', 10, 1, 0.00000000, '["morning_and_evening"]', NULL, '100-1,000', 1, '$PRICE * $QUANTITY;', NULL, 1, '$VOLUME * $QUANTITY;', NULL, 0, NULL),
	(219, 'P001', 'Soy Peptide ; mg', 10, 1, 0.00000000, '["morning_and_evening"]', NULL, '200', 1, '$PRICE * $QUANTITY;', NULL, 1, '$VOLUME * $QUANTITY;', NULL, 0, NULL),
	(220, 'P001', 'Silyphos ; mg', 10, 1, 0.00000000, '["morning_and_evening"]', NULL, '180-800', 1, '$PRICE * $QUANTITY;', NULL, 1, '$VOLUME * $QUANTITY;', NULL, 0, NULL),
	(221, 'P001', 'Triphala, Terminalia Extract ; mg', 10, 1, 0.00000000, '["morning_and_evening"]', NULL, '150-500', 1, '$PRICE * $QUANTITY;', NULL, 1, '$VOLUME * $QUANTITY;', NULL, 0, NULL),
	(222, 'P001', 'Valerian Extract ; mg', 10, 1, 0.00000000, '["morning_and_evening"]', NULL, '400-900', 1, '$PRICE * $QUANTITY;', NULL, 1, '$VOLUME * $QUANTITY;', NULL, 0, NULL),
	(223, 'P001', 'Sustained Release Vit C (500mg)', 2, 1, 0.00000000, '["morning_and_evening"]', NULL, '500', 1, '$PRICE * $QUANTITY;', NULL, 1, '$VOLUME * $QUANTITY;', NULL, 0, NULL),
	(224, 'P001', 'Fish Oil (1000 mg EPA180/DHA120)', 2, 1, 0.00000000, '["morning_and_evening"]', NULL, '1000', 1, '$PRICE * $QUANTITY;', NULL, 1, '$VOLUME * $QUANTITY;', NULL, 0, NULL),
	(225, 'P001', 'Flax Seed Oil (1000 mg)', 2, 1, 0.00000000, '["morning_and_evening"]', NULL, '1000', 1, '$PRICE * $QUANTITY;', NULL, 1, '$VOLUME * $QUANTITY;', NULL, 0, NULL),
	(226, 'P001', 'Evening Primrose Oil (500 mg)', 2, 1, 0.00000000, '["morning_and_evening"]', NULL, '500', 1, '$PRICE * $QUANTITY;', NULL, 1, '$VOLUME * $QUANTITY;', NULL, 0, NULL),
	(227, 'P001', 'Vitamin K (100 mcg)', 2, 1, 0.00000000, '["morning_and_evening"]', NULL, '100', 1, '$PRICE * $QUANTITY;', NULL, 1, '$VOLUME * $QUANTITY;', NULL, 0, NULL),
	(228, 'P001', 'Whey Protein Isolate (31g)', 2, 1, 0.00000000, '["morning_and_evening"]', NULL, '31', 1, '$PRICE * $QUANTITY;', NULL, 1, '$VOLUME * $QUANTITY;', NULL, 0, NULL);
/*!40000 ALTER TABLE `products` ENABLE KEYS */;


# Dumping structure for table mml.product_inventory
DROP TABLE IF EXISTS `product_inventory`;
CREATE TABLE IF NOT EXISTS `product_inventory` (
  `id` bigint(11) NOT NULL AUTO_INCREMENT,
  `product_id` bigint(11) NOT NULL,
  `in` decimal(16,6) NOT NULL,
  `out` decimal(16,6) NOT NULL,
  `count` decimal(16,6) NOT NULL,
  `remarks` text NOT NULL,
  `updated` timestamp NOT NULL DEFAULT CURRENT_TIMESTAMP,
  `operator_id` bigint(11) NOT NULL,
  PRIMARY KEY (`id`)
) ENGINE=MyISAM AUTO_INCREMENT=58 DEFAULT CHARSET=utf8;

# Dumping data for table mml.product_inventory: 39 rows
/*!40000 ALTER TABLE `product_inventory` DISABLE KEYS */;
INSERT INTO `product_inventory` (`id`, `product_id`, `in`, `out`, `count`, `remarks`, `updated`, `operator_id`) VALUES
	(4, 28, 0.000000, 0.000000, 990.000000, 'First created', '2011-08-04 11:54:18', 1),
	(5, 29, 0.000000, 0.000000, 5000.000000, 'First created', '2011-08-10 10:57:35', 1),
	(6, 30, 0.000000, 0.000000, 100.000000, 'First created', '2011-08-31 09:52:28', 1),
	(7, 31, 0.000000, 0.000000, 100.000000, 'First created', '2011-09-01 09:06:53', 1),
	(8, 32, 0.000000, 0.000000, 1000.000000, 'First created', '2011-09-01 09:08:03', 1),
	(9, 33, 0.000000, 0.000000, 1234.000000, 'First created', '2011-09-01 09:09:42', 1),
	(10, 34, 0.000000, 0.000000, 1234.000000, 'First created', '2011-09-01 10:46:15', 1),
	(11, 35, 0.000000, 0.000000, 1234.000000, 'First created', '2011-09-01 10:46:54', 1),
	(12, 36, 0.000000, 0.000000, 53245.000000, 'First created', '2011-09-01 10:48:38', 1),
	(13, 37, 0.000000, 0.000000, 53245.000000, 'First created', '2011-09-01 10:49:20', 1),
	(14, 38, 0.000000, 0.000000, 4564.000000, 'First created', '2011-09-01 10:50:52', 1),
	(42, 3, 0.000000, 0.000000, 1500.000000, 'test', '2011-09-16 18:35:37', 1),
	(45, 3, 2066.000000, 0.000000, 3566.000000, 'etst', '2011-09-16 18:41:07', 1),
	(44, 3, 0.000000, 0.000000, 1500.000000, 'test', '2011-09-16 18:35:44', 1),
	(43, 3, 0.000000, 0.000000, 1500.000000, 'test', '2011-09-16 18:35:40', 1),
	(41, 3, 0.000000, 0.000000, 1500.000000, 'test', '2011-09-16 18:35:07', 1),
	(40, 3, 0.000000, 0.000000, 1500.000000, 'test', '2011-09-16 18:35:04', 1),
	(39, 3, 0.000000, 0.000000, 1500.000000, 'test', '2011-09-16 18:34:34', 1),
	(38, 3, 0.000000, 0.000000, 1500.000000, 'test', '2011-09-16 18:34:28', 1),
	(37, 3, 0.000000, 0.000000, 1500.000000, 'test', '2011-09-16 18:33:54', 1),
	(36, 3, 0.000000, 0.000000, 1500.000000, 'test', '2011-09-16 18:33:52', 1),
	(35, 3, -1500.000000, 0.000000, 1500.000000, 'test', '2011-09-16 18:32:41', 1),
	(34, 1, 0.000000, -300.000000, 1200.000000, 'test', '2011-09-16 18:14:59', 1),
	(33, 1, 0.000000, 0.000000, 1500.000000, 'test', '2011-09-16 18:14:32', 1),
	(30, 1, -500.000000, 0.000000, 1000.000000, 'test', '2011-09-16 18:12:40', 1),
	(32, 1, 0.000000, 0.000000, 1500.000000, 'test', '2011-09-16 18:14:21', 1),
	(31, 1, 0.000000, 0.000000, 1500.000000, 'test', '2011-09-16 18:13:19', 1),
	(46, 3, 0.000000, 0.000000, 3566.000000, 'etst', '2011-09-16 18:41:47', 1),
	(47, 3, 0.000000, 0.000000, 3566.000000, 'etst', '2011-09-16 18:41:56', 1),
	(48, 3, 434.000000, 0.000000, 4000.000000, 'etst', '2011-09-16 18:42:07', 1),
	(49, 3, 0.000000, -3950.000000, 50.000000, 'check out for Order # 0095', '2011-09-16 18:44:28', 1),
	(50, 3, 0.000000, 0.000000, 50.000000, 'check out for Order # 0095', '2011-09-16 18:46:20', 1),
	(51, 3, 0.000000, 0.000000, 50.000000, 'check out for Order # 0095', '2011-09-16 18:46:52', 1),
	(52, 2, 5000.000000, 0.000000, 5000.000000, 'add new batch', '2011-09-16 18:49:53', 1),
	(53, 2, 0.000000, 0.000000, 5000.000000, 'add new batch', '2011-09-16 18:50:14', 1),
	(54, 2, 0.000000, 0.000000, 5000.000000, 'add new batch', '2011-09-16 18:51:01', 1),
	(55, 2, 95000.000000, 0.000000, 100000.000000, 'buy new', '2011-09-16 18:51:23', 1),
	(56, 5, 55000.000000, 0.000000, 55000.000000, 'sdfsdf', '2011-09-24 21:48:10', 1),
	(57, 2, 0.000000, -95000.000000, 5000.000000, 'test', '2011-09-27 09:10:44', 1);
/*!40000 ALTER TABLE `product_inventory` ENABLE KEYS */;


# Dumping structure for table mml.product_unit
DROP TABLE IF EXISTS `product_unit`;
CREATE TABLE IF NOT EXISTS `product_unit` (
  `id` bigint(11) NOT NULL DEFAULT '0',
  `display_rank` int(10) DEFAULT NULL,
  `display_name` varchar(100) DEFAULT NULL,
  `gram_conversion_factor` decimal(20,6) DEFAULT NULL,
  PRIMARY KEY (`id`)
) ENGINE=MyISAM DEFAULT CHARSET=utf8;

# Dumping data for table mml.product_unit: 7 rows
/*!40000 ALTER TABLE `product_unit` DISABLE KEYS */;
INSERT INTO `product_unit` (`id`, `display_rank`, `display_name`, `gram_conversion_factor`) VALUES
	(1, 1, 'mg', 1000.000000),
	(2, 2, 'g', 1.000000),
	(3, 3, 'nano gram', 1000000.000000),
	(4, 4, 'capsule', NULL),
	(5, 5, 'AU', NULL),
	(6, 6, 'softgel', NULL),
	(7, 7, 'box', NULL);
/*!40000 ALTER TABLE `product_unit` ENABLE KEYS */;


# Dumping structure for table mml.quotations
DROP TABLE IF EXISTS `quotations`;
CREATE TABLE IF NOT EXISTS `quotations` (
  `id` int(10) DEFAULT NULL,
  `order_id` int(10) DEFAULT NULL,
  `quotation_type` int(10) DEFAULT NULL
) ENGINE=InnoDB DEFAULT CHARSET=utf8;

# Dumping data for table mml.quotations: ~0 rows (approximately)
/*!40000 ALTER TABLE `quotations` DISABLE KEYS */;
/*!40000 ALTER TABLE `quotations` ENABLE KEYS */;


# Dumping structure for table mml.quotation_type
DROP TABLE IF EXISTS `quotation_type`;
CREATE TABLE IF NOT EXISTS `quotation_type` (
  `id` bigint(11) NOT NULL AUTO_INCREMENT,
  `name` varchar(500) DEFAULT NULL,
  `detail` text,
  PRIMARY KEY (`id`)
) ENGINE=InnoDB AUTO_INCREMENT=4 DEFAULT CHARSET=utf8;

# Dumping data for table mml.quotation_type: ~3 rows (approximately)
/*!40000 ALTER TABLE `quotation_type` DISABLE KEYS */;
INSERT INTO `quotation_type` (`id`, `name`, `detail`) VALUES
	(1, 'bulk', 'Bulk Supplements'),
	(2, 'formula', 'Supplements'),
	(3, 'customized', 'Customized Supplements');
/*!40000 ALTER TABLE `quotation_type` ENABLE KEYS */;


# Dumping structure for table mml.status
DROP TABLE IF EXISTS `status`;
CREATE TABLE IF NOT EXISTS `status` (
  `id` bigint(11) NOT NULL DEFAULT '0',
  `name` varchar(50) DEFAULT NULL,
  `icon` varchar(100) DEFAULT NULL,
  `html` varchar(100) DEFAULT NULL,
  `remark` varchar(500) DEFAULT NULL,
  PRIMARY KEY (`id`)
) ENGINE=MyISAM DEFAULT CHARSET=utf8;

# Dumping data for table mml.status: 19 rows
/*!40000 ALTER TABLE `status` DISABLE KEYS */;
INSERT INTO `status` (`id`, `name`, `icon`, `html`, `remark`) VALUES
	(0, 'template', 'negative.gif', NULL, 'For template order'),
	(1, 'draft', 'action1.gif', NULL, NULL),
	(2, 'request', 'white_ico.png', NULL, NULL),
	(3, 'pending', 'new_messages.gif', NULL, NULL),
	(4, 'confirmed', 'sm_lk6.gif', NULL, NULL),
	(5, 'processing', 'status_pending.gif', NULL, NULL),
	(6, 'complete', 'green_ico.png', NULL, NULL),
	(7, 'canceled', 'move2.gif', NULL, NULL),
	(100, 'Station A', 'test.gif', NULL, 'Station A'),
	(101, 'Print Manufacture Sheet', NULL, NULL, 'Print Manufacture Sheet'),
	(102, 'Inventory Check', NULL, NULL, 'Inventory Check'),
	(103, 'Recieved by Production', NULL, NULL, 'Recieved by Production'),
	(104, 'Weighing', NULL, NULL, NULL),
	(105, 'Encapsulation', NULL, NULL, NULL),
	(106, 'Pre-Packaging Check', NULL, NULL, NULL),
	(107, 'Packing', NULL, NULL, NULL),
	(108, 'Label Preparation', NULL, NULL, NULL),
	(109, 'Final Check', NULL, NULL, NULL),
	(110, 'On Delivery', NULL, NULL, NULL);
/*!40000 ALTER TABLE `status` ENABLE KEYS */;


# Dumping structure for table mml.transactions
DROP TABLE IF EXISTS `transactions`;
CREATE TABLE IF NOT EXISTS `transactions` (
  `id` bigint(11) NOT NULL AUTO_INCREMENT,
  `uuid` varchar(50) NOT NULL DEFAULT '0',
  `customer_id` int(10) DEFAULT NULL,
  `category` varchar(50) NOT NULL,
  `credit` decimal(20,4) DEFAULT NULL,
  `debit` decimal(20,4) DEFAULT NULL,
  `balance` decimal(20,4) DEFAULT NULL,
  `remarks` varchar(500) DEFAULT NULL,
  `updated` datetime DEFAULT NULL,
  PRIMARY KEY (`id`)
) ENGINE=MyISAM AUTO_INCREMENT=46 DEFAULT CHARSET=utf8 COMMENT='invoice,payment,deduction';

# Dumping data for table mml.transactions: 31 rows
/*!40000 ALTER TABLE `transactions` DISABLE KEYS */;
INSERT INTO `transactions` (`id`, `uuid`, `customer_id`, `category`, `credit`, `debit`, `balance`, `remarks`, `updated`) VALUES
	(26, '0', 50, '1', 60750.0000, 0.0000, -60750.0000, NULL, '2011-09-14 16:54:55'),
	(25, '0', 16, '1', 0.0000, 0.0000, -2417.0400, NULL, '2011-09-14 15:56:00'),
	(24, '0', 16, '1', 0.0000, 0.0000, -2417.0400, NULL, '2011-09-14 15:55:41'),
	(23, '0', 16, '2', 0.0000, 470000.0000, -2417.0400, 'test', '2011-09-14 15:54:45'),
	(22, '0', 16, '2', 0.0000, 500.0000, -472417.0400, 'test', '2011-09-14 15:52:51'),
	(21, '0', 16, '2', 0.0000, 500.0000, -472917.0400, 'test', '2011-09-14 15:52:14'),
	(20, '0', 16, '2', 0.0000, 500.0000, -473417.0400, 'test', '2011-09-14 15:51:56'),
	(19, '0', 16, '1', 100000.0000, 0.0000, -632451.0400, NULL, '2011-09-14 14:44:14'),
	(15, '0', 16, '1', 104780.8400, 0.0000, -209561.6800, NULL, '2011-09-13 09:52:42'),
	(16, '0', 16, '1', 104618.6000, 0.0000, -314180.2800, NULL, '2011-09-14 03:52:49'),
	(17, '0', 16, '1', 104618.6000, 0.0000, -418798.8800, NULL, '2011-09-14 03:53:23'),
	(18, '0', 16, '1', 113652.1600, 0.0000, -532451.0400, NULL, '2011-09-14 03:53:38'),
	(27, '0', 50, '2', 0.0000, 5000.0000, -55750.0000, 'test', '2011-09-14 16:55:31'),
	(28, '0', 50, '2', 0.0000, 0.0000, -55750.0000, '30000', '2011-09-14 16:55:38'),
	(29, '0', 50, '2', 0.0000, 30000.0000, -25750.0000, '', '2011-09-14 16:55:45'),
	(30, '0', 16, '1', 0.0000, 0.0000, -2417.0400, NULL, '2011-09-15 23:25:27'),
	(31, '0', 16, '1', 0.0000, 0.0000, -2417.0400, NULL, '2011-09-16 21:18:19'),
	(32, '0', 12, '1', NULL, NULL, NULL, NULL, '2011-09-19 19:43:59'),
	(33, '0', 12, '1', NULL, NULL, NULL, NULL, '2011-09-19 19:44:07'),
	(34, '0', 16, '1', 0.0000, 0.0000, -2417.0400, NULL, '2011-09-19 19:44:36'),
	(35, '0', 16, '1', 0.0000, 0.0000, -2417.0400, NULL, '2011-09-19 19:45:13'),
	(36, '0', 16, '1', 0.0000, 0.0000, -2417.0400, NULL, '2011-09-19 19:45:49'),
	(37, '0', 16, '1', 0.0000, 0.0000, -2417.0400, NULL, '2011-09-19 19:46:56'),
	(38, '0', 16, '1', 0.0000, 0.0000, -2417.0400, NULL, '2011-09-19 19:47:23'),
	(39, '0', 16, '1', 0.0000, 0.0000, -2417.0400, NULL, '2011-09-19 19:47:27'),
	(40, '0', 16, '1', 0.0000, 0.0000, -2417.0400, NULL, '2011-09-19 19:47:45'),
	(41, '0', 13, '1', 0.0000, 0.0000, 0.0000, NULL, '2011-09-19 22:25:44'),
	(42, '0', 15, '1', 9300.0000, 0.0000, -9300.0000, NULL, '2011-09-21 22:23:46'),
	(43, '0', 16, '1', 0.0000, 0.0000, -2417.0400, NULL, '2011-09-21 22:38:18'),
	(44, '0', 100, '1', 2045.0000, 0.0000, -2045.0000, NULL, '2011-09-21 22:39:04'),
	(45, '0', 13, '1', 0.0000, 0.0000, 0.0000, NULL, '2011-09-21 22:41:27');
/*!40000 ALTER TABLE `transactions` ENABLE KEYS */;


# Dumping structure for table mml.users
DROP TABLE IF EXISTS `users`;
CREATE TABLE IF NOT EXISTS `users` (
  `id` bigint(11) NOT NULL AUTO_INCREMENT,
  `username` varchar(45) NOT NULL,
  `display_name` varchar(45) NOT NULL,
  `full_name` varchar(45) DEFAULT NULL,
  `password` varchar(45) NOT NULL,
  `salt` varchar(45) NOT NULL DEFAULT '1234',
  `email` varchar(45) DEFAULT NULL,
  `type` char(15) NOT NULL DEFAULT 'GUEST',
  `inactive` tinyint(1) DEFAULT '0',
  PRIMARY KEY (`id`),
  UNIQUE KEY `username` (`username`)
) ENGINE=MyISAM AUTO_INCREMENT=217 DEFAULT CHARSET=utf8 COMMENT='system user';

# Dumping data for table mml.users: 216 rows
/*!40000 ALTER TABLE `users` DISABLE KEYS */;
INSERT INTO `users` (`id`, `username`, `display_name`, `full_name`, `password`, `salt`, `email`, `type`, `inactive`) VALUES
	(1, 'admin', 'Admin', 'Admin Person', 'ed2b1f468c5f915f3f1cf75d7068baae', '1234', 'chayapan@gmail.com', 'ADMIN', 0),
	(2, 'test', 'tester1', 'Tester Number1', '\'\'', '1234', NULL, 'GUEST', 0),
	(3, 'demo', 'demo', 'demo', '2e5c7db760a33498023813489cfadc0b', '28b206548469ce62182048fd9cf91760', 'webmaster@example.com', 'GUEST', 0),
	(4, 'doctor1', 'doctor1', 'นพ.สมชาย จันทร์สว่าง ', 'ed2b1f468c5f915f3f1cf75d7068baae', '1234', 'mml1@spam.la', 'CLINICIAN', 0),
	(5, 'doctor2', 'doctor2', 'ดร.ทวีศักดิ์ มหชวโรจน์', 'ed2b1f468c5f915f3f1cf75d7068baae', '1234', 'mml2@spam.la', 'CLINICIAN', 0),
	(6, 'doctor3', 'doctor3', 'พล.ร.ต.นพ.สุรเชษฐ สู่พานิช ', 'ed2b1f468c5f915f3f1cf75d7068baae', '1234', 'mml3@spam.la', 'CLINICIAN', 0),
	(7, 'doctor4', 'doctor4', 'นพ.ไศล สุขพันธ์โพธาราม ', 'ed2b1f468c5f915f3f1cf75d7068baae', '1234', 'mml4@spam.la', 'CLINICIAN', 0),
	(8, 'doctor5', 'doctor5', 'นพ.สุวัฒน์ วิทยาคม ', 'ed2b1f468c5f915f3f1cf75d7068baae', '1234', 'mml5@spam.la', 'CLINICIAN', 0),
	(9, 'doctor6', 'doctor6', 'คุณพูลชัย ชเนศร์ ', 'ed2b1f468c5f915f3f1cf75d7068baae', '1234', 'mml6@spam.la', 'CLINICIAN', 0),
	(10, 'doctor7', 'doctor7', 'นพ.ฐิติ พัฒนกำจร ', 'ed2b1f468c5f915f3f1cf75d7068baae', '1234', 'mml7@spam.la', 'CLINICIAN', 0),
	(11, 'doctor8', 'doctor8', 'นพ.สุวิทย์ โฆษิตสุรังคกุล ', 'ed2b1f468c5f915f3f1cf75d7068baae', '1234', 'mml8@spam.la', 'CLINICIAN', 0),
	(12, 'admin1', 'doctor9', 'นพ.ธวัชชัย วานิชกร ', '20349e69c2901e50fff1c27476659634', '4e6b768967ed97.69858354', 'mml9@spam.la', 'ADMIN', 0),
	(13, 'admin2', 'doctor10', 'นพ.ชัยพฤกษ์ ปิยะเกศิน ', 'ed2b1f468c5f915f3f1cf75d7068baae', '1234', 'mml10@spam.la', 'ADMIN', 0),
	(14, 'admin3', 'doctor11', 'นพ.นพรัตน์ สุจริตจันทร์ ', 'ed2b1f468c5f915f3f1cf75d7068baae', '1234', 'mml11@spam.la', 'ADMIN', 0),
	(15, 'admin4', 'doctor12', 'นพ.จงเจตน์ อาวเจนพงษ์ ', 'ed2b1f468c5f915f3f1cf75d7068baae', '1234', 'mml12@spam.la', 'ADMIN', 0),
	(16, 'manager1', 'manager1', 'นพ.จำเริญ สรพิพัฒน์ ', 'ed2b1f468c5f915f3f1cf75d7068baae', '1234', 'mml13@spam.la', 'MANAGER', 0),
	(17, 'manager2', 'manager2', 'นพ.สุชัย หยองอนุกูล์ ', 'ed2b1f468c5f915f3f1cf75d7068baae', '1234', 'mml14@spam.la', 'MANAGER', 0),
	(18, 'manager3', 'manager3', 'ศ.นพ.จิตร สิทธิอมร ', 'ed2b1f468c5f915f3f1cf75d7068baae', '1234', 'mml15@spam.la', 'MANAGER', 0),
	(19, 'manager4', 'manager4', 'พญ.ลักษมี ว่องกุศลกิจ ', 'ed2b1f468c5f915f3f1cf75d7068baae', '1234', 'mml16@spam.la', 'MANAGER', 0),
	(20, 'tester17', 'doctor17', 'นพ.สราวุธ อนันต์เศรษฐกุล ', 'ed2b1f468c5f915f3f1cf75d7068baae', '1234', 'mml17@spam.la', 'CLINICIAN', 0),
	(21, 'operator1', 'operator1', 'นพ.ศุภชัย โชติบุตร ', 'ed2b1f468c5f915f3f1cf75d7068baae', '1234', 'mml18@spam.la', 'OPERATOR', 0),
	(22, 'operator2', 'operator2', 'ศ.นพ.เทพ หิมะทองคำ ', 'ed2b1f468c5f915f3f1cf75d7068baae', '1234', 'mml19@spam.la', 'OPERATOR', 0),
	(23, 'operator3', 'operator3', 'นพ.เจริญ มีนสุข ', 'ed2b1f468c5f915f3f1cf75d7068baae', '1234', 'mml20@spam.la', 'OPERATOR', 0),
	(24, 'operator4', 'operator4', 'คุณเฉลิมกุล อภิกุลโอภาส ', 'ed2b1f468c5f915f3f1cf75d7068baae', '1234', 'mml21@spam.la', 'OPERATOR', 0),
	(25, 'tester22', 'doctor22', 'นพ.วิโรจน์ ตระการวิจิตร ', 'ed2b1f468c5f915f3f1cf75d7068baae', '1234', 'mml22@spam.la', 'CLINICIAN', 0),
	(26, 'tester23', 'doctor23', 'นพ.ประจักษ์ บุญจิตต์พิมล ', 'ed2b1f468c5f915f3f1cf75d7068baae', '1234', 'mml23@spam.la', 'CLINICIAN', 0),
	(27, 'tester24', 'doctor24', 'นพ.อรรคพาสน์ โอวาทตระกูล ', 'ed2b1f468c5f915f3f1cf75d7068baae', '1234', 'mml24@spam.la', 'CLINICIAN', 0),
	(28, 'tester25', 'doctor25', 'พญ..เจรียง จันทรกมล ', 'ed2b1f468c5f915f3f1cf75d7068baae', '1234', 'mml25@spam.la', 'CLINICIAN', 0),
	(29, 'tester26', 'doctor26', 'พญ.ลินดา ไกรวิทย์ ', 'ed2b1f468c5f915f3f1cf75d7068baae', '1234', 'mml26@spam.la', 'CLINICIAN', 0),
	(30, 'tester27', 'doctor27', 'นพ.ชุตินันท์ พรมมินทร์ ', 'ed2b1f468c5f915f3f1cf75d7068baae', '1234', 'mml27@spam.la', 'CLINICIAN', 0),
	(31, 'sale1', 'sale1', 'นพ.วีระ อิงคภาสกร ', 'ed2b1f468c5f915f3f1cf75d7068baae', '1234', 'mml28@spam.la', 'SALE', 0),
	(32, 'sale3', 'sale3', 'นพ.มานิตย์ จารุวรรณ ', 'ed2b1f468c5f915f3f1cf75d7068baae', '1234', 'mml29@spam.la', 'SALE', 0),
	(33, 'sale4', 'sale4', 'พญ.ศศิธร พงษ์สามารถ ', 'ed2b1f468c5f915f3f1cf75d7068baae', '1234', 'mml30@spam.la', 'SALE', 0),
	(34, 'sale2', 'sale2', 'นพ.เกตุ สายเพชร์ ', 'ed2b1f468c5f915f3f1cf75d7068baae', '1234', 'mml31@spam.la', 'SALE', 0),
	(35, 'tester32', 'doctor32', 'นพ.สุรสิทธิ์ อัศดามงคล ', 'ed2b1f468c5f915f3f1cf75d7068baae', '1234', 'mml32@spam.la', 'CLINICIAN', 0),
	(36, 'tester33', 'doctor33', 'คุณแม็ค แบนเนอร์ ', 'ed2b1f468c5f915f3f1cf75d7068baae', '1234', 'mml33@spam.la', 'CLINICIAN', 0),
	(37, 'tester34', 'doctor34', 'รออ.นพ.พิทักษ์ ฐานบัญชา ', 'ed2b1f468c5f915f3f1cf75d7068baae', '1234', 'mml34@spam.la', 'CLINICIAN', 0),
	(38, 'tester35', 'doctor35', 'test doctor 35', 'ed2b1f468c5f915f3f1cf75d7068baae', '1234', 'mml35@spam.la', 'CLINICIAN', 0),
	(39, 'tester36', 'doctor36', 'นพ.พิชัย แพร่ภัทร ', 'ed2b1f468c5f915f3f1cf75d7068baae', '1234', 'mml36@spam.la', 'CLINICIAN', 0),
	(40, 'tester37', 'doctor37', 'นพ.นพรัตน์ โง้วจุงดี ', 'ed2b1f468c5f915f3f1cf75d7068baae', '1234', 'mml37@spam.la', 'CLINICIAN', 0),
	(41, 'manufacture2', 'manufacture2', 'คุณไกรวิน ศรีไกรวิน ', 'ed2b1f468c5f915f3f1cf75d7068baae', '1234', 'mml38@spam.la', 'MANUFACTURE', 0),
	(42, 'manufacture3', 'manufacture3', 'คุณธนา ถิรมนัส ', 'ed2b1f468c5f915f3f1cf75d7068baae', '1234', 'mml39@spam.la', 'MANUFACTURE', 0),
	(43, 'manufacture1', 'manufacture1', 'นพ.อนันตศักดิ์ อภัยรัตน์ ', 'ed2b1f468c5f915f3f1cf75d7068baae', '1234', 'mml40@spam.la', 'MANUFACTURE', 0),
	(44, 'manufacture4', 'manufacture4', 'นพ.ปรีชา เลิศศิวาพร ', 'ed2b1f468c5f915f3f1cf75d7068baae', '1234', 'mml41@spam.la', 'MANUFACTURE', 0),
	(45, 'tester42', 'doctor42', 'นพ.เสถียร ภู่ประเสริฐ ', 'ed2b1f468c5f915f3f1cf75d7068baae', '1234', 'mml42@spam.la', 'CLINICIAN', 0),
	(46, 'tester43', 'doctor43', 'นพ.พิชิต ยิ่งเจริญ ', 'ed2b1f468c5f915f3f1cf75d7068baae', '1234', 'mml43@spam.la', 'CLINICIAN', 0),
	(47, 'tester44', 'doctor44', 'นพ.ชนะ ตันจันทร์พงษ์ ', 'ed2b1f468c5f915f3f1cf75d7068baae', '1234', 'mml44@spam.la', 'CLINICIAN', 0),
	(48, 'tester45', 'doctor45', 'นพ.สวัสดิ์ เถกิงเดช ', 'ed2b1f468c5f915f3f1cf75d7068baae', '1234', 'mml45@spam.la', 'CLINICIAN', 0),
	(49, 'tester46', 'doctor46', 'นพ.เหรียญทอง แน่นหนา ', 'ed2b1f468c5f915f3f1cf75d7068baae', '1234', 'mml46@spam.la', 'CLINICIAN', 0),
	(50, 'tester47', 'doctor47', 'นพ.ชูเกียรติ ศุภนันตฤกษ์ ', 'ed2b1f468c5f915f3f1cf75d7068baae', '1234', 'mml47@spam.la', 'CLINICIAN', 0),
	(51, 'staff1', 'staff1', 'คุณสมชัย ชื่นจิตร ', 'ed2b1f468c5f915f3f1cf75d7068baae', '1234', 'mml48@spam.la', 'CLINICIAN_STAFF', 0),
	(52, 'staff3', 'staff3', 'นพ.ภาวิต ปุญญฤทธ์ ', 'ed2b1f468c5f915f3f1cf75d7068baae', '1234', 'mml49@spam.la', 'CLINICIAN_STAFF', 0),
	(53, 'staff2', 'staff2', 'นพ. เกริกยศ ชลายนเดชะ ', 'ed2b1f468c5f915f3f1cf75d7068baae', '1234', 'mml50@spam.la', 'CLINICIAN_STAFF', 0),
	(54, 'staff4', 'staff4', 'นพ.ธวัชชัย เจริญวงศ์ ', 'ed2b1f468c5f915f3f1cf75d7068baae', '1234', 'mml51@spam.la', 'CLINICIAN_STAFF', 0),
	(55, 'tester52', 'doctor52', 'ทพ.เจิมพล ภูมิตระกูล ', 'ed2b1f468c5f915f3f1cf75d7068baae', '1234', 'mml52@spam.la', 'CLINICIAN', 0),
	(56, 'tester53', 'doctor53', 'คุณนิตยา ปรีชายุทธ ', 'ed2b1f468c5f915f3f1cf75d7068baae', '1234', 'mml53@spam.la', 'CLINICIAN', 0),
	(57, 'tester54', 'doctor54', 'นพ.วรพงศ์ จูตะวิริยะ ', 'ed2b1f468c5f915f3f1cf75d7068baae', '1234', 'mml54@spam.la', 'CLINICIAN', 0),
	(58, 'tester55', 'doctor55', 'พล.ท.นพ.ณรงค์ รอดวรรณะ ', 'ed2b1f468c5f915f3f1cf75d7068baae', '1234', 'mml55@spam.la', 'CLINICIAN', 0),
	(59, 'tester56', 'doctor56', 'พล.ท.นพ.พร้อมพงษ์ พีระบูล ', 'ed2b1f468c5f915f3f1cf75d7068baae', '1234', 'mml56@spam.la', 'CLINICIAN', 0),
	(60, 'tester57', 'doctor57', 'นพ.ไพบูลย์ เอกแสงศรี ', 'ed2b1f468c5f915f3f1cf75d7068baae', '1234', 'mml57@spam.la', 'CLINICIAN', 0),
	(61, 'tester58', 'doctor58', 'ร.อ.ชาคริต ศึกษากิจ ', 'ed2b1f468c5f915f3f1cf75d7068baae', '1234', 'mml58@spam.la', 'CLINICIAN', 0),
	(62, 'tester59', 'doctor59', 'นพ.ถนอมชัย คู่ทวีธรรม ', 'ed2b1f468c5f915f3f1cf75d7068baae', '1234', 'mml59@spam.la', 'CLINICIAN', 0),
	(63, 'tester60', 'doctor60', 'นพ.สุรพล โล่สิริวัฒน์ ', 'ed2b1f468c5f915f3f1cf75d7068baae', '1234', 'mml60@spam.la', 'CLINICIAN', 0),
	(64, 'tester61', 'doctor61', 'นพ.นิพนธ์ ธีราโมก ', 'ed2b1f468c5f915f3f1cf75d7068baae', '1234', 'mml61@spam.la', 'CLINICIAN', 0),
	(65, 'tester62', 'doctor62', 'นพ.ธงชัย ฉัตรยิ่งมงคล ', 'ed2b1f468c5f915f3f1cf75d7068baae', '1234', 'mml62@spam.la', 'CLINICIAN', 0),
	(66, 'tester63', 'doctor63', 'นพ.เทอดศักดิ์ ปรมากูล ', 'ed2b1f468c5f915f3f1cf75d7068baae', '1234', 'mml63@spam.la', 'CLINICIAN', 0),
	(67, 'tester64', 'doctor64', 'นพ.โชคชัย จารุศิริพิพัฒน์ ', 'ed2b1f468c5f915f3f1cf75d7068baae', '1234', 'mml64@spam.la', 'CLINICIAN', 0),
	(68, 'tester65', 'doctor65', 'นพ.ดุลย์ ดำรงศักดิ์ ', 'ed2b1f468c5f915f3f1cf75d7068baae', '1234', 'mml65@spam.la', 'CLINICIAN', 0),
	(69, 'tester66', 'doctor66', 'น.ท.พญ.ลักษมี ว่องกุศลกิจ ', 'ed2b1f468c5f915f3f1cf75d7068baae', '1234', 'mml66@spam.la', 'CLINICIAN', 0),
	(70, 'tester67', 'doctor67', 'นพ.ศิริพงษ์ เหลืองวารินกุล ', 'ed2b1f468c5f915f3f1cf75d7068baae', '1234', 'mml67@spam.la', 'CLINICIAN', 0),
	(71, 'tester68', 'doctor68', 'นพ.ดาวิน นารูลา ', 'ed2b1f468c5f915f3f1cf75d7068baae', '1234', 'mml68@spam.la', 'CLINICIAN', 0),
	(72, 'tester69', 'doctor69', 'นพ.พรชัย ตั้งลัคนวาณิชย์ ', 'ed2b1f468c5f915f3f1cf75d7068baae', '1234', 'mml69@spam.la', 'CLINICIAN', 0),
	(73, 'tester70', 'doctor70', 'นพ.ไกรสิทธิ์ นฤขัตพิชัย ', 'ed2b1f468c5f915f3f1cf75d7068baae', '1234', 'mml70@spam.la', 'CLINICIAN', 0),
	(74, 'tester71', 'doctor71', 'นพ.ตุลวรรธน์ พัชราภา ', 'ed2b1f468c5f915f3f1cf75d7068baae', '1234', 'mml71@spam.la', 'CLINICIAN', 0),
	(75, 'tester72', 'doctor72', 'คุณกมลวรรณ ลักษณะกาญจน์ ', 'ed2b1f468c5f915f3f1cf75d7068baae', '1234', 'mml72@spam.la', 'CLINICIAN', 0),
	(76, 'tester73', 'doctor73', 'นพ.พรมพันธ์ พรมมาส ', 'ed2b1f468c5f915f3f1cf75d7068baae', '1234', 'mml73@spam.la', 'CLINICIAN', 0),
	(77, 'tester74', 'doctor74', 'นพ.อนันต์ ธรรมจำรัสศรี ', 'ed2b1f468c5f915f3f1cf75d7068baae', '1234', 'mml74@spam.la', 'CLINICIAN', 0),
	(78, 'tester75', 'doctor75', 'นพ.สุชัย หยองอนุกูล ', 'ed2b1f468c5f915f3f1cf75d7068baae', '1234', 'mml75@spam.la', 'CLINICIAN', 0),
	(79, 'tester76', 'doctor76', 'นพ.กฤชรัตน์ ตระกูลช่าง ', 'ed2b1f468c5f915f3f1cf75d7068baae', '1234', 'mml76@spam.la', 'CLINICIAN', 0),
	(80, 'tester77', 'doctor77', 'คุณพูนศักดิ์ จรูญศิริ ', 'ed2b1f468c5f915f3f1cf75d7068baae', '1234', 'mml77@spam.la', 'CLINICIAN', 0),
	(81, 'tester78', 'doctor78', 'นพ.สุนทร อันตรเสน ', 'ed2b1f468c5f915f3f1cf75d7068baae', '1234', 'mml78@spam.la', 'CLINICIAN', 0),
	(82, 'tester79', 'doctor79', 'นพ.ส่งเสริม พานิชาภรณ์ ', 'ed2b1f468c5f915f3f1cf75d7068baae', '1234', 'mml79@spam.la', 'CLINICIAN', 0),
	(83, 'clinician4', 'clinician4', 'นพ.สุธีร์ สทุมถิระ ', 'ed2b1f468c5f915f3f1cf75d7068baae', '1234', 'mml80@spam.la', 'CLINICIAN', 0),
	(84, 'clinician1', 'clinician1', 'นพ.บุญชัย อิศราพิสิษฐ์ ', 'ed2b1f468c5f915f3f1cf75d7068baae', '1234', 'mml81@spam.la', 'CLINICIAN', 0),
	(85, 'clinician3', 'clinician3', 'คุณวิโรจน์ อภิสิทธิ์วิทยา ', 'ed2b1f468c5f915f3f1cf75d7068baae', '1234', 'mml82@spam.la', 'CLINICIAN', 0),
	(86, 'clinician2', 'clinician2', 'นพ.ณรงค์ฤทธิ์ ฮาวรังษี ', 'ed2b1f468c5f915f3f1cf75d7068baae', '1234', 'mml83@spam.la', 'CLINICIAN', 0),
	(87, 'tester84', 'doctor84', 'นพ.กำพล พลัสสินทร์ ', 'ed2b1f468c5f915f3f1cf75d7068baae', '1234', 'mml84@spam.la', 'CLINICIAN', 0),
	(88, 'tester85', 'doctor85', 'นพ.กำพล พลัสสินทร์ ', 'ed2b1f468c5f915f3f1cf75d7068baae', '1234', 'mml85@spam.la', 'CLINICIAN', 0),
	(89, 'clinician89', 'doctor86', 'นพ.ยุทธนา สงวนศักดิ์โกศล ', 'ed2b1f468c5f915f3f1cf75d7068baae', '1234', 'mml86@spam.la', 'CLINICIAN', 0),
	(90, 'tester87', 'doctor87', 'นพ.ภาสกร รักษ์กุล ', 'ed2b1f468c5f915f3f1cf75d7068baae', '1234', 'mml87@spam.la', 'CLINICIAN', 0),
	(91, 'tester88', 'doctor88', 'นพ.อนันต์ อธิพันธุ์อำไพ ', 'ed2b1f468c5f915f3f1cf75d7068baae', '1234', 'mml88@spam.la', 'CLINICIAN', 0),
	(92, 'tester89', 'doctor89', 'นพ.นิคม ศิริชัย ', 'ed2b1f468c5f915f3f1cf75d7068baae', '1234', 'mml89@spam.la', 'CLINICIAN', 0),
	(93, 'tester90', 'doctor90', 'นพ.ต่อพงศ์ อัศวิษณุ ', 'ed2b1f468c5f915f3f1cf75d7068baae', '1234', 'mml90@spam.la', 'CLINICIAN', 0),
	(94, 'tester91', 'doctor91', 'นพ.พิพัฒน์ พงศ์รัตนามาน ', 'ed2b1f468c5f915f3f1cf75d7068baae', '1234', 'mml91@spam.la', 'CLINICIAN', 0),
	(95, 'tester92', 'doctor92', 'นพ.พิพัฒน์ พงศ์รัตนามาน ', 'ed2b1f468c5f915f3f1cf75d7068baae', '1234', 'mml92@spam.la', 'CLINICIAN', 0),
	(96, 'tester93', 'doctor93', 'คุณธนวัฒน์ ทวีชัยถาวร ', 'ed2b1f468c5f915f3f1cf75d7068baae', '1234', 'mml93@spam.la', 'CLINICIAN', 0),
	(97, 'tester94', 'doctor94', 'นพ.เขตโสภณ จัตวัฒนกุล ', 'ed2b1f468c5f915f3f1cf75d7068baae', '1234', 'mml94@spam.la', 'CLINICIAN', 0),
	(98, 'tester95', 'doctor95', 'นพ.โอภาส สินเพิ่มสุขสกุล ', 'ed2b1f468c5f915f3f1cf75d7068baae', '1234', 'mml95@spam.la', 'CLINICIAN', 0),
	(99, 'tester96', 'doctor96', 'นพ.ศิริพงษ์ วิทยเลิศปัญญา ', 'ed2b1f468c5f915f3f1cf75d7068baae', '1234', 'mml96@spam.la', 'CLINICIAN', 0),
	(100, 'tester97', 'doctor97', 'นพ.สุเทพ วัตถุศิลป์ ', 'ed2b1f468c5f915f3f1cf75d7068baae', '1234', 'mml97@spam.la', 'CLINICIAN', 0),
	(101, 'tester98', 'doctor98', 'นพ.พงษ์เทพ เลิศสุวรรณสิทธิ์ ', 'ed2b1f468c5f915f3f1cf75d7068baae', '1234', 'mml98@spam.la', 'CLINICIAN', 0),
	(102, 'tester99', 'doctor99', 'นพ.วราศักดิ์ ไกรฤกษ์ ', 'ed2b1f468c5f915f3f1cf75d7068baae', '1234', 'mml99@spam.la', 'CLINICIAN', 0),
	(103, 'tester100', 'doctor100', 'พญ.วรินทร อัศวนิก ', 'ed2b1f468c5f915f3f1cf75d7068baae', '1234', 'mml100@spam.la', 'CLINICIAN', 0),
	(104, 'tester101', 'doctor101', 'นพ.สมเจษฎ์ ไกรโรจนานันท์ ', 'ed2b1f468c5f915f3f1cf75d7068baae', '1234', 'mml101@spam.la', 'CLINICIAN', 0),
	(105, 'tester102', 'doctor102', 'นพ.พนม สนิทประชากร ', 'ed2b1f468c5f915f3f1cf75d7068baae', '1234', 'mml102@spam.la', 'CLINICIAN', 0),
	(106, 'tester103', 'doctor103', 'คุณไชยวัฒน์ วีระสมบัติ ', 'ed2b1f468c5f915f3f1cf75d7068baae', '1234', 'mml103@spam.la', 'CLINICIAN', 0),
	(107, 'tester104', 'doctor104', 'นพ.ประเจิด สุรีย์จามร ', 'ed2b1f468c5f915f3f1cf75d7068baae', '1234', 'mml104@spam.la', 'CLINICIAN', 0),
	(108, 'tester105', 'doctor105', 'นพ.วิวัฒน์ กิตติวัฒนโชติ ', 'ed2b1f468c5f915f3f1cf75d7068baae', '1234', 'mml105@spam.la', 'CLINICIAN', 0),
	(109, 'tester106', 'doctor106', 'นพ.สำเริง ศรีผุดผ่อง ', 'ed2b1f468c5f915f3f1cf75d7068baae', '1234', 'mml106@spam.la', 'CLINICIAN', 0),
	(110, 'tester107', 'doctor107', 'นพ.บุญชัย บุญแสง ', 'ed2b1f468c5f915f3f1cf75d7068baae', '1234', 'mml107@spam.la', 'CLINICIAN', 0),
	(111, 'tester108', 'doctor108', 'นพ.เมธ โชคชัยชาญ ', 'ed2b1f468c5f915f3f1cf75d7068baae', '1234', 'mml108@spam.la', 'CLINICIAN', 0),
	(112, 'tester109', 'doctor109', 'นพ.ทรงกิจ สุทธิกาญจน์ ', 'ed2b1f468c5f915f3f1cf75d7068baae', '1234', 'mml109@spam.la', 'CLINICIAN', 0),
	(113, 'tester110', 'doctor110', 'นพ.จารุวัฑ ใช้ความเพียร ', 'ed2b1f468c5f915f3f1cf75d7068baae', '1234', 'mml110@spam.la', 'CLINICIAN', 0),
	(114, 'tester111', 'doctor111', 'นพ.กำธร ศิริธัญญาลักษณ์ ', 'ed2b1f468c5f915f3f1cf75d7068baae', '1234', 'mml111@spam.la', 'CLINICIAN', 0),
	(115, 'tester112', 'doctor112', 'พญ.ชุติมา ปิ่นเจริญ ', 'ed2b1f468c5f915f3f1cf75d7068baae', '1234', 'mml112@spam.la', 'CLINICIAN', 0),
	(116, 'tester113', 'doctor113', 'นพ.การุณ พุทธภาวนา ', 'ed2b1f468c5f915f3f1cf75d7068baae', '1234', 'mml113@spam.la', 'CLINICIAN', 0),
	(117, 'tester114', 'doctor114', 'นพ.พิชิต กังวลกิจ ', 'ed2b1f468c5f915f3f1cf75d7068baae', '1234', 'mml114@spam.la', 'CLINICIAN', 0),
	(118, 'tester115', 'doctor115', 'พญ.วิมล สุรินทราบูรณ์ ', 'ed2b1f468c5f915f3f1cf75d7068baae', '1234', 'mml115@spam.la', 'CLINICIAN', 0),
	(119, 'tester116', 'doctor116', 'นพ.ธนาคม แมนธนานนท์ ', 'ed2b1f468c5f915f3f1cf75d7068baae', '1234', 'mml116@spam.la', 'CLINICIAN', 0),
	(120, 'tester117', 'doctor117', 'นพ.สมเกียรติ ธนไพศาลพิพัฒน์ ', 'ed2b1f468c5f915f3f1cf75d7068baae', '1234', 'mml117@spam.la', 'CLINICIAN', 0),
	(121, 'tester118', 'doctor118', 'คุณอุไรวรรณ เทพนมรัตน์ ', 'ed2b1f468c5f915f3f1cf75d7068baae', '1234', 'mml118@spam.la', 'CLINICIAN', 0),
	(122, 'tester119', 'doctor119', 'นพ.ชัยรัตน์ ปัณฑุรอัมพร ', 'ed2b1f468c5f915f3f1cf75d7068baae', '1234', 'mml119@spam.la', 'CLINICIAN', 0),
	(123, 'tester120', 'doctor120', 'ผศ.รังสรรค์ สุฉันทบุตร ', 'ed2b1f468c5f915f3f1cf75d7068baae', '1234', 'mml120@spam.la', 'CLINICIAN', 0),
	(124, 'tester121', 'doctor121', 'นพ.จรัล ใจแพทย์ ', 'ed2b1f468c5f915f3f1cf75d7068baae', '1234', 'mml121@spam.la', 'CLINICIAN', 0),
	(125, 'tester122', 'doctor122', 'นพ.สานิตย์ ชากฤษณ์ ', 'ed2b1f468c5f915f3f1cf75d7068baae', '1234', 'mml122@spam.la', 'CLINICIAN', 0),
	(126, 'tester123', 'doctor123', 'พญ.สุดจิต ลิขสิทธิ์ศุภการ ', 'ed2b1f468c5f915f3f1cf75d7068baae', '1234', 'mml123@spam.la', 'CLINICIAN', 0),
	(127, 'tester124', 'doctor124', 'นพ.นิยม สลิสอำไพ ', 'ed2b1f468c5f915f3f1cf75d7068baae', '1234', 'mml124@spam.la', 'CLINICIAN', 0),
	(128, 'tester125', 'doctor125', 'นพ.กริช สัตยบุตร ', 'ed2b1f468c5f915f3f1cf75d7068baae', '1234', 'mml125@spam.la', 'CLINICIAN', 0),
	(129, 'tester126', 'doctor126', 'นพ.วิโรจน์ ดิเรกสถาพร ', 'ed2b1f468c5f915f3f1cf75d7068baae', '1234', 'mml126@spam.la', 'CLINICIAN', 0),
	(130, 'tester127', 'doctor127', 'นพ.วรวิทย์ วัชโรทยางกูร ', 'ed2b1f468c5f915f3f1cf75d7068baae', '1234', 'mml127@spam.la', 'CLINICIAN', 0),
	(131, 'tester128', 'doctor128', 'นพ.จรัสพงษ์ ทังสุบุตร ', 'ed2b1f468c5f915f3f1cf75d7068baae', '1234', 'mml128@spam.la', 'CLINICIAN', 0),
	(132, 'tester129', 'doctor129', 'นพ.ทรงชัย ศรีโรจนกุล ', 'ed2b1f468c5f915f3f1cf75d7068baae', '1234', 'mml129@spam.la', 'CLINICIAN', 0),
	(133, 'tester130', 'doctor130', 'นพ.เอกลาภ ทองบริสุทธิ์ ', 'ed2b1f468c5f915f3f1cf75d7068baae', '1234', 'mml130@spam.la', 'CLINICIAN', 0),
	(134, 'tester131', 'doctor131', 'ภญ.รพีพร กิตติวงศ์โสภณ ', 'ed2b1f468c5f915f3f1cf75d7068baae', '1234', 'mml131@spam.la', 'CLINICIAN', 0),
	(135, 'tester132', 'doctor132', 'นพ.สัมฤทธิ์ สินธัญญาธรรม ', 'ed2b1f468c5f915f3f1cf75d7068baae', '1234', 'mml132@spam.la', 'CLINICIAN', 0),
	(136, 'tester133', 'doctor133', 'คุณจิรวัฒน์ สุจิรานุธรรม ', 'ed2b1f468c5f915f3f1cf75d7068baae', '1234', 'mml133@spam.la', 'CLINICIAN', 0),
	(137, 'tester134', 'doctor134', 'นพ.ประสงค์ ประภาวงศ์ ', 'ed2b1f468c5f915f3f1cf75d7068baae', '1234', 'mml134@spam.la', 'CLINICIAN', 0),
	(138, 'tester135', 'doctor135', 'นพ.กมิล ปั้นประสงค์ ', 'ed2b1f468c5f915f3f1cf75d7068baae', '1234', 'mml135@spam.la', 'CLINICIAN', 0),
	(139, 'tester136', 'doctor136', 'พญ.สุวรรณา ชูพิศาลยโรจน์ ', 'ed2b1f468c5f915f3f1cf75d7068baae', '1234', 'mml136@spam.la', 'CLINICIAN', 0),
	(140, 'tester137', 'doctor137', 'นพ.อิทธิ ฉันศิริกาญจน ', 'ed2b1f468c5f915f3f1cf75d7068baae', '1234', 'mml137@spam.la', 'CLINICIAN', 0),
	(141, 'tester138', 'doctor138', 'พญ.ดาวัลย์ อนุวุฒินาวิน ', 'ed2b1f468c5f915f3f1cf75d7068baae', '1234', 'mml138@spam.la', 'CLINICIAN', 0),
	(142, 'tester139', 'doctor139', 'นพ.พงษ์ศักดิ์ วัฒนา ', 'ed2b1f468c5f915f3f1cf75d7068baae', '1234', 'mml139@spam.la', 'CLINICIAN', 0),
	(143, 'tester140', 'doctor140', 'พญ.สายสุนี วรรณดุรงค์วรรณ ', 'ed2b1f468c5f915f3f1cf75d7068baae', '1234', 'mml140@spam.la', 'CLINICIAN', 0),
	(144, 'tester141', 'doctor141', 'นพ.เกรียงไกร จีระแพทย์ ', 'ed2b1f468c5f915f3f1cf75d7068baae', '1234', 'mml141@spam.la', 'CLINICIAN', 0),
	(145, 'tester142', 'doctor142', 'นพ.โกวิท คำพิทักษ์ ', 'ed2b1f468c5f915f3f1cf75d7068baae', '1234', 'mml142@spam.la', 'CLINICIAN', 0),
	(146, 'tester143', 'doctor143', 'นพ.ประณีต สงวนตระกูล ', 'ed2b1f468c5f915f3f1cf75d7068baae', '1234', 'mml143@spam.la', 'CLINICIAN', 0),
	(147, 'tester144', 'doctor144', 'นพ.ธนรัชต์ สมุทรเพชร ', 'ed2b1f468c5f915f3f1cf75d7068baae', '1234', 'mml144@spam.la', 'CLINICIAN', 0),
	(148, 'tester145', 'doctor145', 'นพ.บรรพต พึ่งชัยพัฒน์ ', 'ed2b1f468c5f915f3f1cf75d7068baae', '1234', 'mml145@spam.la', 'CLINICIAN', 0),
	(149, 'tester146', 'doctor146', 'นพ.วรพงษ์ ศักดิ์ศิรินุกูล ', 'ed2b1f468c5f915f3f1cf75d7068baae', '1234', 'mml146@spam.la', 'CLINICIAN', 0),
	(150, 'tester147', 'doctor147', 'นพ.อิสระ อริยะชัยพาณิชย์ ', 'ed2b1f468c5f915f3f1cf75d7068baae', '1234', 'mml147@spam.la', 'CLINICIAN', 0),
	(151, 'tester148', 'doctor148', 'นพ.ธีรวัฒน์ ร่มไทรทอง ', 'ed2b1f468c5f915f3f1cf75d7068baae', '1234', 'mml148@spam.la', 'CLINICIAN', 0),
	(152, 'tester149', 'doctor149', 'นพ.สมชาย กิตติพงษ์หรรษา ', 'ed2b1f468c5f915f3f1cf75d7068baae', '1234', 'mml149@spam.la', 'CLINICIAN', 0),
	(153, 'tester150', 'doctor150', 'นพ.ธีระวัฒน์ ศรีนัครินทร์ ', 'ed2b1f468c5f915f3f1cf75d7068baae', '1234', 'mml150@spam.la', 'CLINICIAN', 0),
	(154, 'tester151', 'doctor151', 'คุณอนัญพร พูลนิติพร ', 'ed2b1f468c5f915f3f1cf75d7068baae', '1234', 'mml151@spam.la', 'CLINICIAN', 0),
	(155, 'tester152', 'doctor152', 'นพ.บุญชัย จิตตนาสวัสดิ์ ', 'ed2b1f468c5f915f3f1cf75d7068baae', '1234', 'mml152@spam.la', 'CLINICIAN', 0),
	(156, 'tester153', 'doctor153', 'คุณสมคิด ปิยะธรรมวุฒิกุล ', 'ed2b1f468c5f915f3f1cf75d7068baae', '1234', 'mml153@spam.la', 'CLINICIAN', 0),
	(157, 'tester154', 'doctor154', 'พญ.ศุภวรรณ ตั้งสืบกุล ', 'ed2b1f468c5f915f3f1cf75d7068baae', '1234', 'mml154@spam.la', 'CLINICIAN', 0),
	(158, 'tester155', 'doctor155', 'นพ.ปัญญา อยู่ประเสริฐ ', 'ed2b1f468c5f915f3f1cf75d7068baae', '1234', 'mml155@spam.la', 'CLINICIAN', 0),
	(159, 'tester156', 'doctor156', 'คุณวิเชียร ชมดง ', 'ed2b1f468c5f915f3f1cf75d7068baae', '1234', 'mml156@spam.la', 'CLINICIAN', 0),
	(160, 'tester157', 'doctor157', 'นพ.ธีระยุทธ นิยากูล ', 'ed2b1f468c5f915f3f1cf75d7068baae', '1234', 'mml157@spam.la', 'CLINICIAN', 0),
	(161, 'tester158', 'doctor158', 'นพ.หาญ สุฉันทบุตร ', 'ed2b1f468c5f915f3f1cf75d7068baae', '1234', 'mml158@spam.la', 'CLINICIAN', 0),
	(162, 'tester159', 'doctor159', 'นพ.หาญ สุฉันทบุตร ', 'ed2b1f468c5f915f3f1cf75d7068baae', '1234', 'mml159@spam.la', 'CLINICIAN', 0),
	(163, 'tester160', 'doctor160', 'พญ.กฤษณา โฆษิตจิรนันท์ ', 'ed2b1f468c5f915f3f1cf75d7068baae', '1234', 'mml160@spam.la', 'CLINICIAN', 0),
	(164, 'tester161', 'doctor161', 'ภก.สมพร จึงศิรกุลวิทย์ ', 'ed2b1f468c5f915f3f1cf75d7068baae', '1234', 'mml161@spam.la', 'CLINICIAN', 0),
	(165, 'tester162', 'doctor162', 'นพ.สุรชัย สุพันธมาตย์ ', 'ed2b1f468c5f915f3f1cf75d7068baae', '1234', 'mml162@spam.la', 'CLINICIAN', 0),
	(166, 'tester163', 'doctor163', 'นพ.นภดล ลุประสงค์ ', 'ed2b1f468c5f915f3f1cf75d7068baae', '1234', 'mml163@spam.la', 'CLINICIAN', 0),
	(167, 'tester164', 'doctor164', 'นพ.กิตติ ตั้งบรรเจิดสุข ', 'ed2b1f468c5f915f3f1cf75d7068baae', '1234', 'mml164@spam.la', 'CLINICIAN', 0),
	(168, 'tester165', 'doctor165', 'นพ.ชวลิต วิมลเฉลา ', 'ed2b1f468c5f915f3f1cf75d7068baae', '1234', 'mml165@spam.la', 'CLINICIAN', 0),
	(169, 'tester166', 'doctor166', 'นพ.วิสิทธิ์ อวิรุทธ์นันท์ ', 'ed2b1f468c5f915f3f1cf75d7068baae', '1234', 'mml166@spam.la', 'CLINICIAN', 0),
	(170, 'tester167', 'doctor167', 'นพ.พรชัย สัตยาประเสริฐ ', 'ed2b1f468c5f915f3f1cf75d7068baae', '1234', 'mml167@spam.la', 'CLINICIAN', 0),
	(171, 'tester168', 'doctor168', 'พญ.สุรางค์รัตน์ วรรธนภูติ ', 'ed2b1f468c5f915f3f1cf75d7068baae', '1234', 'mml168@spam.la', 'CLINICIAN', 0),
	(172, 'tester169', 'doctor169', 'นพ.สุชาติ กุละพัฒน์ ', 'ed2b1f468c5f915f3f1cf75d7068baae', '1234', 'mml169@spam.la', 'CLINICIAN', 0),
	(173, 'tester170', 'doctor170', 'นพ.พจนารถ จันทโรจวงศ์ ', 'ed2b1f468c5f915f3f1cf75d7068baae', '1234', 'mml170@spam.la', 'CLINICIAN', 0),
	(174, 'tester171', 'doctor171', 'คุณบุญเลิศ คำนึงสิทธิ ', 'ed2b1f468c5f915f3f1cf75d7068baae', '1234', 'mml171@spam.la', 'CLINICIAN', 0),
	(175, 'tester172', 'doctor172', 'นพ.เสริมสุข เหลาหชัยอรุณ ', 'ed2b1f468c5f915f3f1cf75d7068baae', '1234', 'mml172@spam.la', 'CLINICIAN', 0),
	(176, 'tester173', 'doctor173', 'นพ.สุเทพ นิ่มพิทักษ์พงศ์ ', 'ed2b1f468c5f915f3f1cf75d7068baae', '1234', 'mml173@spam.la', 'CLINICIAN', 0),
	(177, 'tester174', 'doctor174', 'นพ.พีระเชษฐ์ ภู่เกียรติ ', 'ed2b1f468c5f915f3f1cf75d7068baae', '1234', 'mml174@spam.la', 'CLINICIAN', 0),
	(178, 'tester175', 'doctor175', 'นพ.อุดม วาริทนันท์ ', 'ed2b1f468c5f915f3f1cf75d7068baae', '1234', 'mml175@spam.la', 'CLINICIAN', 0),
	(179, 'tester176', 'doctor176', 'นพ.ยงยศ จริยวิทยาวัฒน์ ', 'ed2b1f468c5f915f3f1cf75d7068baae', '1234', 'mml176@spam.la', 'CLINICIAN', 0),
	(180, 'tester177', 'doctor177', 'นพ.พิเชษฐ์ อิศวสัมฤทธิ์ ', 'ed2b1f468c5f915f3f1cf75d7068baae', '1234', 'mml177@spam.la', 'CLINICIAN', 0),
	(181, 'tester178', 'doctor178', 'ทพ.ประจวบ จันทรคิด ', 'ed2b1f468c5f915f3f1cf75d7068baae', '1234', 'mml178@spam.la', 'CLINICIAN', 0),
	(182, 'tester179', 'doctor179', 'นพ.สถาปน์ ชินวงศ์ ', 'ed2b1f468c5f915f3f1cf75d7068baae', '1234', 'mml179@spam.la', 'CLINICIAN', 0),
	(183, 'tester180', 'doctor180', 'นพ.วรชัย วงศ์วรกุล ', 'ed2b1f468c5f915f3f1cf75d7068baae', '1234', 'mml180@spam.la', 'CLINICIAN', 0),
	(184, 'tester181', 'doctor181', 'นพ.สมชัย ตั้งพร้อมพันธ์ ', 'ed2b1f468c5f915f3f1cf75d7068baae', '1234', 'mml181@spam.la', 'CLINICIAN', 0),
	(185, 'tester182', 'doctor182', 'นพ.วิฑูรย์ ยงเมธาวุฒิ ', 'ed2b1f468c5f915f3f1cf75d7068baae', '1234', 'mml182@spam.la', 'CLINICIAN', 0),
	(186, 'tester183', 'doctor183', 'นพ.อำนวย ชิงชยานุรักษ์ ', 'ed2b1f468c5f915f3f1cf75d7068baae', '1234', 'mml183@spam.la', 'CLINICIAN', 0),
	(187, 'tester184', 'doctor184', 'นพ.ศยาม เวศกิจกุล ', 'ed2b1f468c5f915f3f1cf75d7068baae', '1234', 'mml184@spam.la', 'CLINICIAN', 0),
	(188, 'tester185', 'doctor185', 'นพ.วรพันธ์ อุณจักร ', 'ed2b1f468c5f915f3f1cf75d7068baae', '1234', 'mml185@spam.la', 'CLINICIAN', 0),
	(189, 'tester186', 'doctor186', 'คุณวรัญญา เลี้ยงลักษณ์เลิศ ', 'ed2b1f468c5f915f3f1cf75d7068baae', '1234', 'mml186@spam.la', 'CLINICIAN', 0),
	(190, 'tester187', 'doctor187', 'นพ.วรพันธ์ อุณจักร ', 'ed2b1f468c5f915f3f1cf75d7068baae', '1234', 'mml187@spam.la', 'CLINICIAN', 0),
	(191, 'tester188', 'doctor188', 'tนพ.อดุล วรินทรเวช ', 'ed2b1f468c5f915f3f1cf75d7068baae', '1234', 'mml188@spam.la', 'CLINICIAN', 0),
	(192, 'tester189', 'doctor189', 'นพ.สมชาย อบบุญ ', 'ed2b1f468c5f915f3f1cf75d7068baae', '1234', 'mml189@spam.la', 'CLINICIAN', 0),
	(193, 'tester190', 'doctor190', 'นพ.สุมิน พฤกษิกานนท์ ', 'ed2b1f468c5f915f3f1cf75d7068baae', '1234', 'mml190@spam.la', 'CLINICIAN', 0),
	(194, 'tester191', 'doctor191', 'ศ.นพ.ชาลี พรพัฒน์กุล ', 'ed2b1f468c5f915f3f1cf75d7068baae', '1234', 'mml191@spam.la', 'CLINICIAN', 0),
	(195, 'tester192', 'doctor192', 'นพ.ดุสิต ศรีสกุล ', 'ed2b1f468c5f915f3f1cf75d7068baae', '1234', 'mml192@spam.la', 'CLINICIAN', 0),
	(196, 'tester193', 'doctor193', 'นพ.ฐานิสร์ กาญจนรัตนากร ', 'ed2b1f468c5f915f3f1cf75d7068baae', '1234', 'mml193@spam.la', 'CLINICIAN', 0),
	(197, 'tester194', 'doctor194', 'นพ.บุญจง ชูชัยแสงรัตน์ ', 'ed2b1f468c5f915f3f1cf75d7068baae', '1234', 'mml194@spam.la', 'CLINICIAN', 0),
	(198, 'tester195', 'doctor195', 'นพ.วัชระ สนธิชัย ', 'ed2b1f468c5f915f3f1cf75d7068baae', '1234', 'mml195@spam.la', 'CLINICIAN', 0),
	(199, 'tester196', 'doctor196', 'นพ.ประสิทธิ์ วิรัชสุขสมบัติ ', 'ed2b1f468c5f915f3f1cf75d7068baae', '1234', 'mml196@spam.la', 'CLINICIAN', 0),
	(200, 'tester197', 'doctor197', 'นพ.ปรีชา มิตรกูล ', 'ed2b1f468c5f915f3f1cf75d7068baae', '1234', 'mml197@spam.la', 'CLINICIAN', 0),
	(201, 'tester198', 'doctor198', 'นพ.พรชัย ลีานิพนธ์ ', 'ed2b1f468c5f915f3f1cf75d7068baae', '1234', 'mml198@spam.la', 'CLINICIAN', 0),
	(202, 'tester199', 'doctor199', 'นพ.วิเชียร วิชานศวกุล ', 'ed2b1f468c5f915f3f1cf75d7068baae', '1234', 'mml199@spam.la', 'CLINICIAN', 0),
	(203, 'tester200', 'doctor200', 'พญ.กษมาพร เที่ยงธรรม ', 'ed2b1f468c5f915f3f1cf75d7068baae', '1234', 'mml200@spam.la', 'CLINICIAN', 0),
	(204, 'tester201', 'doctor201', 'นพ.ก้องเกียรติ เกษเพ็ชร ', 'ed2b1f468c5f915f3f1cf75d7068baae', '1234', 'mml201@spam.la', 'CLINICIAN', 0),
	(205, 'tester202', 'doctor202', 'นพ.อนุโรจน์ ธารสิริโรจน์ ', 'ed2b1f468c5f915f3f1cf75d7068baae', '1234', 'mml202@spam.la', 'CLINICIAN', 0),
	(206, 'tester203', 'doctor203', 'นพ.บรรจบ มานะกุล ', 'ed2b1f468c5f915f3f1cf75d7068baae', '1234', 'mml203@spam.la', 'CLINICIAN', 0),
	(207, 'tester204', 'doctor204', 'คุณกริชพงศ์ เค้าอุทัย ', 'ed2b1f468c5f915f3f1cf75d7068baae', '1234', 'mml204@spam.la', 'CLINICIAN', 0),
	(208, 'tester205', 'doctor205', 'นพ.ชุมโชค จันทร์วิเมลือง ', 'ed2b1f468c5f915f3f1cf75d7068baae', '1234', 'mml205@spam.la', 'CLINICIAN', 0),
	(209, 'tester206', 'doctor206', 'นพ.สมชัย เจียรนัยศิลป์ ', 'ed2b1f468c5f915f3f1cf75d7068baae', '1234', 'mml206@spam.la', 'CLINICIAN', 0),
	(210, 'tester207', 'doctor207', 'นพ.วิศิษฐ์ อมรวิทยารักษ์ ', 'ed2b1f468c5f915f3f1cf75d7068baae', '1234', 'mml207@spam.la', 'CLINICIAN', 0),
	(211, 'tester208', 'doctor208', 'พญ.ศศินี โภคโต ', 'ed2b1f468c5f915f3f1cf75d7068baae', '1234', 'mml208@spam.la', 'CLINICIAN', 0),
	(212, 'tester209', 'doctor209', 'นพ.ณรงค์ฤทธิ์ ฮาวรังษี ', 'ed2b1f468c5f915f3f1cf75d7068baae', '1234', 'mml209@spam.la', 'CLINICIAN', 0),
	(213, 'tester210', 'doctor210', 'นพ.จำลอง บ่อเกิด ', 'ed2b1f468c5f915f3f1cf75d7068baae', '1234', 'mml210@spam.la', 'CLINICIAN', 0),
	(214, 'tester211', 'doctor211', 'คุณปิยพล ศรียะพันธุ์ ', 'ed2b1f468c5f915f3f1cf75d7068baae', '1234', 'mml211@spam.la', 'CLINICIAN', 0),
	(215, 'tester212', 'doctor212', 'นพ.อาคเนย์ สุขอยู่ ', 'ed2b1f468c5f915f3f1cf75d7068baae', '1234', 'mml212@spam.la', 'CLINICIAN', 0),
	(216, 'chayapan', 'chayapan', 'chayapan khannabha', '1234', '1234', 'chayapan@gmail.com', 'CLINICIAN', 0);
/*!40000 ALTER TABLE `users` ENABLE KEYS */;


# Dumping structure for table mml.user_customer
DROP TABLE IF EXISTS `user_customer`;
CREATE TABLE IF NOT EXISTS `user_customer` (
  `user_id` bigint(11) DEFAULT NULL,
  `customer_id` bigint(11) DEFAULT NULL,
  `role` varchar(10) DEFAULT NULL,
  KEY `customer_users` (`user_id`),
  KEY `user_customer_id` (`customer_id`)
) ENGINE=MyISAM DEFAULT CHARSET=utf8;

# Dumping data for table mml.user_customer: 222 rows
/*!40000 ALTER TABLE `user_customer` DISABLE KEYS */;
INSERT INTO `user_customer` (`user_id`, `customer_id`, `role`) VALUES
	(4, 12, 'OWNER'),
	(5, 13, 'OWNER'),
	(6, 14, 'OWNER'),
	(7, 15, 'OWNER'),
	(8, 16, 'OWNER'),
	(9, 17, 'OWNER'),
	(10, 18, 'OWNER'),
	(11, 19, 'OWNER'),
	(12, 20, 'OWNER'),
	(13, 21, 'OWNER'),
	(14, 22, 'OWNER'),
	(15, 23, 'OWNER'),
	(16, 24, 'OWNER'),
	(17, 25, 'OWNER'),
	(18, 26, 'OWNER'),
	(19, 27, 'OWNER'),
	(20, 28, 'OWNER'),
	(21, 29, 'OWNER'),
	(22, 30, 'OWNER'),
	(23, 31, 'OWNER'),
	(24, 32, 'OWNER'),
	(25, 33, 'OWNER'),
	(26, 34, 'OWNER'),
	(27, 35, 'OWNER'),
	(28, 36, 'OWNER'),
	(29, 37, 'OWNER'),
	(30, 38, 'OWNER'),
	(31, 39, 'OWNER'),
	(32, 40, 'OWNER'),
	(33, 41, 'OWNER'),
	(34, 42, 'OWNER'),
	(35, 43, 'OWNER'),
	(36, 44, 'OWNER'),
	(37, 45, 'OWNER'),
	(38, 46, 'OWNER'),
	(39, 47, 'OWNER'),
	(40, 48, 'OWNER'),
	(41, 49, 'OWNER'),
	(42, 50, 'OWNER'),
	(43, 51, 'OWNER'),
	(44, 52, 'OWNER'),
	(45, 53, 'OWNER'),
	(46, 54, 'OWNER'),
	(47, 55, 'OWNER'),
	(48, 56, 'OWNER'),
	(49, 57, 'OWNER'),
	(50, 58, 'OWNER'),
	(51, 59, 'OWNER'),
	(52, 60, 'OWNER'),
	(53, 61, 'OWNER'),
	(54, 62, 'OWNER'),
	(55, 63, 'OWNER'),
	(56, 64, 'OWNER'),
	(57, 65, 'OWNER'),
	(58, 66, 'OWNER'),
	(59, 67, 'OWNER'),
	(60, 68, 'OWNER'),
	(61, 69, 'OWNER'),
	(62, 70, 'OWNER'),
	(63, 71, 'OWNER'),
	(64, 72, 'OWNER'),
	(65, 73, 'OWNER'),
	(66, 74, 'OWNER'),
	(67, 75, 'OWNER'),
	(68, 76, 'OWNER'),
	(69, 77, 'OWNER'),
	(70, 78, 'OWNER'),
	(71, 79, 'OWNER'),
	(72, 80, 'OWNER'),
	(73, 81, 'OWNER'),
	(74, 82, 'OWNER'),
	(75, 83, 'OWNER'),
	(76, 84, 'OWNER'),
	(77, 85, 'OWNER'),
	(78, 86, 'OWNER'),
	(79, 87, 'OWNER'),
	(80, 88, 'OWNER'),
	(81, 89, 'OWNER'),
	(82, 90, 'OWNER'),
	(83, 91, 'OWNER'),
	(84, 92, 'OWNER'),
	(85, 93, 'OWNER'),
	(86, 94, 'OWNER'),
	(86, 95, 'OWNER'),
	(87, 96, 'OWNER'),
	(87, 97, 'OWNER'),
	(88, 98, 'OWNER'),
	(88, 99, 'OWNER'),
	(89, 100, 'OWNER'),
	(90, 101, 'OWNER'),
	(91, 102, 'OWNER'),
	(92, 103, 'OWNER'),
	(93, 104, 'OWNER'),
	(94, 105, 'OWNER'),
	(94, 106, 'OWNER'),
	(95, 107, 'OWNER'),
	(95, 108, 'OWNER'),
	(96, 109, 'OWNER'),
	(97, 110, 'OWNER'),
	(98, 111, 'OWNER'),
	(99, 112, 'OWNER'),
	(100, 113, 'OWNER'),
	(101, 114, 'OWNER'),
	(102, 115, 'OWNER'),
	(103, 116, 'OWNER'),
	(104, 117, 'OWNER'),
	(105, 118, 'OWNER'),
	(106, 119, 'OWNER'),
	(107, 120, 'OWNER'),
	(108, 121, 'OWNER'),
	(109, 122, 'OWNER'),
	(110, 123, 'OWNER'),
	(111, 124, 'OWNER'),
	(112, 125, 'OWNER'),
	(113, 126, 'OWNER'),
	(114, 127, 'OWNER'),
	(115, 128, 'OWNER'),
	(116, 129, 'OWNER'),
	(117, 130, 'OWNER'),
	(118, 131, 'OWNER'),
	(119, 132, 'OWNER'),
	(120, 133, 'OWNER'),
	(121, 134, 'OWNER'),
	(122, 135, 'OWNER'),
	(123, 136, 'OWNER'),
	(124, 137, 'OWNER'),
	(125, 138, 'OWNER'),
	(126, 139, 'OWNER'),
	(127, 140, 'OWNER'),
	(128, 141, 'OWNER'),
	(129, 142, 'OWNER'),
	(130, 143, 'OWNER'),
	(131, 144, 'OWNER'),
	(132, 145, 'OWNER'),
	(133, 146, 'OWNER'),
	(134, 147, 'OWNER'),
	(135, 148, 'OWNER'),
	(136, 149, 'OWNER'),
	(137, 150, 'OWNER'),
	(138, 151, 'OWNER'),
	(139, 152, 'OWNER'),
	(140, 153, 'OWNER'),
	(141, 154, 'OWNER'),
	(142, 155, 'OWNER'),
	(143, 156, 'OWNER'),
	(144, 157, 'OWNER'),
	(145, 158, 'OWNER'),
	(146, 159, 'OWNER'),
	(147, 160, 'OWNER'),
	(148, 161, 'OWNER'),
	(149, 162, 'OWNER'),
	(150, 163, 'OWNER'),
	(151, 164, 'OWNER'),
	(152, 165, 'OWNER'),
	(153, 166, 'OWNER'),
	(154, 167, 'OWNER'),
	(155, 168, 'OWNER'),
	(156, 169, 'OWNER'),
	(157, 170, 'OWNER'),
	(158, 171, 'OWNER'),
	(159, 172, 'OWNER'),
	(160, 173, 'OWNER'),
	(161, 174, 'OWNER'),
	(161, 175, 'OWNER'),
	(162, 176, 'OWNER'),
	(162, 177, 'OWNER'),
	(163, 178, 'OWNER'),
	(164, 179, 'OWNER'),
	(165, 180, 'OWNER'),
	(166, 181, 'OWNER'),
	(167, 182, 'OWNER'),
	(168, 183, 'OWNER'),
	(169, 184, 'OWNER'),
	(170, 185, 'OWNER'),
	(171, 186, 'OWNER'),
	(172, 187, 'OWNER'),
	(173, 188, 'OWNER'),
	(174, 189, 'OWNER'),
	(175, 190, 'OWNER'),
	(176, 191, 'OWNER'),
	(177, 192, 'OWNER'),
	(178, 193, 'OWNER'),
	(179, 194, 'OWNER'),
	(180, 195, 'OWNER'),
	(181, 196, 'OWNER'),
	(182, 197, 'OWNER'),
	(183, 198, 'OWNER'),
	(184, 199, 'OWNER'),
	(185, 200, 'OWNER'),
	(186, 201, 'OWNER'),
	(187, 202, 'OWNER'),
	(188, 203, 'OWNER'),
	(188, 204, 'OWNER'),
	(189, 205, 'OWNER'),
	(190, 206, 'OWNER'),
	(190, 207, 'OWNER'),
	(191, 208, 'OWNER'),
	(192, 209, 'OWNER'),
	(193, 210, 'OWNER'),
	(194, 211, 'OWNER'),
	(195, 212, 'OWNER'),
	(196, 213, 'OWNER'),
	(197, 214, 'OWNER'),
	(198, 215, 'OWNER'),
	(199, 216, 'OWNER'),
	(200, 217, 'OWNER'),
	(201, 218, 'OWNER'),
	(202, 219, 'OWNER'),
	(203, 220, 'OWNER'),
	(204, 221, 'OWNER'),
	(205, 222, 'OWNER'),
	(206, 223, 'OWNER'),
	(207, 224, 'OWNER'),
	(208, 225, 'OWNER'),
	(209, 226, 'OWNER'),
	(210, 227, 'OWNER'),
	(211, 228, 'OWNER'),
	(212, 229, 'OWNER'),
	(212, 230, 'OWNER'),
	(213, 231, 'OWNER'),
	(214, 232, 'OWNER'),
	(215, 233, 'OWNER');
/*!40000 ALTER TABLE `user_customer` ENABLE KEYS */;


# Dumping structure for table mml.user_logs
DROP TABLE IF EXISTS `user_logs`;
CREATE TABLE IF NOT EXISTS `user_logs` (
  `updated` timestamp NULL DEFAULT CURRENT_TIMESTAMP,
  `user_id` bigint(11) NOT NULL,
  `category` varchar(45) DEFAULT NULL,
  `msg` varchar(500) DEFAULT NULL,
  KEY `logs_user` (`user_id`)
) ENGINE=MyISAM DEFAULT CHARSET=utf8 COMMENT='log user activity';

# Dumping data for table mml.user_logs: 11 rows
/*!40000 ALTER TABLE `user_logs` DISABLE KEYS */;
INSERT INTO `user_logs` (`updated`, `user_id`, `category`, `msg`) VALUES
	('2011-09-01 22:17:34', 1, 'DELETE_PRODUCT', 'product id 33 deleted by user 1'),
	('2011-09-01 22:50:52', 1, 'PRODUCT_UPDATE', 'product id 38 created by user 1'),
	('2011-09-01 22:51:29', 1, 'PRODUCT_UPDATE', 'product id 37 deleted by user 1'),
	('2011-09-01 22:51:36', 1, 'PRODUCT_UPDATE', 'product id 38 deleted by user 1'),
	('2011-09-01 22:51:43', 1, 'PRODUCT_UPDATE', 'product id 36 deleted by user 1'),
	('2011-09-01 23:38:52', 1, 'PRODUCT_UPDATE', 'product id 1 updated by user 1'),
	('2011-09-19 22:41:18', 1, 'PRODUCT_UPDATE', 'product id 1 updated by user 1'),
	('2011-09-19 22:47:29', 1, 'PRODUCT_UPDATE', 'product id 5 updated by user 1'),
	('2011-09-19 22:51:33', 1, 'PRODUCT_UPDATE', 'product id 1 updated by user 1'),
	('2011-09-19 22:57:04', 1, 'PRODUCT_UPDATE', 'product id 1 updated by user 1'),
	('2011-09-26 21:39:12', 1, 'PRODUCT_UPDATE', 'product id 1 deleted by user 1');
/*!40000 ALTER TABLE `user_logs` ENABLE KEYS */;


# Dumping structure for table mml.user_pin
DROP TABLE IF EXISTS `user_pin`;
CREATE TABLE IF NOT EXISTS `user_pin` (
  `id` bigint(11) NOT NULL AUTO_INCREMENT,
  `user_id` bigint(11) NOT NULL,
  `pin` varchar(4) NOT NULL,
  PRIMARY KEY (`id`),
  UNIQUE KEY `pin` (`pin`)
) ENGINE=MyISAM AUTO_INCREMENT=4 DEFAULT CHARSET=utf8;

# Dumping data for table mml.user_pin: 3 rows
/*!40000 ALTER TABLE `user_pin` DISABLE KEYS */;
INSERT INTO `user_pin` (`id`, `user_id`, `pin`) VALUES
	(1, 12, '0123'),
	(2, 1, '8888'),
	(3, 0, '04');
/*!40000 ALTER TABLE `user_pin` ENABLE KEYS */;
/*!40101 SET SQL_MODE=@OLD_SQL_MODE */;
/*!40014 SET FOREIGN_KEY_CHECKS=@OLD_FOREIGN_KEY_CHECKS */;
/*!40101 SET CHARACTER_SET_CLIENT=@OLD_CHARACTER_SET_CLIENT */;
